From,To,Length,Cost,Var
1,49,921.0410139,187.34794,1519.907086
1,65,1179.207157,63.68760446,405.5888748
1,17,620.9053755,88.31140328,158.2556082
2,1289,467.5522935,104.5802632,394.4493451
2,312,730.2875808,84.16722179,220.775614
3,19,1343.253385,94.29624114,417.0823216
3,50,3962.074577,288.4605838,14257.4199
3,35,2157.007237,363.9630096,6794.358079
3,67,2847.913944,200.3312687,2998.239927
4,743,768.4620807,331.028979,2478.703897
4,128,4181.143453,86.44554984,272.2559832
4,20,1538.935186,93.68585448,804.6753383
4,52,2662.134322,601.4050075,108303.194
5,409,443.815225,77.57087848,200.1307726
5,656,121.2443022,32.22337723,59.51013006
6,196,124.7648613,25.44020516,35.14853692
6,621,121.1557126,28.71219829,82.47562393
7,902,180.6695447,16.19471368,15.36210412
7,727,150.5741881,16.17086451,4.975828942
8,212,524.5509497,56.40803402,194.9908815
8,423,674.1569701,53.87989858,153.982277
8,367,521.0576293,61.67457897,543.5305806
8,342,501.773329,78.92025535,480.3116061
9,917,219.1141492,47.44704275,169.0007907
9,889,397.8707718,70.5380046,322.1671773
9,488,262.0547376,43.42740914,85.32784592
10,1768,142.7229606,32.90744178,100.2312838
10,1473,295.7785775,27.77922026,43.67842482
10,1674,231.7111229,76.40000449,323.5205005
11,1654,314.7466556,63.92745754,249.73969
11,793,301.3254122,50.90304022,114.3414329
11,1066,393.3975505,55.19293631,223.6159233
12,216,278.1529173,28.93803602,109.2813808
12,581,239.1655126,33.79149796,38.77529694
13,29,531.5645307,57.13432278,328.3227965
13,384,272.1300849,181.405948,6597.412087
13,91,1229.628076,36.22467145,133.9255899
14,794,430.2623322,36.31705139,99.98393557
14,739,320.8957553,51.22063202,163.6723344
14,204,321.9945508,46.74280183,117.0204693
15,1217,906.1380717,38.44304209,80.60675977
15,764,518.9610531,63.27335598,186.1198944
15,610,436.5838356,72.74191974,439.5465783
16,337,1119.4482,61.63851021,508.8540866
16,311,370.0824554,30.16584299,29.00299828
16,164,503.3719165,119.150437,583.2460025
17,81,921.0410139,96.40483091,607.9226464
17,179,964.822029,142.01545,399.9248501
18,221,1371.854501,89.53492292,1048.39487
18,66,447.9160573,372.9011149,16763.70161
18,50,1933.671041,65.01489863,1286.4085
19,66,643.6417399,58.99283668,132.4932938
19,460,1343.253385,174.6028149,1071.756392
20,128,747.6592605,217.3704602,3407.34773
20,433,2558.887309,195.8201924,2263.641374
20,36,768.4620807,255.9369498,3502.653758
21,467,2397.625728,128.8243118,1551.765405
21,83,1877.861688,107.6864227,745.4558286
21,458,1672.884115,134.8989802,9233.016352
22,1164,792.6168708,48.69386789,134.8183444
22,1655,941.1702069,68.33592632,296.2785562
23,1371,1304.912095,27.84012386,94.62395842
23,1367,297.9644774,36.46383728,61.80966167
23,1231,491.0600093,76.49192773,311.07599
24,290,640.3378561,39.16418878,63.7151697
24,390,126.4330825,71.64713582,442.3336938
24,156,297.4541047,58.42874486,170.3206062
25,744,662.8173793,84.57443283,1046.81249
25,1022,477.2751353,76.91733608,1024.891112
26,713,744.8007551,48.95849796,292.4424013
26,1862,534.7262649,27.11207129,108.8535829
26,813,1087.243613,26.41126041,39.22740528
26,1301,344.9470654,74.04058268,729.1600088
27,1080,233.7971718,18.54108692,25.46434831
27,1817,414.1344437,15.53719682,28.24482987
27,1799,257.6165547,9.058863693,37.04782724
27,1696,120.2890328,17.7481376,8.111313953
28,44,177.9770438,55.95657814,193.8498095
28,333,47.47870099,126.5700441,1481.798387
28,359,55.09816775,335.6002533,4411.133906
28,635,395.6032631,66.7062589,321.7712922
29,119,804.1917262,54.35034645,48.29712287
29,230,1712.154667,208.5637538,7842.028832
30,763,516.7491094,60.88433256,130.8607158
30,1060,531.5645307,20.5598386,9.133223372
30,457,598.1445228,80.05271637,483.1211564
30,564,1158.521852,48.56692596,100.0461292
31,655,471.5487556,35.21790973,43.26755103
31,484,419.311019,36.35636437,305.9775974
31,1127,439.4701222,65.14824106,567.6658292
32,64,248.4815623,82.70286187,841.0137664
32,337,198.6988912,43.49462265,57.48439252
32,285,205.6812406,64.6764264,249.5387735
33,733,358.9538853,157.4759228,223.8799351
33,440,442.5338513,284.0922846,10053.93143
33,65,641.1616517,79.21873282,199.4153618
34,166,421.783258,30.17599884,114.2489569
34,152,1557.607396,101.8451736,1057.9219
34,82,2356.527401,55.05451096,91.89399325
34,194,3932.226913,58.4737437,1643.780815
35,751,633.6067313,531.2019654,38069.75276
35,51,824.5702416,243.3006805,16987.01918
36,68,221.4271661,282.2309785,1096.05348
36,52,618.1188471,327.3516353,10518.06175
37,387,3962.074577,56.20695265,258.1488671
37,566,2352.605615,49.77737336,109.3591395
37,674,3705.554474,22.32857917,83.28230382
38,1212,2397.625728,41.87790227,27.74380083
38,908,3382.064279,39.78854227,222.9770757
38,803,3231.919547,150.7413103,14196.18107
39,595,347.1260675,85.29777743,850.2222108
39,315,476.5458367,288.4255756,4305.273104
39,825,290.8539716,39.15047285,24.59280152
40,412,870.2509514,85.36016954,1318.616277
40,390,289.0479444,49.21816941,74.70352515
40,156,525.6174909,79.16758529,191.2841379
41,87,1568.99986,41.73906076,126.5183527
41,143,468.6458284,25.29573406,37.02666896
41,833,534.061291,15.52350344,12.22832387
42,799,868.2777382,229.8131189,7271.633225
42,953,646.8891553,34.16460796,81.79754248
42,1112,713.2862675,26.68807591,15.95720127
43,1877,256.210622,32.14275168,511.097173
43,643,211.7407755,34.31605322,50.61218964
43,1173,124.1066729,58.43037411,242.312446
43,1727,848.9314547,42.32943404,255.7632787
44,202,289.5094766,50.74932292,66.92811209
44,572,230.317022,149.9730882,3963.71436
45,269,369.6500203,45.99163634,36.84086776
45,715,429.010321,121.7472836,805.248415
45,1252,426.6043255,52.31800493,107.8271284
45,147,494.2698699,58.45301205,166.86333
46,739,395.6032631,41.63009804,402.5618489
46,204,389.6542203,17.4953065,8.304721265
46,1046,766.0010004,13.29598709,1.406650788
46,1246,424.8850094,17.53957439,20.67470429
47,914,684.6502382,31.88129523,40.37105668
47,1026,1020.176889,49.49549048,268.9320888
47,1121,395.8115907,14.88681513,5.552888132
48,233,316.9564225,86.1429231,984.7988638
49,151,437.27896,131.2313206,2466.642969
49,81,260.2348094,119.0604425,485.5035296
50,325,229.5704148,44.24093002,379.1174697
51,52,205.4299773,90.86752167,1052.343503
51,67,280.7455374,478.5193635,5427.110275
53,665,113.8159393,232.8917769,23858.75205
53,449,922.6154733,24.28134629,74.54042547
54,300,1179.207157,178.3294746,14118.37893
54,223,949.7687465,18.17590204,9.418732623
54,1418,1042.151102,39.25086835,113.4361925
54,943,2157.007237,103.8746965,1123.856864
55,1111,447.9160573,49.48392383,332.4614625
55,1243,260.003546,39.99379272,35.62886891
55,881,2352.605615,23.04508011,8.137673849
56,198,1099.377533,55.07921113,509.8968882
56,170,5178.755161,43.43288549,49.80881247
57,861,4181.143453,16.54579099,11.90078646
57,897,3382.064279,74.56149705,328.7637654
57,1629,1099.377533,62.83679185,1169.740809
57,819,175.2258277,90.66166393,738.6602557
58,1372,1387.754926,75.8570694,655.1987015
58,1665,174.577126,27.17784181,29.5349934
58,1473,878.2173475,63.69720479,303.5408285
59,1038,681.411241,50.31450136,425.6426056
59,117,399.819279,44.90234228,120.2143412
59,472,215.9173046,30.78349799,52.58569454
60,464,217.6304248,200.1706872,11465.87933
60,599,364.468426,49.08699616,70.15653608
60,307,640.8767311,188.7753479,1126.516935
61,256,587.8169162,129.3523439,1435.751503
62,190,1120.459658,38.98050991,137.8454137
62,344,63.4009281,29.18617763,77.40023152
116,62,1083.884355,30.93236597,123.1440411
63,362,280.3753136,49.45833834,158.9486619
63,1040,369.4097262,36.67396754,49.71743792
64,764,344.4107303,131.3511369,1814.778869
64,298,138.3653967,85.12492302,1074.344301
64,673,245.4249467,60.45335156,38.39592857
65,109,313.9204424,135.1415235,2064.952269
66,312,207.9239017,74.40296176,430.1622978
67,138,2896.260247,194.0637391,1916.338491
68,401,1233.652182,195.195653,612.5787937
68,251,1072.394654,306.0173445,2867.213408
69,261,769.663418,21.46792117,22.38744692
69,391,274.1133533,116.2790172,4343.642611
69,476,266.2771936,105.5179241,1267.220512
70,1410,304.9521499,26.98842824,86.77704869
70,1673,224.0604964,72.97481969,364.3483742
70,1628,442.5338513,47.01342482,184.9115164
70,992,556.1092987,32.26078613,133.4026614
71,1423,506.0911374,32.29707223,101.164028
71,1419,667.0150371,43.00394166,146.0737659
71,1379,620.9053755,31.2832794,289.5073627
72,198,1557.607396,53.53537925,201.6299563
72,277,2179.281715,55.42186003,236.6232925
72,423,1933.671041,70.52638671,146.9723297
73,368,747.6592605,11.42940038,3.804558329
73,1172,680.9342629,35.39235021,77.36741653
74,1396,2847.913944,37.78941044,167.3026986
74,1874,5178.755161,30.09097592,24.39399494
74,102,2514.976447,73.26993915,387.3392003
75,778,3231.919547,108.1960823,1539.673046
75,535,3561.461404,35.30879147,116.0494283
75,730,2556.670043,52.09903939,257.6744103
76,394,233.2483219,65.46983273,286.0231824
76,255,1044.207014,39.0237136,116.9321981
76,509,1103.828643,84.28810351,143.1852641
76,689,335.3540978,45.96615552,104.7816529
77,282,217.7158719,115.3931913,503.4681103
77,395,433.0946594,196.2189165,3662.33883
77,910,543.3340304,145.4105882,11108.4161
78,1032,260.1592847,12.77874425,5.376906811
78,927,315.986651,12.76908096,22.24288241
78,474,171.0052479,24.67454505,24.42541207
79,1067,513.6855656,50.0138737,191.456326
79,205,518.3521345,44.85275877,383.6970729
79,1268,686.2321224,51.12406628,19.96115717
79,740,66.08638951,80.40448981,1161.796405
80,324,155.8463457,62.81443069,195.0368543
80,136,490.4980126,97.85814726,406.210789
81,123,269.7031656,149.2044607,1730.599094
82,96,270.7760379,78.79936395,358.83677
82,312,244.0320835,125.2744307,769.5060253
82,208,343.7264565,152.6398028,5169.484772
83,656,645.8292508,66.64942348,62.1437654
83,494,367.8425915,27.55153245,44.75920079
84,1487,333.8853966,61.36855503,389.049325
84,1448,494.3112084,78.33588383,171.2025263
1442,84,403.8793365,28.92905189,32.20655411
84,803,1348.923914,57.8578962,221.2616009
85,1407,1662.937701,45.12157749,156.2349235
85,1021,2259.420999,41.12678487,116.1870578
85,1201,176.3622819,41.38520297,47.82982164
86,170,160.9066087,157.924571,2192.532085
86,212,299.4921877,58.11058502,703.5005716
86,329,698.8963881,77.26493952,697.3803802
86,316,464.4351601,150.0911564,389.6966448
87,356,402.5694056,41.34853351,114.8093717
87,973,883.1558153,22.39245092,23.66750376
87,213,987.1946311,58.90911583,209.454477
88,1762,766.5512676,23.29696218,29.99050092
88,1190,964.822029,30.1895406,36.09153701
88,570,949.7687465,24.56014391,70.22034992
89,1453,1234.279989,89.58500555,417.0117028
89,404,633.6067313,48.1252816,247.9441659
89,1845,619.7093779,23.13782326,53.88289697
89,1003,711.2274612,30.81113485,27.23969701
90,500,1080.785337,41.64509461,58.19589913
90,527,792.6168708,69.29428508,247.2327333
91,321,214.3025008,56.32278017,708.8209827
91,308,269.0872958,61.07266641,197.3788145
92,878,363.9071631,16.45788209,1.690519827
92,283,520.1873761,46.78665628,81.99835645
92,1180,418.6414886,67.40909044,339.8175149
92,510,209.2367022,55.79050779,106.7965148
93,664,366.3525489,18.97825597,9.883864021
93,271,364.7385995,34.26551904,70.76456148
93,574,1658.984337,55.51326724,50.12000193
93,1211,477.5222472,168.8554233,2442.066855
94,220,1769.885404,152.8272632,3595.021392
94,259,460.3875534,72.14745398,273.044329
94,337,256.210622,56.41106606,374.7383417
94,311,443.8111945,82.34226762,2149.509488
95,123,232.8683491,79.33503314,380.5077951
95,207,174.7956832,211.0326759,734.7220399
95,165,144.6887032,87.17634395,282.9265732
95,137,198.5438166,262.6323068,3937.213109
96,1020,214.3053235,42.48919217,66.88978798
96,273,224.9325864,88.35483029,285.8495964
96,152,124.055725,125.9187282,6038.068207
97,181,437.604509,27.6270433,4.615703804
97,741,104.1724733,40.00568909,6.996615034
98,1608,190.9052235,51.00648126,188.3299454
98,1013,280.2382615,49.3589027,84.97338706
98,1478,272.1300849,36.88860981,61.60054816
98,1378,622.3122248,46.07714295,64.43330198
99,276,537.6519444,28.81365061,29.67971822
99,1237,250.6598557,52.81094404,142.2903623
99,923,284.4441927,26.2918977,17.17092443
100,427,297.4542591,46.4840021,129.2608953
100,211,346.78701,64.39884184,80.23848849
100,170,310.8469857,75.91740927,696.9983018
101,1043,859.1051817,65.69894978,573.348689
101,413,120.950215,33.59104541,146.6498749
101,402,931.4646503,25.78096424,34.53648789
102,1536,1083.881004,116.910576,793.489382
102,1800,762.4217694,22.40985936,42.15088179
103,998,557.8703401,59.36467267,327.1425547
103,762,365.5265608,74.15672996,407.9081219
103,553,881.2258787,18.11568098,18.50527786
104,333,2127.548928,190.9179684,1888.716576
104,599,827.6900126,120.6850092,2233.1464
105,321,2267.452804,80.59216084,424.7299724
105,406,619.7093779,123.8905099,1578.297231
105,334,592.1145424,258.7668608,5994.855271
106,822,618.8615534,29.69695282,9.435098915
106,715,304.8576438,96.20750827,4843.618212
106,546,138.1830066,184.1732181,16307.59194
107,1193,200.9250985,18.66555355,7.611184649
107,1096,268.7515305,17.97493088,22.2159909
108,233,290.3158797,10.85438154,5.983219322
108,1217,238.0516,49.82789358,192.5849708
108,220,301.3132414,60.61532738,266.690748
109,179,254.7836353,56.31185469,178.8874868
109,193,372.02162,233.7701331,3451.993258
110,194,234.1682854,79.07826053,2365.335323
110,208,963.8123125,94.42369064,2996.378777
110,221,670.6359917,45.73914054,409.3880689
111,709,495.6572492,22.76798161,40.55591733
111,125,230.078411,46.69593417,300.4677183
111,339,325.53111,56.93589644,254.4182934
111,1299,370.3952835,60.23069784,110.3187418
112,1870,490.4980126,45.55489987,763.3034626
112,734,812.2037884,32.31938819,52.67925035
112,1097,75.3913012,30.17720044,354.6396113
113,1280,161.9954584,21.09218265,18.461042
113,727,324.4906359,55.77030001,191.3855313
113,1335,383.5315126,27.21777182,34.5690071
114,412,1058.0009,56.35289188,405.3480439
114,225,804.0456248,75.68763804,318.855517
115,776,549.5478994,65.30521747,633.0647878
115,720,1085.589741,54.52662047,457.9266126
115,641,919.8431229,54.5544864,141.3048618
115,695,1640.565362,58.36381514,214.285643
200,116,1866.193322,43.15923406,186.5618713
117,1203,372.5739333,32.00771897,75.16668737
117,1612,67.67788705,19.31581021,16.15652412
118,1017,88.70577189,167.6392672,817.0587012
118,1107,534.7818544,23.1360278,24.47400072
118,473,107.0088861,24.77432748,33.16246666
118,294,473.6901755,167.0373824,2371.94215
119,189,2179.281715,33.81460681,123.4356938
119,372,775.7273466,40.21823563,616.5692714
119,175,3154.6432,144.8029547,1551.605853
763,120,565.2138329,62.13545177,187.9735572
120,564,540.5774824,40.90451826,34.42714052
120,906,397.2930404,38.87328257,28.21019225
120,588,382.8435085,44.69260009,118.3179595
121,740,426.6868549,70.1261116,382.4493209
121,1075,294.8788977,84.13591789,1284.742081
122,178,1033.325213,46.03812587,41.48975604
122,220,97.02682425,119.6037622,445.7175656
122,259,169.5263733,103.3996798,823.5127373
123,151,377.2787873,97.49831986,150.8997615
124,166,379.1506685,193.3260908,2321.328693
124,194,170.884252,114.1798564,982.7480163
124,338,175.0677146,265.3508295,3867.226945
125,638,541.0916099,36.11103198,138.9973251
125,1242,491.9788734,33.24588114,45.88654961
125,887,304.3038699,29.78706304,49.93950937
126,585,399.5874423,78.4914392,709.6010522
126,1230,440.0064418,75.44388539,691.8233096
126,1386,514.6940253,32.58409662,58.46578229
126,377,223.2688421,37.59116798,108.2144246
127,400,245.4249467,64.52498888,164.7077914
127,853,146.9511223,78.71067377,284.8751966
127,1363,93.60051923,56.56070353,168.083799
127,759,1343.962194,75.28398093,417.1926497
128,1300,389.1891435,209.4897625,8750.937191
128,316,1360.418285,146.4050982,1035.163003
129,1029,205.9431244,36.92261155,75.99867413
129,253,598.1445228,20.67237399,11.47382791
129,587,1152.580029,22.8630846,48.9341502
130,745,245.8542348,27.28540745,28.89453123
130,1261,276.4329203,41.16977127,176.7945174
130,444,444.6381518,15.42681152,27.66305882
131,1630,290.5469425,25.53378057,281.6775388
131,1813,472.1494252,50.68934141,208.594761
1761,131,689.9948448,33.95189755,103.5201351
131,1282,860.6192695,33.57722705,22.61260311
132,563,530.9788349,40.34287811,51.93720177
132,590,1122.026642,138.2172479,3563.412039
132,536,1158.153395,55.49026604,127.1119329
133,334,1234.279989,47.62668913,141.7624713
133,704,881.2258787,55.51127952,322.8380529
133,659,1007.20024,47.63452596,115.1475733
134,1156,749.885223,48.30984387,310.7860969
134,519,702.2276992,68.29341271,1054.726295
134,1088,1592.572846,39.53277881,46.39582594
135,772,382.8435085,78.20457347,410.2807212
135,574,290.5871016,42.2457644,293.8507957
135,619,239.0985736,32.41481498,222.3150122
135,970,312.9263622,56.91956603,223.5583242
136,246,260.3460928,418.2625828,19338.28802
136,590,359.9913936,109.390942,262.8254436
137,260,502.0930578,455.1717335,24621.51034
137,286,271.3491026,155.8236296,514.6626867
137,193,352.9318802,215.2708333,1037.305747
138,193,421.0464061,408.8930736,22470.50985
138,325,315.5116221,257.3020712,17358.16805
139,235,296.8924869,88.16797161,558.2425428
139,467,1538.935186,129.5861776,2022.308968
139,248,1877.861688,28.56128171,66.2492379
140,726,1561.121132,17.40771888,16.63847291
1601,140,1710.720489,35.42629211,73.40767548
140,1613,183.0300287,66.20325102,495.4293192
141,735,151.6410718,34.45380922,125.4541984
141,1070,237.0402654,25.3263579,24.41411735
142,277,152.5390573,65.8108205,374.2824405
142,303,424.3351096,69.39615026,277.7225456
142,290,224.5953135,101.0564438,1548.366373
143,973,328.3305018,51.07944111,190.8834631
143,605,192.0974179,55.03673518,306.0273448
143,791,254.1594452,37.73773564,41.59380659
144,1256,604.9681706,26.47947395,52.07638412
144,1106,321.2386193,39.3334236,118.8934329
144,1750,934.5742395,35.02620185,117.8950083
145,1785,416.8350472,60.36399428,501.8618639
145,1312,332.3477681,22.61767415,74.11749599
145,1684,512.3599603,31.24841835,30.01798788
146,350,509.2293938,20.68052451,25.03394889
146,320,354.8405378,31.86706504,289.3491299
146,662,397.789706,33.8116091,219.7403173
147,1252,542.0671848,57.35925088,99.16736484
147,347,335.5366158,102.3985715,1560.461685
148,296,807.9075937,28.56193071,27.02108978
600,148,424.2016114,34.55557904,44.36589121
148,385,987.1946311,46.62619129,138.7121799
149,885,2267.648197,27.54567147,106.8234884
149,1033,1197.465221,150.78498,5390.579292
149,928,2127.548928,29.27705246,119.6733084
149,655,2179.590363,28.20854307,92.17612807
150,192,2345.110412,195.2877246,426.3575803
150,671,2095.434059,406.428232,40219.00564
150,644,2514.976447,374.5773777,37681.418
151,440,6002.490796,158.713797,6339.120665
151,512,2766.271694,125.0940955,2125.520673
152,1679,450.5765588,52.28997815,176.4706654
153,430,202.4215131,59.99745434,647.854411
153,261,1051.848713,28.1923894,7.975208429
153,195,82.58190296,35.43788158,51.05553068
154,887,316.3795714,22.87158089,27.85041965
154,873,148.7778925,43.1497818,134.3999264
154,866,185.3524974,58.20346102,363.6841689
155,1819,707.9021962,54.51572485,287.1885099
155,1014,979.1256531,32.93838223,58.75733779
156,251,675.9550383,122.6007688,337.9977041
157,973,211.7407755,16.434058,2.186557199
157,847,386.9552079,27.08038013,11.6769068
157,1050,310.3407247,29.34614997,146.604836
158,1744,245.578267,75.99392729,476.2068874
158,1301,247.334841,40.22562627,131.066442
158,1742,229.3955227,58.67005526,149.7962831
158,1710,254.2968848,25.21044531,40.65455927
159,1552,169.2628635,32.35930816,50.53359735
159,1753,324.7243547,39.15894802,83.81747596
159,1197,461.8731119,40.86336379,175.1924862
159,1233,171.7090782,38.17417687,33.51422834
160,216,192.2927303,20.49963031,5.917502445
160,581,203.1393862,34.38100102,78.28206347
161,203,424.8850094,202.5957214,136.9979137
161,282,811.0468057,46.29259778,67.17422186
162,1126,517.6338569,51.44498083,201.9618555
162,1156,169.605448,36.94127043,276.6010978
162,1088,286.0144809,65.16436495,298.6126754
162,636,207.7138149,39.41341662,175.1641577
163,780,287.5102115,14.51826143,8.3938385
163,1175,304.7306833,64.94899242,501.7182671
163,1273,1429.612616,30.91261191,26.67174215
164,285,3785.284771,12.30035298,1.834890766
164,429,3630.189347,21.82935733,10.00369471
164,246,5555.625992,98.47350936,4428.656029
165,179,1042.151102,115.9511391,625.2582845
166,247,1007.20024,386.9061442,32190.86211
167,765,1686.876154,89.95000883,878.9927857
167,575,1212.751048,84.83843057,214.1203051
167,355,824.5702416,313.2460295,11303.90382
168,314,592.1145424,32.59508241,83.51609598
168,236,648.108398,27.28773196,45.79861345
168,1164,498.4011262,58.42123149,259.1762828
169,667,456.4763158,47.85022678,164.1697598
169,666,758.9915608,52.73341896,206.3847716
169,1028,590.2740786,34.02575177,89.96840036
170,379,335.3455183,134.6137474,1044.484988
171,226,217.7945999,20.94129954,192.5532652
171,1172,250.1177755,79.29969616,305.0399247
171,470,282.5648445,15.61367178,2.061244439
172,1889,662.8173793,83.31040825,480.157269
172,1461,868.2777382,57.99385671,296.0092477
172,1455,1488.209222,48.33791812,158.3887121
173,1739,247.6028455,15.37257068,23.49569067
173,1492,124.9885857,85.22946004,322.7566494
173,1857,264.9908061,18.50848273,16.05325106
856,173,316.353673,62.14062671,302.7973647
174,371,209.9648436,78.18495767,642.7301393
174,563,440.7880496,49.55627122,137.3933435
174,554,461.0406423,44.93514085,133.7577437
175,395,194.8399982,24.86853295,33.7781679
175,230,192.3210884,68.95210388,341.8560445
175,533,192.5446616,130.1880929,768.1621689
176,335,359.6266167,72.47079578,390.0248482
176,474,187.5999976,41.36457539,70.19380766
176,1150,293.6547713,24.64094701,35.28496376
176,976,2332.882465,38.64457863,228.3518977
177,1241,607.8317277,28.04171384,31.33107908
177,1145,421.055211,27.82471704,46.04512495
177,1293,404.8263078,55.19697799,112.5252273
178,375,383.5351888,152.2636152,701.5207302
178,233,355.3244599,81.42320987,259.3934279
180,351,119.0059977,138.4671528,5250.292889
180,247,465.079489,63.56968466,275.2400084
180,260,199.1673978,246.9824426,14160.88822
181,757,1119.4482,113.0700882,42.14375976
182,1535,607.0437569,40.39485458,225.7880811
182,1269,237.384053,98.32904637,458.2851972
182,262,222.4363981,97.64271409,3490.082568
183,1415,827.6900126,27.47818308,89.84745369
183,1070,1273.221246,172.0148492,975.231041
183,902,221.4271661,61.67201265,292.1670313
184,423,749.885223,54.26981042,123.559504
184,277,2158.517894,55.05680998,116.2056326
184,303,2239.113637,83.27728902,859.0078496
184,367,733.8491381,50.18952432,142.1270788
185,1043,880.2680957,63.69016355,152.8094594
185,760,202.805409,53.51047011,187.8157966
185,720,217.7093658,61.44154823,711.3126466
186,1404,362.6073537,79.49118627,316.8363926
186,1901,340.0459077,39.43801284,127.0035699
186,1491,461.8181134,37.40322487,47.00489934
187,1516,246.5623188,41.30767257,136.5592843
187,1711,640.8767311,53.48424906,179.5596789
187,1552,1658.984337,94.0806544,1007.245374
187,1753,963.8123125,44.78764647,160.2231478
188,491,1357.614927,59.31791883,128.998193
188,202,218.5365629,199.8356099,7438.736724
188,653,319.6698727,16.07947468,15.85011986
188,359,422.1405494,68.63703366,186.1362635
189,417,349.507551,7.735352,6.361531014
189,395,401.2949579,186.3662122,2915.26904
190,1074,568.33417,35.59584962,14.69663575
190,1004,551.763024,49.35755849,409.0203855
190,200,122.5245309,30.88185194,116.0794553
191,1040,70.09905097,67.65726304,344.8727693
191,362,391.1443351,25.84422994,39.94406124
191,865,234.484803,81.84879029,775.8056356
191,1328,350.2268409,36.01704482,129.9568022
192,375,1152.580029,218.0331975,12348.7214
192,324,612.8852385,176.0468048,1690.034494
195,765,230.0838524,95.1801455,1756.38955
195,575,1023.613396,93.900388,643.465834
195,584,447.1794015,45.63660005,128.808747
196,1682,344.1873759,17.4351225,44.74925148
196,1580,280.4339864,14.52106595,7.181075355
197,951,149.8594526,31.06548919,29.857263
197,1423,99.16646842,12.12904562,18.94078614
197,1415,153.1367922,62.5112174,158.9608248
198,464,311.8275242,60.61291376,20.69438668
198,238,530.9788349,29.77341675,6.071746014
199,752,1027.36922,167.443722,3899.458478
199,868,1622.907788,124.1232895,1078.846022
199,720,1371.854501,55.0069314,210.7504577
199,776,775.7273466,50.7048206,112.4991781
200,1081,1273.221246,36.27836581,79.6272344
200,552,429.7601915,46.21508338,53.17987615
201,454,1423.545352,73.03551363,344.6293608
201,1853,660.0908925,74.99694634,527.8741582
201,1713,138.1830066,84.90046341,336.7515358
201,1073,517.3137746,72.44198419,146.8220345
202,644,668.0956507,250.2442374,847.2882192
203,256,512.3204759,49.82462296,77.43024162
203,295,191.6409795,17.86650431,16.71389969
204,1204,435.7195761,22.99334316,176.9709551
204,857,708.1282195,86.02861925,487.4375001
205,747,346.8276777,21.32171366,37.1545437
205,1268,638.6214367,28.751669,55.25488113
206,529,700.0652288,241.1734312,12568.60236
206,375,522.8182633,111.0051359,1380.512878
207,512,520.6009924,191.7926435,4343.080508
207,1703,525.6727881,120.8298908,762.4706145
209,476,484.2725668,66.73963898,1339.57869
209,701,531.3212946,73.60410289,822.8626274
209,420,352.9601232,139.7007679,2482.975231
210,1414,252.2814082,14.81859996,21.65563874
210,1207,219.2840124,26.14861515,37.08312987
210,1481,169.1415537,112.8616365,744.9329686
211,1056,356.833513,100.8585502,508.9582003
212,238,193.4954925,22.69609069,9.237809831
213,596,186.6504078,27.79026495,3.363378368
213,1001,1642.392969,17.08825732,5.207344613
214,344,745.0250747,100.9538355,1180.684357
214,1443,1099.55667,19.10507699,21.72492289
214,1668,183.7408367,30.92439242,71.71875903
215,1839,245.8542348,33.13758797,96.3056611
215,1031,1151.644154,27.87467965,10.00217091
215,1875,56.12003488,82.55438383,234.4501553
216,518,274.1133533,32.10527126,55.14312551
217,243,251.8647729,158.8815873,3880.635588
217,269,290.8412154,70.69806289,268.4764838
217,347,475.2483778,30.72041065,75.92521019
218,373,199.749515,50.92375579,1087.562457
218,822,559.1429178,73.36195962,3587.236236
218,1180,296.0129091,82.12870519,623.2432434
219,564,259.4707753,78.26473808,805.9745966
219,457,3785.284771,53.50214902,138.621265
219,998,2139.601077,41.16583955,35.73064651
219,1823,2011.063681,97.63886194,715.010353
220,363,3154.6432,47.097756,82.31666717
221,325,2179.590363,47.87137433,232.8548234
222,725,6002.490796,48.82901208,196.9535472
222,274,618.1188471,46.7008027,218.0034648
222,398,565.2138329,39.72828259,75.37116792
222,485,702.2276992,41.51714905,118.0996056
223,567,498.4011262,33.29199247,126.1705045
223,1339,757.4978528,41.45984096,208.9524047
224,1014,528.5533142,26.66624696,20.44379904
224,874,784.7516748,21.06540485,38.72968487
225,329,124.7648613,39.10984117,86.63126938
225,264,107.4526092,129.4737198,3335.350133
226,402,191.0314798,21.29778893,57.47128271
226,903,227.001576,54.05557059,520.5328498
226,1623,580.2083918,47.21560269,563.0820574
1464,227,148.8402194,29.89091598,26.54866775
227,1044,587.8169162,15.47602933,21.04024578
227,1322,513.6855656,28.09996546,39.56383125
228,1609,680.5687301,74.80977512,453.7049647
228,807,1400.008339,27.90413205,69.18487115
228,1277,496.3083944,34.9072898,71.72439686
228,1185,1387.613862,49.3146166,112.0153732
229,1450,463.9731336,76.99029411,533.1342257
229,509,1083.740058,14.06652294,66.75453511
230,868,276.7374659,118.886921,1879.156112
230,752,251.8647729,198.9728355,5669.427012
231,871,496.9132974,24.23199321,17.07167903
231,934,175.3875019,34.89683639,83.59259915
231,418,455.1286603,35.90041372,82.61414339
231,969,412.7881835,72.59661046,289.6777127
232,1283,482.9838012,86.98564176,549.3780338
232,1145,423.7185614,58.08107706,34.65303992
232,1005,389.6542203,45.87045876,85.00998489
234,299,1642.392969,95.91432798,248.2669997
235,521,3113.028242,73.00325844,475.0550972
236,684,2332.882465,104.9040867,1131.972239
236,1508,868.4444444,38.06150596,90.1327895
236,1116,219.7030029,59.2000293,247.856598
237,1320,430.2623322,29.4302748,49.03539356
237,1105,316.9564225,73.36322094,491.3142722
237,1290,528.6883345,27.67247212,50.10417062
238,423,376.4096772,58.13431656,146.78988
239,712,698.8963881,31.2233098,46.08683048
239,1092,334.8063591,74.19844031,380.7290266
239,966,665.3374352,43.18674379,335.73438
240,737,1238.700369,60.84560582,130.6431019
240,1596,1397.328501,116.3807474,1570.036919
240,1852,4023.798886,43.12304925,36.25098299
240,785,2267.452804,118.0293159,932.8080825
241,1765,1980.528202,43.62370478,132.8827068
241,1417,1375.671187,18.76635569,24.25814828
241,1143,711.2274612,41.74358115,138.876535
241,1867,540.5774824,121.167645,1319.161378
242,294,1223.809673,66.96689937,739.2388534
242,482,814.1403013,64.33746581,307.6217063
242,626,341.2004052,76.33653077,370.3269093
243,1039,207.4071355,231.6121245,11746.41198
243,282,64.18869342,116.7100991,3516.809085
244,864,520.8336374,53.10547181,152.2190588
244,348,670.6359917,34.80457482,114.6857145
244,794,454.8005442,50.09293223,73.82923859
244,739,524.5509497,42.7994556,151.996772
245,511,477.5222472,198.1564253,4039.132833
245,1199,501.210367,77.7931457,478.3131978
245,1133,443.8111945,131.8209733,4779.277628
246,268,516.574677,81.59251597,129.1749348
247,576,257.5711587,53.89675051,79.63588848
247,810,721.2610681,29.97264467,69.51613929
248,313,172.0416514,23.2065281,8.404923069
248,376,335.9269365,19.2128326,12.98455693
249,1076,305.1985315,20.75354123,11.95369566
249,880,360.4129294,19.52866764,24.7142496
1625,249,802.9901462,69.20880031,1354.396733
250,860,278.1529173,42.59495543,34.6404567
250,411,187.5999976,67.56451589,194.6661172
250,1310,333.2326205,77.35015573,431.8068236
251,307,937.9812508,237.8833826,3474.951985
252,317,772.4463271,41.69813112,211.595251
252,470,202.2574813,26.16286791,8.775820485
252,1015,700.2356892,32.39266411,13.23290287
252,497,532.126541,47.11929512,80.06711451
253,876,770.4082018,28.56487537,71.69316319
253,1392,426.2283593,32.20952463,88.47830101
254,858,450.4908351,19.7602078,12.88457226
254,481,493.2938712,17.93634413,13.43715432
254,1717,533.8246763,66.12884375,590.7663562
255,268,1083.881004,17.21796934,4.290006086
255,680,534.7818544,29.63335195,18.41141323
255,545,1122.026642,18.22423251,13.763002
256,822,379.5489489,652.3758013,185343.4625
257,836,643.6417399,38.62347422,308.3736769
257,962,397.2930404,58.22040404,356.1214612
257,1053,827.3383628,14.57638256,7.170405955
258,1103,414.8102379,30.95964698,41.243131
258,646,455.0693512,35.93579549,51.62701126
258,1247,304.8027503,54.64241429,348.9482788
259,324,325.9436551,55.0146574,196.8543691
260,338,174.577126,504.4516077,6052.164076
261,503,361.2344827,59.43939803,973.7196404
262,817,363.9178076,41.08299913,84.92303943
262,1426,150.4000447,45.01791762,522.7616074
262,1643,138.2294114,48.73868183,537.6676022
263,874,541.0916099,53.57518403,81.94970555
263,685,977.0657105,27.89753544,24.11670256
264,401,375.5020468,79.54065544,580.9379855
264,433,218.5365629,224.0040686,1188.198834
265,1064,336.4806058,28.30008318,14.32586407
265,391,333.3095775,53.26526624,455.9894028
265,551,449.8409031,109.6244663,1210.194613
266,1443,55.16065751,48.62652895,112.394895
266,507,171.0089466,58.49052762,232.5038414
266,1093,185.4251035,105.0075238,753.8305355
266,1372,238.6672197,106.6493522,399.7285633
267,954,213.3143218,19.33443958,20.95080074
267,1837,315.4688993,46.11089629,391.06879
267,652,78.25206767,41.78712118,93.87389409
268,394,228.6861484,30.95186337,112.3226187
269,715,1158.521852,92.68943734,230.4683029
270,707,612.8852385,37.42084309,49.4402732
270,1156,1040.590722,51.71863602,431.4993974
270,1126,1155.872922,29.64998611,35.79184538
270,618,320.892888,134.2262156,1270.066095
271,879,315.2514771,39.95635832,88.76080097
271,565,244.7618757,29.13030882,76.87089877
271,1258,628.9813301,104.0000992,2377.752975
272,977,273.2214511,37.28166723,243.3690202
272,320,230.558335,36.21673239,102.5240253
273,1472,333.3012712,43.41125175,191.5122023
274,364,922.6154733,25.75162849,52.12001644
274,717,107.0088861,36.39367731,233.2945265
274,709,1027.36922,16.37456003,1.756259241
275,1526,346.3613104,31.95937719,624.7874309
275,594,450.5765588,28.13984497,24.20549732
275,936,409.608127,123.6782958,2462.759486
276,1201,202.805409,51.00795749,76.33929384
276,541,583.5540994,23.38932757,52.54310123
276,1350,371.1478525,49.83242502,31.32269636
278,1029,288.2871533,31.95996397,71.22027855
278,768,432.8385295,27.16755742,41.80821124
278,847,186.1432985,50.85342977,131.7333013
278,1050,161.5078242,27.52274713,27.16952402
279,1842,680.5687301,92.22568321,1377.495433
279,1569,501.210367,29.82108698,97.3699354
279,1573,520.3990842,93.84538324,811.7608147
279,1266,261.5002682,23.94144757,104.3902733
280,1582,225.2335121,25.14203626,205.1013312
280,1080,370.7351602,21.45077518,196.4636788
1549,280,349.1738293,46.37884401,242.6990738
281,346,702.4554958,55.41892385,112.3603023
281,608,417.3778846,81.69937616,403.6550951
282,417,264.9215759,94.0628583,588.7196115
283,618,212.2909486,36.46936443,200.86547
283,1025,136.0172764,111.23766,722.3155256
284,1115,170.7145316,41.16459189,182.909127
284,601,457.9463294,30.42905235,63.31432438
284,448,363.779557,28.04725937,26.45260263
285,673,351.6685067,44.6524793,118.1289857
286,338,608.2677526,258.391051,3257.437223
287,593,937.9812508,30.66469308,79.44124854
287,420,1988.594729,128.4012278,1979.544022
288,1207,2187.141314,32.42222511,146.0157675
288,789,323.7161354,55.31782629,259.8734595
288,1402,300.6409098,31.07691834,42.24247236
289,1177,345.9701209,32.68350435,133.4009086
289,442,556.4354364,65.46896645,398.8293649
289,1414,1047.798901,36.99521073,34.51034828
289,818,1283.383759,34.75072703,170.9818969
290,303,908.4289056,66.72187187,52.09821129
291,959,2267.648197,30.02480501,50.19968548
291,773,607.0437569,26.82895211,66.83584855
291,352,1038.06779,55.2024602,437.717377
292,1740,2158.517894,54.97382802,293.3893749
292,1548,429.7601915,22.81765903,97.70785146
292,959,567.5876592,31.78430115,340.5436998
293,1648,195.793041,50.33564313,271.9595825
293,1627,202.4215131,84.58197327,680.1338022
293,1257,163.8661345,31.26898517,56.03214376
293,1332,140.8318461,51.63453966,100.6353711
294,1161,179.3469999,194.7599021,4442.425473
294,544,253.4618362,256.0492102,13417.87307
296,801,453.3683008,39.66902901,117.7004936
850,296,298.8760278,45.66166363,135.0927303
297,942,550.4416999,26.60093116,24.87390705
297,991,3561.461404,15.03786439,1.53922392
297,1263,1488.209222,48.71683322,95.29344886
298,363,3465.208353,106.8839735,499.7284184
298,337,331.0074648,40.28363653,196.9878631
299,1550,500.6634181,106.1713995,391.5412162
300,674,405.8030188,40.67696158,71.70548111
300,749,270.3514961,52.09854768,242.2852858
301,1607,183.0300287,31.32436581,78.66593438
301,1334,284.5999273,50.60384526,143.9903225
301,1463,194.4876167,37.4815309,141.993566
302,442,117.555509,86.66624469,654.4010142
302,1411,172.3704069,82.83792199,502.2263362
302,1195,355.6431265,12.86780364,4.126257079
303,390,367.8425915,58.22827546,227.8723408
304,452,350.3249317,65.9867094,642.9936755
304,1036,398.1009021,60.20594411,221.7853682
304,784,217.9900907,55.18408871,191.982841
305,677,769.663418,64.04168734,188.4319554
305,1820,868.4444444,32.99986645,51.7838725
306,1504,4881.660576,30.23394973,56.67102651
306,1757,423.5456655,49.79866969,162.7741698
306,1675,325.1001459,28.3530756,55.05191174
306,1841,161.6755741,53.80173536,334.9405181
307,644,310.7959552,193.6434061,522.660123
308,334,231.1258284,30.9904094,76.3904755
308,868,461.9462637,58.22655849,184.3054446
483,309,762.4217694,45.06599782,132.3950747
309,815,1158.153395,69.31740571,1862.358277
309,492,454.2436686,41.35650182,153.0195533
309,672,2345.110412,38.22102017,81.08892678
310,809,1423.545352,26.18110012,35.51436881
310,601,2237.323983,19.17381038,23.59960712
310,921,233.2483219,37.86153606,126.6622964
311,324,456.4763158,78.06324687,70.82610178
313,376,504.8516614,18.2311409,4.643640353
313,557,668.0956507,27.21077512,18.39236985
314,1254,251.0210505,45.03464865,221.7368723
314,1434,320.9529957,29.18080432,45.17608525
315,923,296.400922,40.26687988,259.4450624
315,916,156.3704658,398.4015545,31388.56544
315,1091,324.1581262,44.26014286,7.475865594
316,379,977.0657105,149.7487625,266.744416
316,1042,875.792814,60.75964411,202.8106699
317,720,1161.652744,52.4488347,376.0454377
317,760,315.4313458,57.06325382,194.8931356
317,641,1151.232273,59.63822047,145.3912159
318,1527,192.2538579,4.341384034,0.636493834
318,1788,389.3282257,34.528939,56.04072611
318,1408,507.6330713,22.77222446,50.11551478
319,1855,475.0766387,21.92965628,9.959086428
319,1437,217.4732705,21.0483416,11.16633501
319,1747,180.1292799,17.32004621,17.07239224
320,1781,100.8865184,26.91959015,66.66102426
321,347,334.0390916,90.58619621,542.6184722
321,360,1038.06779,136.4472663,2355.999262
322,892,350.3249317,33.89251511,38.91729144
322,1144,315.9036749,29.83766918,55.40570589
323,1235,684.6502382,52.85392349,86.37004049
323,1278,772.4463271,24.42312261,28.99705913
326,398,1012.898539,75.59822328,538.1525816
326,339,1314.719203,91.47043291,1013.352481
327,1502,642.1561865,34.28734991,40.51136343
327,1508,347.1650289,29.54086624,49.74603025
328,1604,396.3515444,123.4956836,628.4899357
328,1007,310.8469857,31.83961565,46.91176271
329,342,362.7047848,30.71500241,13.87393203
330,1022,322.7140496,44.34968915,229.9064315
330,515,580.9071547,53.09258828,218.153401
330,1036,200.3207229,39.05930927,218.3970635
331,1079,161.6990091,27.62382629,92.79031721
331,1436,618.8615534,75.48011454,386.157123
331,443,288.4706731,45.13639923,301.8997809
331,1722,414.8102379,31.63278773,61.57888484
332,1692,337.3580849,58.13816378,288.6593844
332,1397,299.3455262,28.63750986,40.25817406
332,918,394.3385761,30.94194554,69.95885947
1215,332,368.5087932,34.43164781,87.31498824
333,572,1281.228384,44.91502417,204.5584064
334,931,176.5290593,41.28065944,107.898273
335,1198,254.7836353,37.18147583,76.73155809
335,699,242.5409171,12.36004227,0.234622396
336,691,485.4980327,81.45027712,580.0017686
336,795,775.0086228,39.05404932,263.3630596
339,485,518.3521345,42.07303833,62.24408198
340,1055,707.9021962,139.4157782,2794.842559
340,1442,638.6214367,15.2213532,1.807984305
340,803,231.2527297,56.4119161,1099.572492
340,1358,337.3277172,150.935967,5088.930149
340,1679,243.8490966,61.39838587,429.6474647
341,972,248.8807678,31.12923722,82.97680548
341,1153,192.806527,79.45164055,357.2642637
342,412,229.5173671,50.36287703,106.909725
343,605,430.6985869,23.10092885,50.84080041
343,798,489.2829804,49.10703875,284.9546659
343,875,162.8575248,29.25776384,40.45728547
344,645,211.5440323,70.97135866,511.4572003
344,696,546.975464,62.47512735,132.5903986
345,1465,525.8015631,46.48071775,92.34876827
345,1751,1348.923914,6.724600572,4.437289649
345,1441,607.8317277,29.21324173,42.55511243
346,635,1988.594729,98.93730893,214.6785879
347,384,958.8743236,51.9953941,131.2167609
348,1138,250.6598557,55.58274045,248.0143493
348,1162,283.4620995,69.33410691,355.8520728
348,1102,835.4650817,39.81033938,241.1206004
349,795,241.5011285,20.13189272,24.44569054
349,949,192.1778845,36.74502716,71.7089579
349,1047,202.7696612,46.75537981,158.8132995
350,872,641.1616517,84.43107788,807.3615525
351,838,237.384053,50.09197777,144.5162276
352,717,443.4145726,29.4817355,106.2376533
353,1158,2095.434059,40.23538783,64.13408808
353,1637,1706.847673,42.866685,51.5006659
353,1493,728.9290015,16.24934039,34.55731065
354,1183,216.9899549,25.23147723,175.5878988
354,422,335.6457943,24.98568493,1.746582395
355,623,191.0871895,272.3186054,11695.5288
355,733,205.3293807,52.5596407,21.55362684
356,994,458.6310303,38.18522371,66.38473056
356,847,330.987834,46.2654678,124.0370509
357,1832,233.941464,44.95681967,377.6526793
357,1738,257.4093228,42.08055278,153.6764532
358,1239,477.2751353,103.6089901,3596.639742
358,1723,979.1256531,25.80490566,46.8761887
358,1657,682.0885166,15.5752125,17.19501217
358,1564,319.7622898,99.44208404,190.3415598
359,608,146.7225886,42.04444913,9.926069085
360,406,145.5642076,96.97906652,277.0838119
361,955,496.8374106,28.94310583,86.28605701
361,997,284.9899833,34.24886271,118.609851
361,582,360.9340037,144.0055091,2347.33037
362,1333,142.7871993,22.22358838,36.59577307
362,1343,282.5114686,81.09344493,605.0807304
363,1217,381.3131091,72.39360394,919.7892489
363,764,380.0374362,71.09617333,427.3485716
364,551,1343.962194,20.41967431,144.5582123
364,725,363.779557,53.46469974,98.85450639
365,1438,1510.602443,51.45973696,177.6941171
365,726,1106.600826,48.48422525,205.2349124
365,1673,219.7030029,61.67683236,358.4160972
365,1613,169.605448,24.80783716,55.73598411
366,719,226.8000041,69.01556284,394.327458
366,1411,585.4915921,58.62441823,198.0531597
366,400,300.9568503,88.52983047,535.9021622
367,390,401.5531654,92.47948296,562.0321828
367,412,556.1092987,72.92459179,128.5217115
368,987,406.9886269,30.52143516,38.03408931
369,1742,713.5162585,28.80152277,73.42951108
369,1578,346.3613104,75.5076005,497.5868831
369,1710,388.4872031,78.89715869,365.6653374
369,1698,878.2173475,38.59426945,139.1764029
370,1385,336.8025037,30.87772402,95.14490143
370,1660,465.5974047,32.65741827,28.6261761
370,1657,325.6817751,36.20937201,124.1131744
371,680,365.3021892,55.82485573,305.0461437
372,384,207.7215093,117.8846696,792.9221248
372,417,327.3042833,24.44433945,13.83752427
373,707,52.53905504,142.7961547,20299.35577
373,878,332.2770811,38.37595694,511.9589129
374,942,675.9550383,40.23662507,159.261602
374,1263,700.0652288,83.09308158,392.915872
374,1313,682.0885166,23.58265957,28.8684803
376,584,517.555183,151.3356058,1747.111197
377,431,618.1668241,38.79675862,88.733796
377,1454,342.7305492,35.93472664,166.3155699
378,853,629.8633935,60.88837967,180.9798148
378,1330,503.2303635,47.57539628,99.19996119
378,759,156.9191198,50.73382464,109.2654536
378,1350,185.0591174,63.54917972,613.4868486
380,488,194.3462435,35.72784842,70.16651067
380,515,357.4694262,31.56926262,56.41976999
381,1118,351.0184233,18.4953188,21.65757687
381,1647,2896.260247,34.89706247,102.9558021
381,1790,3465.208353,71.52540048,324.1011282
382,926,2663.702411,31.41185595,38.55533924
382,1838,622.3122248,51.54552544,131.0591757
382,1510,267.8195201,41.86303549,108.5103183
383,554,608.6966974,17.40544556,26.67915984
383,545,221.5471136,58.49872865,204.1158986
383,536,239.0312783,43.40209011,81.203537
385,850,329.6185157,36.60212695,86.86942381
1885,385,112.7359856,53.58743775,894.1333887
386,691,205.5991006,64.47142049,196.1533669
386,397,270.0633943,35.42348253,60.23740619
387,593,370.0824554,77.40434141,204.2051231
387,692,557.8703401,35.73291252,84.20343288
388,1418,824.0333661,64.57695153,116.5283284
388,943,467.5522935,29.71749609,136.6876918
388,1703,680.9342629,37.61485834,219.3235054
389,1305,1080.785337,72.87310582,342.1050871
389,422,163.8661345,22.73738079,39.03181799
389,1320,132.3131901,24.60029374,13.92580624
391,614,178.2509221,30.33106877,66.22448922
391,430,217.7093658,91.25741218,571.1184215
392,1446,351.3492495,47.43260759,253.3168053
392,1798,226.733857,18.84636194,22.12149372
393,730,1568.99986,43.38135017,171.5518062
393,1678,2310.763389,31.82513416,75.86216315
394,662,450.5954272,45.74565436,222.0372644
394,446,673.4365235,118.4098718,2229.514303
396,997,1769.885404,86.30082337,516.6688476
396,801,1561.121132,48.29065472,116.5162205
396,582,1830.238566,52.15851796,153.614145
850,396,1018.022413,30.51810988,91.20518881
397,628,331.0074648,38.51969532,51.14494222
398,725,396.1457194,122.7881231,3103.670088
398,476,390.6763381,121.4499407,736.964392
399,1580,507.5619775,36.36639722,48.04310571
399,1619,158.9866846,49.01865869,163.183672
399,1140,23.19129935,18.21320119,8.35124435
399,1344,188.0676956,43.72642772,42.08717066
400,797,193.46244,39.91546139,90.01735372
400,1077,115.9255709,55.28688498,194.1914176
401,433,202.3707534,144.8872201,3823.90438
402,760,171.7090782,86.47454356,482.8680295
403,1051,200.3207229,15.76839088,37.05138147
403,1130,146.9547283,68.93466235,505.6157586
403,1891,537.6519444,24.61917841,39.27636357
404,1005,549.5478994,27.1327403,120.1242852
404,1293,982.7385679,101.5188821,625.5195729
404,1717,1014.781469,30.69956995,57.84785096
405,482,225.730256,69.94554862,477.8178474
405,500,215.9538968,59.29515553,110.3146723
405,626,383.3429916,100.4976072,1734.615025
405,527,197.6261759,27.09846872,32.05247946
406,755,766.5512676,43.7581102,112.7158114
407,990,2139.601077,53.56847032,330.8188982
407,591,454.2436686,46.82429122,198.8237455
407,501,824.0333661,44.31944874,96.25686499
407,1120,260.003546,39.88132932,41.50632226
408,816,2766.271694,43.91938225,109.8132515
408,538,827.3383628,49.84547821,88.11072253
408,1163,802.9820999,69.15796987,390.6808048
409,620,693.9903655,26.98194179,79.00244561
410,1006,314.4173764,25.6405109,31.69451079
410,1083,231.9120538,43.18657427,224.8564794
410,766,89.3986355,23.17743476,34.01150119
411,1165,543.1076246,33.36109056,90.01151293
411,993,460.3875534,39.32411538,192.8988476
413,659,375.5020468,60.948425,129.5322476
413,704,282.9827895,37.27384752,61.64992968
413,903,346.0714532,96.46417146,929.6201404
414,1560,424.4185627,24.40451503,18.32803002
414,1524,330.3942817,77.40639937,497.3384988
414,932,378.5234856,27.31920104,62.19408993
415,863,171.4634801,37.79904813,146.6793923
415,571,468.9801651,40.86732812,85.18767336
415,535,220.9956852,78.11146333,188.9494147
416,509,170.4962728,21.1457416,4.397595634
416,1835,311.7984745,37.96124427,161.1680551
416,617,337.7397836,22.57523202,62.38822429
418,1210,804.1917262,50.90592764,69.64261677
418,779,1058.0009,28.87402061,37.54009142
419,1139,278.1866081,14.0589191,238.1209969
419,802,1085.589741,19.47276122,45.06923321
419,772,416.8350472,52.32953048,269.9376861
420,692,267.8195201,28.97068945,52.59251856
421,531,322.7339702,22.36202145,98.20972328
421,1517,447.1794015,32.27270493,13.89143521
421,1499,238.0226222,37.51080999,152.3697737
421,1034,247.8195303,36.77344288,57.74217651
422,1431,839.622912,3.919016173,1.19230573
422,523,238.0243358,34.34149665,89.91899666
424,910,503.3719165,37.07114532,10.48244112
424,1071,421.783258,350.3022267,36703.05609
424,623,365.5265608,160.0803555,364.7140415
425,1766,406.9886269,27.28009795,21.8141218
425,588,1592.572846,50.3159099,209.4349204
425,1563,2237.323983,72.29401275,455.4397119
425,1166,1706.847673,71.23596219,179.6067027
426,1823,426.6868549,105.68313,588.2368169
426,1792,802.9820999,39.52069531,71.02350347
427,1875,304.1389632,53.03799715,446.6386701
427,1056,335.8573166,114.8589235,1660.707745
428,537,730.4668847,40.1252961,146.0455894
428,1108,847.3250267,41.957765,107.4271077
428,864,255.9334246,54.97062801,134.2655119
428,948,390.3773495,52.23816357,633.2570412
429,716,223.728578,134.685011,1583.474916
429,872,626.8812743,36.66069345,158.2342511
430,765,674.1569701,70.73406892,752.6222205
431,1386,282.9827895,48.39008514,105.4080954
431,831,512.1666139,44.8189154,179.0019831
431,459,147.2319748,46.355435,387.9180475
432,832,270.0882232,24.19016165,81.54609865
432,1117,223.2747683,28.88586654,84.79609493
434,1071,266.2771936,232.5315952,4264.855959
434,812,721.2610681,55.68884573,153.9598167
434,650,668.6110217,72.72539298,389.3204816
434,805,576.3072459,75.58298864,376.7613251
435,1736,144.1296845,43.27118196,88.48380359
435,1677,272.1220643,48.62920431,198.4849544
435,1828,28.74746286,24.53551428,26.82064186
436,1307,546.975464,19.52604687,16.05314473
436,1809,1025.033509,49.29295853,215.2305848
436,1773,811.0468057,44.022749,228.2856587
437,545,202.2574813,45.09079213,149.7205911
437,455,982.7385679,26.27056696,19.74205995
437,671,377.5490226,20.73251385,45.39434217
438,1240,323.7161354,33.4713425,485.6656502
438,465,360.4435431,26.55308818,152.5919231
438,1011,564.5887476,20.38531873,9.835083125
439,830,683.9834798,82.4867726,289.1954594
439,837,107.9411169,16.86383896,16.97978464
439,1011,351.5193312,39.39240141,70.22829315
440,458,351.9052814,145.2755676,1495.080089
441,1484,192.2927303,58.79999046,492.2641543
441,964,647.0811089,43.66253816,138.758646
441,1514,660.0908925,38.46683097,98.77080586
441,1523,296.1770007,47.61246698,108.3572469
442,1084,319.7622898,17.52563989,36.46542173
443,1050,161.5027547,19.49931462,5.762919836
443,605,331.0817861,31.85424189,125.6591859
444,1572,113.9476218,24.56668646,53.23975626
444,1800,194.4176342,78.19721136,1765.678635
444,1065,458.9497758,37.13513358,177.0217726
445,1705,345.7876087,32.96320829,44.48512885
445,1504,2239.113637,30.40326235,52.18225596
445,1272,2283.836889,30.07429098,44.53369995
445,1675,1276.518468,28.79406011,52.34587213
446,1663,232.8683491,22.57984872,10.80460573
446,1450,212.4484364,17.77445543,54.27164077
447,1114,259.2004389,27.84815795,80.32905467
447,1168,221.5894798,101.0808719,4944.61889
447,699,228.971762,25.90475338,247.4533169
447,836,441.5596409,127.2465439,2360.631424
447,555,605.6576391,70.39922536,32.48980433
448,1026,61.01116025,23.00466561,34.76462098
448,1288,184.5621388,25.90219298,38.61014016
448,1223,1712.154667,22.290471,9.499858172
449,629,745.0250747,253.2292496,5071.300119
449,512,928.6178001,29.20775049,35.26495145
450,1445,1014.781469,33.82659427,159.8173817
450,758,568.6881187,30.69780162,138.6293221
450,1218,652.6608608,51.97854116,211.1237001
451,1407,212.4766895,31.4192134,115.7461229
451,1265,205.6968116,18.1580325,7.173192956
451,1021,304.9521499,63.16483991,247.3298767
452,854,199.749515,41.44458741,64.69391515
452,542,211.6694912,48.21750513,404.342798
453,705,556.9343313,23.36989268,51.26581096
453,1726,379.5489489,80.12141032,333.693352
453,995,713.5162585,17.25660969,39.20195337
454,1389,510.7314006,34.64178617,28.4780603
454,1373,509.629512,58.59210015,233.3008359
454,1534,337.3580849,76.06666035,129.9672833
455,536,227.3259256,21.17787043,6.231198821
456,941,405.9290698,113.2347812,2121.623494
456,555,300.925423,53.32787661,28.16761685
456,1732,250.4579211,116.6552418,1899.724336
456,799,179.8530481,262.1479307,10870.19523
457,1229,433.4806221,51.81177455,103.5884836
457,1061,467.922171,22.08184188,18.95141566
458,781,306.0426804,206.8889001,635.1064703
458,665,309.2799252,125.1155082,2405.254833
459,1454,521.0576293,36.07563204,37.83125384
459,1541,522.8182633,34.69673824,124.3019321
460,1153,699.7236653,77.53301016,471.7370839
460,1335,626.8900077,115.7502727,123.9762341
460,468,66.08638951,188.2179834,10220.14687
461,1641,176.7870752,144.9981506,1834.275957
461,669,359.0957098,41.71597136,72.95252956
462,1118,252.5996352,55.14507064,384.2887553
462,1336,445.962037,71.93232191,174.7451065
462,1388,190.4208117,53.6777839,183.6848488
462,1296,232.05714,21.61783558,19.65731023
463,778,202.5600685,43.02095821,73.28848862
463,1805,147.6014535,53.4728336,141.6392498
463,730,391.1443351,55.70620149,586.4668637
463,877,338.6277925,76.27789788,879.0739876
464,698,276.4329203,99.096018,3926.668695
464,608,1036.890505,44.30661886,115.5209175
465,830,257.7163082,36.85194525,32.17551793
466,1241,700.2356892,36.47533547,56.46952053
466,700,1728.254341,18.77994883,22.66096474
467,476,496.9689526,27.43688126,7.962731952
468,1685,340.2725957,83.61936203,505.0930995
468,1700,478.3520148,34.27811875,59.2770835
469,1391,255.3599632,44.54964783,80.07302051
469,703,1622.907788,80.39880098,381.0565021
469,923,2011.063681,71.4762204,231.5229198
470,760,1397.328501,56.97202906,366.5658411
470,987,140.8318461,44.3041416,137.0664523
471,1891,132.3131901,57.89750486,638.8089356
471,1782,1013.258931,16.87303465,16.51584983
471,827,260.3460928,18.15447687,18.38989625
472,1669,250.9085722,58.66460302,232.2209259
472,1369,247.2161626,34.17961858,27.47337569
472,1561,309.2870407,55.83010532,148.7393532
473,617,412.5236789,41.2761392,157.547138
473,518,310.5509927,20.2126155,4.470117237
474,1198,422.4853881,46.10757881,163.5415562
475,1096,1357.614927,62.33261024,158.370368
475,724,1830.238566,26.93122744,21.17615551
475,1205,231.735123,11.94413129,13.40972398
477,1515,208.9813393,63.78554742,201.0912848
477,1746,121.6308203,31.45462151,105.9073364
477,1408,345.1284077,62.79377858,389.3118983
477,922,417.2953069,43.91522243,90.69054305
477,513,273.1858841,119.648275,1700.109257
478,979,254.0940805,35.55266622,261.716755
478,1387,580.9478058,44.65744522,138.2168846
478,685,315.5945741,17.45755057,34.085237
479,945,313.5298126,36.31869961,28.98865111
479,966,72.26269556,37.93100714,38.88129649
479,819,1229.628076,9.300465019,1.737705576
480,1778,377.5490226,32.01897368,73.89353769
660,480,1036.890505,11.43711679,16.87067655
1788,480,169.3920086,15.54918451,7.596956365
481,1047,377.3260739,29.46395451,105.192666
481,1570,581.4989553,71.04838529,118.2258529
482,653,347.1260675,103.7978603,1365.133811
483,969,544.0247366,27.22538211,20.80978574
1144,483,212.9194736,32.61876495,116.3852683
483,1186,214.165958,31.73813231,71.63831384
484,928,706.9015351,21.29757163,24.81644779
484,963,290.389597,89.19878344,181.1601871
485,709,144.3885285,58.21761006,229.4404764
486,1274,464.2773981,46.44871302,102.8512306
486,593,164.7646902,85.99367504,720.6249482
487,1159,744.8007551,30.72884872,92.53857769
487,1591,646.8891553,151.5955208,726.4316282
487,1243,517.555183,17.57449681,5.647033482
487,916,699.7236653,66.33541154,269.8786948
488,596,1044.207014,49.89195837,103.1097201
488,1022,315.4313458,33.27042313,47.7390403
489,1706,999.998034,39.35768572,119.73052
489,1009,212.1769259,106.26434,910.8684672
489,1602,230.3455076,32.42401897,65.15107515
489,1016,128.4185079,20.39911727,24.02001961
490,1716,245.4629425,32.53496437,114.0755872
490,982,331.9189396,38.48952472,229.0669238
490,1257,333.8853966,5.192805454,3.297945238
491,671,315.9036749,51.14183045,1012.235164
491,581,554.456952,31.13792206,23.9283101
492,573,412.1781335,60.48268494,273.2577097
492,771,1662.937701,31.26924958,56.79033736
493,502,230.0838524,31.9135843,38.68019041
493,1089,1151.644154,79.5865226,673.2554709
493,748,314.2687725,82.83560538,795.9836566
494,530,390.9992642,124.1190267,6497.018008
494,665,534.2668117,124.2535204,2062.812909
495,1299,377.3260739,295.1606433,7087.931303
495,1279,235.3112937,39.46518,99.29825771
495,1274,455.0693512,53.21062064,937.4598908
495,1366,693.9903655,66.63832055,265.3729848
496,1402,1280.812706,42.61409021,209.4804232
496,818,565.1937117,40.67808883,284.5698929
496,622,274.3328539,27.45513818,52.34666294
496,667,412.3358877,34.47206706,51.28045895
497,641,425.9140946,49.92809781,111.1201227
497,1092,494.4566028,38.47270281,48.75144623
497,712,352.9318802,33.42819357,252.3868574
498,1786,467.922171,22.22401269,17.37704308
498,897,316.333154,9.742544616,9.835738872
498,861,285.5168819,148.9202514,1635.353456
499,1825,2556.670043,51.35813221,163.2693254
499,835,875.792814,15.46450935,14.46971469
499,722,1124.238202,22.04063041,52.87079418
499,1737,230.078411,43.49603467,239.4910036
501,627,336.4806058,28.47197203,21.77738219
501,885,524.0079589,84.14317701,182.9810201
502,547,75.31901328,117.1905595,735.5086203
502,1068,560.1996504,37.43836269,11.61808025
502,1139,135.7444148,29.59146434,133.0470434
503,602,224.9325864,35.97787293,154.9334512
504,1248,273.5937563,65.62970198,438.8180149
504,1194,488.0512947,49.38660145,177.2717016
504,1182,141.573317,58.31851375,274.8842072
505,759,562.8715458,19.81991513,9.319935472
505,694,259.5491809,43.44218563,130.1096193
506,826,204.8524914,53.42256821,335.7188358
506,623,448.3341374,104.9559859,674.2642881
507,552,919.8431229,50.98276788,290.1456731
507,1214,568.6881187,4.251354837,0.196952402
508,1549,253.3709515,25.73354015,27.97893499
508,1094,393.0597599,50.19051034,39.99297051
508,1787,361.1545333,58.75982474,267.711536
510,731,410.3207952,62.64627794,431.1644208
510,843,400.6480744,201.6720379,1393.323244
511,893,313.3206268,17.8788421,13.15373216
511,565,241.4176786,105.2560931,146.6943441
511,691,362.5421336,60.40548566,262.7280897
512,647,443.815225,130.7204682,1933.835832
513,1236,149.2203639,45.88908759,83.60897955
513,1520,136.8058842,16.92981832,22.19652179
513,1457,114.9437404,23.0424268,31.60872807
514,1249,207.0063574,33.94975346,54.00301968
514,1270,453.3683008,35.98550711,98.43168207
514,604,307.8154888,18.33442712,11.88213448
514,1098,290.8233659,45.15673482,113.0061046
515,1099,713.2862675,46.96156685,134.7712773
516,1860,491.9788734,64.40364829,329.1190146
516,1266,512.1666139,22.56970788,18.19403877
939,516,626.8900077,32.10608651,42.96378301
517,1791,325.53111,60.86433711,343.7606005
517,1003,507.8290308,36.8096266,82.37829328
517,562,327.1391113,34.69942122,146.917379
517,1312,634.8676795,51.32643002,270.9221396
518,689,146.2787448,34.12310361,55.7132828
518,671,359.9021833,50.85450813,126.1485723
519,1132,145.9190187,46.24919375,282.714681
519,591,436.6127438,51.1954417,316.4073355
519,990,238.1140514,41.98726542,128.752847
520,851,228.7977051,130.3800416,607.1204765
520,547,255.2407113,111.0688522,1059.794647
520,756,185.8841351,177.8518777,722.0251015
520,942,313.6144504,164.2328892,3185.757793
521,602,56.12003488,83.78979868,712.3421955
522,750,958.8743236,26.63571025,46.76947649
522,1355,257.7163082,40.33774537,82.92979159
522,1146,320.892888,73.84437928,322.5523184
523,1320,314.1148675,37.60180603,155.2421361
523,1146,540.0478393,47.10293195,68.88387209
523,1153,395.9190753,44.8639067,574.5712851
524,938,309.5056067,33.70124955,73.18454536
524,632,147.6764057,50.07296729,304.2312601
524,1641,1223.809673,54.69083115,127.5335511
906,525,728.9290015,58.72913481,106.9695898
525,1766,217.7154892,30.51777085,79.14050323
525,1884,188.8040849,149.9051634,3446.33691
525,1886,444.6049052,51.93927918,86.07635554
526,562,351.4324351,24.52341776,90.84128945
526,1459,366.2891095,52.23754616,79.04492512
526,1373,458.9497758,48.2514141,377.7019608
528,1126,144.3885285,27.86385231,107.0357714
528,636,364.3413238,50.11247376,1181.244619
528,899,37.16157929,40.35112497,35.18803306
529,851,501.773329,109.7752401,2053.488926
529,1151,686.2321224,62.14236202,290.1198165
530,674,520.6009924,67.92378415,454.5471096
530,647,520.3990842,62.29918212,736.4225362
531,1370,4033.865372,25.54373815,133.4775667
531,1176,910.1111512,62.93906075,252.5515496
532,577,1555.395818,19.27101762,49.55136332
532,825,261.9023515,25.49587235,31.3865609
532,1249,504.7456495,27.24396071,44.51162671
533,752,429.3251195,112.9842321,990.7644572
533,840,209.1068497,61.36856323,103.983416
534,1276,211.5300381,26.03906886,64.30163238
534,1816,477.2200282,35.51505598,290.6055539
534,1772,495.6572492,27.60429844,162.6985689
535,1357,658.1514157,48.45085802,95.63684362
537,899,419.0126428,36.22754599,252.2999518
537,636,307.8306456,72.19217959,577.6896425
537,1138,377.6218647,42.54941564,126.4753251
538,556,337.7534872,31.29110616,94.6608008
538,991,325.8740239,74.55243494,314.8361798
538,1298,222.4363981,47.83429379,30.58554494
539,611,799.4633154,34.1318699,180.8788244
539,656,365.6032421,27.33872015,55.08469293
540,1625,758.9915608,26.67901209,39.97764312
540,880,999.998034,79.81267284,332.0998813
540,1577,516.1461434,13.69718026,5.643505465
541,685,250.9085722,18.05407233,17.64227003
541,613,241.0734313,54.52919998,155.7739625
542,952,226.6947229,83.33191148,185.3817225
542,784,249.9088715,76.69231161,673.5041167
543,1860,175.556399,25.30163259,38.68940872
543,1420,133.4161403,25.48972148,19.93931689
543,1866,1672.884115,22.76778128,94.21030659
543,1889,1161.652744,87.51634428,994.5908596
544,1357,1124.238202,80.62379392,744.2615754
544,989,467.7929198,65.82355895,200.7535478
544,1875,669.2937082,215.7034372,6643.837531
545,689,502.1806243,77.57275163,613.2587203
546,731,2034.517496,148.881463,7706.247208
546,1168,176.2882066,5.156451938,0.39138403
546,1114,190.3866487,76.36830887,237.8456365
547,1075,85.52590926,62.55729556,583.6906307
548,575,99.25144125,26.30973465,28.36861293
548,683,312.5007547,29.33628399,51.69280548
549,1635,361.8827805,39.54406835,137.1479129
549,1804,185.6881094,32.48470434,69.4212502
549,1505,205.9934587,85.76995775,469.911324
549,1382,167.2679445,90.88224014,777.6651133
550,1399,193.3696927,45.56251099,165.5063411
550,1141,365.7887633,32.56090191,158.7288586
551,560,342.7623639,88.03654789,898.5734147
551,1008,595.1792172,31.32451274,41.63027958
552,1351,140.7218803,23.02082962,71.67373796
552,1443,324.7603541,31.08258796,108.3701268
553,1823,2356.527401,74.10826944,368.2757425
553,1615,1686.876154,84.6451021,136.0519753
554,680,1741.28061,100.5768604,274.2795521
556,1263,317.7348058,21.20947322,26.82277807
556,1318,624.0356267,22.83521998,37.82369638
556,816,385.1798218,37.45064562,114.5033453
557,741,535.6265217,30.2944325,160.9990315
558,1116,458.6310303,30.135357,87.60774529
558,1508,327.3042833,65.9586971,554.4491046
558,1589,61.67462177,30.82401983,65.10506278
558,1655,378.5234856,48.07538437,127.938365
559,1231,189.6240581,57.90795942,203.5479468
559,909,163.4086438,38.78327082,215.9671544
559,568,152.5390573,68.34498312,508.6203541
560,1001,277.0152853,32.72900342,46.10741301
560,668,180.5880068,28.23266337,96.77618822
561,1683,492.1675524,53.29024208,259.1719982
561,1824,180.4126342,34.89190796,83.96880451
561,1677,186.9244155,30.24304163,70.12000446
562,1389,181.8802626,89.86939481,595.1461406
564,1291,188.8080619,24.84859235,53.2797121
565,708,554.456952,105.1009563,566.1010999
566,1274,79.61011847,46.14239712,61.51937545
566,978,242.6223644,35.95296886,134.246175
567,749,1454.215153,102.0467673,1111.748527
567,1463,276.2753372,64.76085503,110.0587759
567,1667,464.7243505,48.59436351,82.71652455
568,1183,303.0645202,59.73291319,241.2595228
568,767,1234.234482,57.90905088,492.8870059
569,650,241.5011285,33.27007352,61.89242944
569,945,198.1395557,60.45119198,941.3957108
569,805,165.6644771,110.0289821,1127.786114
570,606,193.3238535,24.44765222,28.39948836
570,1714,175.2258277,21.93074585,6.727711637
570,1868,225.1874039,27.32704399,69.26145556
571,1221,1432.752477,33.04390927,29.51073214
571,1357,218.3910293,80.93065632,65.25763401
573,1011,332.0120067,31.0751314,340.5917554
573,1348,209.3926731,60.56586388,161.3073963
573,1060,348.2928019,21.08218422,16.99299296
574,1019,191.8857738,11.72400531,32.56356654
576,943,191.1436769,173.2611979,7106.584405
577,1213,618.1668241,22.01882237,9.06296688
577,1049,332.3824495,51.07147876,107.7935841
578,668,440.927846,31.32223498,98.50907315
578,728,126.0383256,56.65578134,755.1522078
579,1620,118.5706484,16.41606076,17.90317815
579,1380,417.6863188,76.83970196,637.3492707
579,1602,455.1286603,24.30255139,80.79991969
580,926,415.7874044,29.61074522,24.18471244
580,1847,308.857987,71.5183878,338.5716994
580,1397,588.5777404,24.6489072,12.97126554
580,1507,175.2294273,28.21588474,57.36525329
581,653,1014.67495,127.4261532,1291.605356
582,609,1155.187674,29.82438381,56.99114371
582,1228,905.4421895,60.18966454,960.790921
583,1187,1289.528685,39.13752228,47.26354813
583,1235,471.5487556,28.74337061,45.32683596
583,1278,426.2283593,52.43201884,306.0257477
584,683,185.6601824,89.14419132,766.8947631
585,1062,246.0498051,62.27745128,1221.01366
585,957,941.1702069,31.22072046,60.92436445
585,1128,1741.28061,72.56291352,398.3644361
586,1383,1120.091888,13.67910624,30.62570007
586,937,2004.171289,65.20763245,188.9807689
586,1367,241.0734313,208.7394741,1689.490171
587,1392,233.370582,39.22421003,32.43989927
587,768,199.2089648,12.70866213,16.76664334
588,624,2558.887309,39.55998197,77.67597049
588,1291,1255.795005,81.97384045,1000.015826
589,1795,535.196487,163.2758977,1674.682874
589,670,2499.055757,18.34519419,6.478872585
589,954,228.4536373,24.21968286,29.93421538
589,1239,759.6472394,99.37976548,332.9226906
591,627,412.5509887,41.81964582,162.0968637
592,935,153.1713089,35.91241779,44.89310577
592,716,615.6853378,107.6097883,772.5700407
594,630,520.6072071,40.99388088,111.8956935
594,1349,406.5579245,79.7988683,2140.720532
594,1679,516.6684936,130.0151378,2941.808871
595,694,391.8038404,43.86178268,251.41018
595,1350,399.3886062,48.4920556,198.511285
595,965,1233.652182,27.15538914,190.1990522
596,945,1400.008339,139.334504,470.0169965
596,994,756.4476166,52.57996976,308.987713
597,1790,1589.350889,19.37054575,7.832583885
597,1605,193.3696927,24.86987783,94.63854399
1030,597,275.604793,19.60156216,18.53193355
598,1474,122.6468622,66.79218574,481.4742664
598,1877,323.1423428,36.97471699,22.32980883
598,1669,1304.912095,59.45090709,58.87612576
598,1173,1051.848713,64.79706827,157.7996384
1186,600,293.5099803,37.40055184,129.2837949
600,723,1255.795005,37.46603145,63.67991051
600,906,423.565812,64.02002764,451.4250029
601,1288,364.5744015,41.00568566,174.4338119
603,1676,443.9603623,44.85984926,177.1603494
603,1122,450.5760534,58.31119313,1257.756689
603,1254,212.8187239,33.14596761,73.90488709
604,1325,319.6698727,22.2605863,12.63443529
604,1295,500.6634181,24.0744549,26.55337768
604,867,354.6651261,50.78505271,115.8983504
605,1050,247.4270666,17.49547312,9.890706706
606,1190,98.19303558,21.97337414,24.30018294
606,988,81.1072442,64.46254867,384.9778123
606,1023,312.7803781,34.39174229,101.0841993
607,1149,313.9204424,102.070539,605.3808458
607,1017,461.9066001,33.08213635,84.31785094
607,1131,506.4348279,24.01110045,11.72006603
607,1827,481.4511858,95.95498975,822.1362047
609,787,389.1891435,63.25067399,141.2398426
609,1004,337.2747106,17.20557856,7.43771516
610,1323,300.2698023,26.97467507,53.66136318
610,1353,176.3622819,27.60360686,307.1606657
610,1157,344.1873759,37.96447007,995.5743953
611,620,350.2059925,44.71767473,190.6784963
612,1170,354.6830268,46.57686713,177.9540014
612,1128,306.0825483,22.10650862,29.32857574
612,950,140.0576135,50.81303969,167.8217035
613,1387,1103.828643,61.93795749,216.1607709
613,1237,814.1403013,30.31729296,59.9860777
614,896,1280.812706,22.90029146,38.46125185
614,784,293.5099803,61.15572239,175.9530554
615,1388,653.6597625,59.81542611,374.0169479
615,1412,312.6233832,64.99958333,312.1557479
616,1857,575.4347967,99.56347619,1107.185369
616,1337,429.1016293,28.57252529,76.86865898
616,1342,208.4203538,38.53712682,178.8657385
616,968,141.5225217,101.7183227,148.5093961
617,689,187.0601788,50.06902409,317.9067296
617,1107,150.9818112,25.60758604,74.15371894
618,878,91.89183806,23.99803526,17.40970291
619,1121,469.8656346,49.30755739,145.7624989
619,837,406.3058076,48.59154813,373.2137858
619,724,178.5930974,51.31237086,65.3830468
620,701,117.555509,47.44369698,102.2258741
621,1637,331.5724099,36.22483238,55.11006746
621,824,555.8898734,82.21166994,203.0199045
622,804,351.6685067,25.41083366,36.34707373
622,930,562.8715458,85.23858018,339.8797192
624,1766,856.9806966,53.88237108,116.7334468
625,1773,264.08751,54.49628871,398.2383939
625,1681,316.8667279,59.32302529,420.8150572
625,1821,247.8196271,60.79353624,315.786244
627,1067,198.6988912,22.95928052,25.19585109
627,1033,139.940451,25.83329112,20.3710634
628,1308,578.6141626,26.61253675,42.69340251
628,1133,304.8027503,21.48813408,55.81994448
629,665,304.1389632,34.9231241,106.2202184
629,647,432.2380955,28.09686628,118.9349688
630,675,570.5216524,137.5149195,3062.27803
630,1460,239.8968548,27.03614006,274.6237421
631,1070,540.4840577,31.75900418,35.17605421
631,902,236.0345599,92.89069024,735.3842947
631,1135,132.1916283,23.07077193,14.44910633
632,677,983.1410724,55.46029287,117.883524
633,904,219.1141492,37.29373146,318.6283295
633,862,231.735123,25.44813799,26.81845849
633,1533,515.0530804,24.32011789,59.66618878
633,651,270.3876214,33.29913654,27.46414523
634,821,449.1287667,30.89269551,60.68710001
634,1725,165.6061356,44.91995299,137.3480269
634,786,264.4056949,94.88340079,824.9231908
636,808,240.2681057,45.98314971,473.8107771
637,756,361.2623371,48.96729694,179.3204972
637,1343,27.24439479,93.77890671,1016.52315
637,1217,187.6538421,326.2603846,10509.43128
638,717,1099.55667,38.95252957,115.3138303
638,1478,210.0897338,47.22569834,161.9706078
638,709,566.8046306,32.98848581,59.64357608
639,1013,440.469208,37.4183166,80.70625439
639,929,242.5286421,49.89642487,144.1989456
639,1378,257.092466,32.24633242,116.1946346
639,1406,526.3930735,25.83253569,24.15120734
640,825,509.0410597,23.61315183,66.88625675
640,1249,214.3025008,29.70046992,69.13403796
640,1270,714.5698479,51.95897969,374.7113425
642,855,769.9336156,29.02717119,97.97080793
642,1341,353.7171055,45.48963952,296.869413
642,1446,471.329341,29.8758928,92.78081234
642,1890,1125.188288,63.63716205,236.1181972
643,849,616.3124407,62.64617672,217.9304043
643,1654,246.0758193,27.19205026,41.53214134
645,1053,262.9853943,95.64697384,715.3398349
645,1234,394.0931082,87.26011508,121.6226325
646,1205,338.2452817,31.37283371,173.6565388
646,1103,405.8030188,50.8843578,953.5428561
647,1418,285.6781238,191.3411374,736.6822721
648,929,376.4561013,33.8778403,77.82881239
648,1309,261.567007,40.30796231,130.6186873
648,1406,1055.858964,72.35257586,285.2448917
648,710,86.37263302,66.37646169,1446.320203
649,1255,254.5667925,88.70328973,586.4507272
649,1363,96.10959483,38.14785084,103.1804142
649,937,93.67032736,31.95103484,96.21140106
650,695,268.7115101,58.31791473,331.6731497
650,945,393.4139868,68.3347749,518.4059802
651,841,190.9052235,15.86840669,20.00071706
651,1560,259.5491809,31.42141452,45.84201547
652,1579,393.0597599,28.12173029,28.90464489
652,1642,366.3659135,23.84864737,22.91918632
652,1444,1101.767362,55.12332604,237.6219051
654,948,257.092466,57.40259484,303.8371191
654,983,1069.288059,18.44092029,19.73308851
654,1222,781.5581147,20.76583817,11.81034855
655,1181,470.2261944,73.49122226,406.0417411
657,1532,504.8516614,48.82204773,45.34395443
657,766,196.321225,42.36990106,17.92268855
658,1189,388.6469014,38.79973087,144.075095
658,881,275.0018723,79.70717564,350.9722403
659,931,288.5198866,39.84926524,60.19723779
659,1043,299.4326317,43.71777691,299.000779
660,1712,104.8943503,28.19443655,84.01749537
1758,660,1293.915135,40.01597199,170.1482566
660,1752,504.7655711,43.24391553,327.3460463
661,1405,389.3282257,30.24044283,51.2168444
661,1797,352.151325,39.99380055,83.40659491
661,1627,39.97393983,19.76785499,38.18190659
662,1639,395.8316253,88.60079471,499.6012471
663,1150,174.2833943,21.35293366,8.717238963
663,920,386.3043426,25.04130872,37.29090043
663,1095,494.3112084,67.24892572,110.6440069
664,682,78.25206767,32.73107119,107.3505837
664,1054,255.2407113,45.35578843,110.9160099
666,1402,284.4441927,109.7982256,1116.925869
666,817,222.1820801,87.82360437,480.4884194
1426,666,674.5268534,43.34494396,110.8804108
667,930,1047.798901,78.74437782,337.6346989
668,833,1605.266396,46.23620978,125.788585
668,791,454.2245491,51.71754723,187.784433
669,1124,158.8096179,63.92707456,216.7142575
670,1125,1212.751048,66.99200836,491.2888663
670,1369,1980.528202,24.31243548,8.418537565
670,1621,225.1874039,106.8712235,926.1884467
672,1186,1433.212385,45.24973373,161.7427529
672,771,653.6597625,32.92670464,50.44801621
672,723,484.4924959,30.59317178,51.6477163
673,823,190.9435949,7.349730274,1.98165515
674,692,121.5519876,35.80053188,174.3405463
675,1366,140.5790723,139.8956689,657.568823
675,1670,306.3666994,72.44495468,732.7787356
675,1511,266.4956245,107.6610004,473.0207386
676,1063,218.8597011,54.96655201,138.473831
676,1681,346.0714532,83.60390531,333.8872482
676,1159,208.9813393,25.71964886,34.49793641
676,1275,347.6498187,50.04119674,97.47362824
677,1629,151.6687856,25.25509162,12.55861065
678,1720,334.255527,15.57129577,41.7341287
678,1893,287.293263,43.75753062,210.4165298
678,1686,307.3229515,67.9663103,240.8766058
679,1747,394.2664607,64.54676984,251.3641274
679,1817,398.7211986,116.558349,1045.822078
681,864,333.2326205,29.07801539,26.30217914
681,948,337.2747106,52.95397915,355.9739901
681,739,506.067925,53.02146629,389.9630326
681,983,364.2085207,58.66596403,312.4452792
682,1303,509.2293938,41.43139089,129.2581988
682,879,414.4702621,34.73405379,103.0322645
682,1253,360.1340311,42.0725262,174.153761
683,757,414.3223762,106.4237865,533.5243895
684,1502,791.542227,59.77610085,268.166722
686,910,1666.817721,82.3465769,474.6854743
686,736,1974.658957,52.90274832,596.2565629
687,1065,1027.908899,60.51691482,158.1487828
687,1774,409.608127,27.16833851,90.05545703
687,1440,623.155329,35.45075879,127.3688836
687,1870,219.0246148,41.48671919,99.6172789
688,754,593.3162441,22.28634392,56.36731385
688,1795,293.1300936,19.12121639,38.21911629
688,1125,364.3413238,43.93262301,123.0961226
690,747,591.9293834,110.7579389,610.4659977
690,707,418.892414,63.72395903,5949.528802
690,1132,318.9586978,51.93547407,206.4685915
693,1128,304.4017252,61.7932985,354.6689662
693,1454,352.7578063,27.14640922,37.06774482
693,1538,484.3072559,36.97789834,18.08311652
694,832,202.500837,20.54917783,59.81356223
695,812,643.5875973,81.12011969,569.1343196
695,712,506.1965775,83.94752253,866.9445991
696,1659,136.2816524,33.66074001,53.24200482
696,1834,315.0380857,62.15221832,177.874793
696,1671,389.0097565,64.39160016,411.2937608
697,1639,280.2382615,17.61814849,18.53027798
697,1456,204.8524914,28.15391542,121.981737
697,800,377.4880952,23.86520049,20.44373461
698,1875,669.4787115,113.8394328,1555.647152
699,976,418.7348423,106.5765231,1389.589687
700,1293,4023.798886,23.60678462,13.34424719
700,858,1808.60053,3.065337179,0.206956084
702,1463,1062.645007,31.94370423,58.28607476
702,1334,714.5698479,75.92823328,411.5130404
702,1544,493.8147888,21.73783537,10.17675899
703,1285,669.9234775,37.14805741,59.77322803
703,1403,188.8040849,60.60454458,324.3588246
703,1189,273.2144727,24.67400054,41.76836167
704,941,244.3404887,272.3755823,10461.59833
704,1732,107.5830727,91.28846397,519.5847804
705,1887,159.9451335,25.72816608,29.14006403
1886,705,211.3874654,52.12361084,95.40087967
705,1599,1023.613396,36.37501224,53.16559677
706,1621,597.146254,57.13020531,266.7658201
706,1495,656.4404604,155.5426755,1253.56783
706,1723,183.4471189,41.58756122,137.626533
708,1258,233.2586384,36.37178282,137.6247169
710,1574,191.610028,23.56647191,22.1403833
710,1319,244.0320835,41.64998823,251.5368015
711,1295,436.6127438,36.93021484,32.68278921
711,867,313.2438909,71.31952277,130.8343872
711,1305,604.9681706,140.1151152,2084.491478
712,945,315.5945741,25.26601623,4.306602988
713,1360,175.2294273,56.08512725,97.12980264
713,1850,307.8306456,51.15167026,41.51998552
714,807,683.9539466,40.72987912,188.54869
714,1576,351.1958333,25.55699427,24.23507072
714,1185,375.3729859,28.50608868,52.69799656
1745,714,313.3206268,27.78056958,38.61517729
715,1039,242.8644927,12.73154781,36.6467327
716,823,542.2734733,23.05975206,171.2939744
716,1235,356.8069472,30.3052721,45.89234076
717,773,191.5495274,34.99241735,160.8693199
718,1314,165.5916463,74.85884048,509.2817604
718,1269,472.9959756,38.77395839,54.18709537
719,1731,68.03218618,49.57764139,91.44479009
719,1483,174.9291595,44.53931417,89.48352376
719,797,242.5409171,82.67201783,257.6775601
721,1412,245.847861,22.76832026,51.32121228
721,1836,139.1397902,37.45933091,88.16658642
721,1545,332.3824495,31.39583885,60.03444204
722,1477,600.2121493,67.91116645,338.1621165
722,1267,459.1449638,68.09371655,334.0220654
722,1709,199.7437476,50.30797884,202.4609501
723,763,213.9587435,31.98924522,69.47872874
724,1348,187.8496967,74.78780833,428.4789409
724,970,473.9405049,62.88285394,247.918021
726,1691,1510.602443,32.98256978,48.78489943
727,1310,425.4607447,4.420821007,0.668276149
728,791,889.3523211,29.12977931,65.18104914
728,980,1256.785563,56.02075194,334.4945294
728,1008,398.1009021,38.39936504,126.0255671
729,1812,313.5298126,26.71981273,106.3225181
729,1208,205.9934587,59.97753538,442.3168141
730,1811,346.6419963,53.21571588,122.0299975
731,1180,1640.565362,25.44747997,130.5700983
732,998,963.5097573,31.60837244,253.9829819
732,1247,982.4759564,25.45917069,7.384102883
762,732,67.1048322,67.15156854,465.9709446
733,781,1069.288059,128.3732706,3318.62021
734,1476,791.542227,97.62691169,543.9143416
734,1760,691.7608617,49.51112924,138.9487947
735,1340,244.3310552,30.64432948,54.24559841
735,1439,235.1135961,110.2343761,730.1928366
736,840,756.1053196,68.39861213,170.5843133
736,1071,537.0465409,66.87726044,203.3613688
737,1728,273.4911032,23.74824644,45.09266386
737,946,283.5724244,54.4274262,74.23958898
738,1471,192.2118626,28.42923187,68.80657349
738,1783,278.4021645,10.97938892,3.459613824
738,1843,1151.232273,46.0892348,223.0607959
740,1033,227.3259256,32.93664175,40.02681583
742,1517,422.533469,94.35523268,624.0715333
742,1248,350.1660614,82.35723809,292.5408558
742,1499,496.9132974,29.2909567,21.39989126
742,1496,352.151325,44.29342176,95.02658357
743,895,194.6769792,98.21779412,932.1584105
743,751,381.8613171,291.1150302,14065.31637
744,805,161.9954584,301.1581028,15567.48483
745,1106,932.9795716,54.9736753,815.8136874
745,1874,471.5659986,38.67352385,122.2631652
746,1624,234.484803,70.17229148,232.2924176
746,1251,72.26269556,23.37802525,56.51799195
746,940,387.1093873,67.05177706,733.5426537
747,1067,1454.215153,39.06803673,20.98138087
748,1253,1014.67495,43.93891714,117.5260965
749,978,242.8644927,60.48547374,257.8326413
750,1475,314.5977668,18.80473274,4.489477321
750,767,136.409658,123.2446522,742.7711398
751,1129,207.212196,92.76625069,1484.675591
753,1563,178.2509221,40.84719061,34.27696374
753,1792,136.2343272,47.78436938,267.5681391
753,1756,302.4485886,5.210019283,2.824922035
754,1287,375.198357,68.94218127,297.5879332
754,1480,220.8072402,23.63987445,22.67662375
755,1252,289.9981091,55.72319096,99.49886015
755,941,477.8586952,180.7497962,1419.962238
756,1151,356.5411024,67.47114973,25.64186245
756,1333,296.9386811,36.75339313,99.74468326
758,1640,422.533469,82.52602287,320.8453947
758,1329,142.2912529,20.45963031,35.98792776
761,1720,334.6260569,25.84979734,70.3101425
761,777,126.8696917,36.57495529,151.3022954
761,1656,230.5115871,47.73096755,114.2007156
762,1594,132.1639888,57.99497314,158.8916215
1651,762,287.293263,61.5873242,204.0381846
771,763,136.2816524,36.28143321,69.75039166
764,1157,431.0930951,73.6703448,646.5926875
765,952,321.2386193,101.6245217,1097.359204
766,1230,350.2268409,34.39190047,45.04312851
767,1431,419.311019,25.1731302,35.50530189
769,1521,444.6381518,19.24785178,51.57060905
769,929,450.4908351,43.63402128,238.5965278
769,1309,290.2760773,26.61540435,12.05494235
770,1594,362.7047848,17.25204883,27.91459717
770,1651,1605.266396,59.8132282,233.8031865
770,1191,657.8851349,25.44153415,10.25261181
771,1060,476.5458367,63.03734038,773.1318881
772,788,331.9627717,27.42659836,24.95170849
773,1608,583.4441876,26.42465178,68.25038659
773,1478,361.2344827,39.05287659,125.9407686
774,845,742.0186781,41.33314368,149.9616668
774,1475,655.5253337,38.56667221,111.5435883
774,908,461.29248,76.99638115,153.5015149
775,1010,477.8586952,22.45440305,15.29333701
775,1177,398.9027904,44.51875224,149.4534265
775,1084,405.9579217,30.10125849,54.04911412
776,840,248.5186834,177.5142026,2333.051173
776,812,566.5000649,39.99121261,29.45475287
777,1653,361.1951487,37.27235754,221.8795736
777,1497,144.6887032,70.58231797,1231.095443
778,1727,212.9205378,27.4370422,31.99758938
779,983,165.1214109,24.37475083,52.66303254
779,871,223.9757753,47.08194269,422.6324069
780,1241,238.1140514,28.20232399,33.36777431
782,1382,183.0073139,81.31854771,231.731255
782,1580,570.5966595,24.25548732,27.19621897
783,811,766.0010004,21.0260906,122.003586
783,1141,278.1866081,31.56858322,109.8724305
785,1614,344.7425771,9.926024908,16.07734661
785,1154,242.0373337,38.99183127,87.45256281
786,1644,461.3054735,26.66229106,54.55624903
786,1200,859.1051817,24.75668925,17.21059274
786,1177,542.0671848,29.82202487,110.7975923
787,829,124.0511176,36.92506352,55.59492281
787,1074,733.8491381,56.69668332,207.0198892
788,802,757.4978528,23.23125954,7.379524575
788,1026,244.3310552,22.00353672,13.45261895
788,1121,567.5876592,27.41890758,62.39453039
789,1481,879.7321326,21.20899669,27.07831238
789,1553,107.5830727,30.33151109,84.43910395
790,1035,287.2852446,44.36101606,141.5163861
790,1091,200.0700202,6.132891511,6.669726
790,1419,173.6150959,33.16648778,82.84137626
791,875,262.1330427,55.20583937,361.2881643
792,1065,310.2824611,61.09012387,418.5713725
792,1404,136.0388933,67.91652783,226.4400955
792,1774,98.15316266,104.3451985,677.93319
793,1131,255.4761167,125.160696,1721.436561
793,1851,260.5056325,37.91595866,56.00827966
794,1102,244.5961223,42.78887377,337.7029323
795,858,342.4608015,28.28686767,27.42300072
796,1457,239.1655126,40.97805637,73.41793798
796,1048,293.6547713,46.08785039,92.55006975
797,1265,210.0897338,35.05623966,34.8979734
797,853,1054.551688,61.43147677,228.5200415
798,1722,652.6608608,45.44533526,214.585735
798,1220,314.2687725,42.71163314,54.59720679
799,1234,173.825007,85.82755526,363.0397217
799,967,262.0354496,63.49758572,759.5726549
1663,800,330.0351497,17.23279369,14.87062966
800,1501,247.6208231,44.88896818,132.3068015
801,892,387.465959,59.73583942,253.4737479
801,1144,528.5533142,23.70167804,22.31276203
802,1115,1013.258931,32.06884253,1015.915264
802,1075,637.9453543,90.42110953,1342.990707
804,1195,359.9913936,63.20236502,372.9921447
804,1375,229.0295232,11.90832658,12.96658487
805,1057,326.1153469,51.50544911,195.4896601
806,1100,553.213835,51.08262515,205.5121392
806,1488,308.0733628,44.15944608,94.81717793
807,1761,641.3544503,53.68280253,102.8133976
807,1282,93.0879467,33.06221527,227.4959412
808,1088,151.6410718,41.11129857,56.89661621
808,1162,75.58673852,64.82042926,843.8094275
808,1138,272.0009025,80.16951935,994.9258809
809,1181,290.5469425,34.62598629,48.27834619
809,1115,261.9023515,16.5915957,5.345616963
809,1204,193.7712416,20.87405895,47.0872753
810,936,421.7226665,23.3262233,49.49035799
810,1264,98.26014065,12.02925999,4.675593058
811,1399,122.9169129,44.18643885,222.9459069
811,1315,464.6200432,27.7026129,27.64336034
813,1856,591.5561868,30.63844524,141.8340515
813,1883,934.5742395,22.93183099,40.80114723
814,1615,1197.465221,33.06506712,67.19295765
814,1292,361.1545333,50.44820199,242.1193737
814,1759,414.4702621,101.5677312,383.1613791
815,934,401.9370702,78.2427625,943.3102558
815,1011,724.660058,87.60068346,3381.445122
815,969,240.825324,24.63779704,189.1853513
816,900,216.9899549,34.93797901,88.33035334
817,852,544.0247366,44.3130775,167.0472951
818,1195,570.5216524,144.4978635,871.5656879
818,1207,368.5087932,21.83303904,9.469129619
819,938,439.5600484,8.518734456,1.973733242
820,1250,480.9057184,9.999917382,13.91444995
820,1512,1763.386917,28.14806556,138.3914803
820,1808,468.6458284,107.8064833,2593.595895
821,1779,323.0325162,48.35335204,253.4091658
821,1699,271.5578782,36.93986396,79.970881
821,1865,623.1272975,37.58252399,71.38394521
822,1039,516.574677,178.6505409,5726.329397
823,1157,515.0530804,27.90221194,8.318062265
824,1344,1564.535366,70.90021074,387.114104
824,1248,562.2667658,68.37018674,516.5563773
825,1091,241.3516405,201.3869182,4176.10961
826,854,129.216138,55.40452769,232.4744684
826,924,491.4043861,39.18346467,46.28178153
827,1782,437.0810983,15.92115722,19.59690013
827,855,626.972133,25.80084455,75.58019077
827,834,460.0505267,51.66108328,79.88167369
828,1540,1072.394654,23.8865791,39.28396282
828,961,804.0456248,42.05510303,82.68027324
828,1771,250.6635728,63.78587719,517.2176981
828,1861,260.9699899,21.98621795,21.87517949
829,955,461.7218159,44.21857451,41.97267575
829,1053,192.1778845,41.65250534,40.12657104
830,921,112.7359856,15.71720418,3.075220281
830,1223,267.19042,52.42362535,252.5258649
831,1324,196.321225,38.14394343,97.10893095
831,1586,623.155329,46.98261496,209.8987895
1541,831,295.7703961,26.22413311,41.27023866
832,1363,268.3745656,47.79923545,291.201319
833,1001,267.044376,27.90266308,131.1258262
834,1500,140.5790723,19.66123162,17.61825526
834,1388,279.4987668,55.91561749,89.91542056
835,933,219.7756159,73.37663532,1512.136607
835,1287,206.7078728,29.23961157,28.56167759
835,1795,386.9552079,41.55014481,144.5933885
836,976,147.2319748,55.98761113,254.8263279
837,1348,189.6240581,58.72670907,202.256812
838,1703,139.590631,58.93968612,307.9646465
839,1035,212.9205378,32.52388619,16.5611062
839,1419,565.813551,49.86118334,234.3479184
839,1379,326.6865222,61.31311074,242.0093477
841,1894,173.2781747,81.34124887,570.9984589
841,1503,478.8591703,40.87580326,85.75340249
842,1819,347.4242163,49.9860994,186.9893933
842,1531,1008.555635,20.24197886,28.18745414
842,1063,573.3650639,33.63572372,122.7448342
842,979,525.8015631,41.85326909,20.7810658
843,1025,928.6178001,40.58675663,9.259061638
843,1168,756.4476166,19.58184103,4.898487411
844,1278,173.825007,56.35177491,200.5241798
844,872,470.8153398,8.521431633,2.422787989
844,1199,111.7340762,73.24124583,1766.985051
845,1622,906.1380717,52.81744231,206.7545297
845,1475,550.0465466,110.2038419,445.883228
846,916,531.8086827,60.29369313,118.2565975
846,1056,320.1338172,136.2401103,1998.206761
847,1085,191.5495274,35.73743181,150.8740052
848,1154,231.3441538,78.0261751,900.3889637
848,1650,233.7767717,41.25742893,76.10478086
848,1610,138.8978377,40.01865267,158.6999132
849,1729,221.7950418,74.77402213,415.7048623
849,1131,245.847861,23.23261108,3.765970439
849,1877,188.032783,32.55418278,102.6896541
851,1268,275.7908357,61.40892611,607.017371
852,1224,212.1769259,60.06052401,121.3593868
852,1553,606.9541362,49.07855943,288.2531206
853,1171,127.3342456,51.1161705,238.4083513
854,952,371.0090891,35.19076147,70.57788328
855,1238,322.2312508,56.80334962,288.0231803
855,1100,391.328738,73.38504167,245.1403318
856,1859,235.0038754,18.26718219,30.01049592
856,1413,287.0060595,13.76718294,21.93286063
856,1731,506.2930459,31.56506804,47.17133143
857,1240,185.8841351,52.7899927,280.6755206
857,934,300.2698023,69.40813827,836.0689296
859,1898,490.8295407,76.07519726,633.2835799
859,985,349.0905354,19.6674682,16.79972383
859,1661,1314.719203,22.75266217,40.24517869
1691,859,283.4620995,44.87614246,191.6943085
860,1359,224.8101062,43.36577228,127.8512692
860,1165,335.5366158,43.85500031,57.95845234
860,902,397.7534043,73.92818896,386.0407414
861,1015,498.3483237,59.27166183,293.6992299
861,1078,478.0267061,66.68895169,366.7718302
862,1828,149.2203639,49.13763646,210.1388347
862,1824,231.3441538,72.16450302,780.9508322
862,1894,267.1579858,56.84757392,152.706863
863,1851,121.1557126,39.0243756,270.9460751
863,1066,349.7934557,43.68984858,133.719684
863,1221,177.3788564,41.210584,194.3896753
864,1138,246.0758193,35.68624866,86.92854579
865,1343,278.2390102,23.516154,66.02685243
865,886,345.0539638,29.66190414,84.09585644
866,1628,2283.836889,40.54122002,113.3984064
866,1299,4033.865372,40.98833731,67.91212977
866,1259,1293.915135,28.71203417,134.7182193
867,1098,193.7712416,25.59671561,47.49405098
867,1340,250.714191,41.58146271,124.4063037
868,1043,533.6401359,67.38225235,284.9509382
869,1683,250.1775177,24.42078903,80.2234165
869,1677,338.2898817,59.14791137,263.3053347
869,1736,608.2677526,17.34287927,18.8070007
870,1707,448.3341374,55.10653367,225.5304763
870,1672,366.3659135,51.78849249,299.9598025
870,1555,401.9370702,34.26464907,157.4680422
870,1715,288.1393449,52.92149188,253.3335964
871,1046,409.1217955,19.46477827,56.19823853
871,1246,235.3112937,39.06576937,46.90746462
873,971,89.80652483,27.989878,26.69148581
873,1688,154.6465621,52.35300037,312.5126164
873,1628,1432.752477,62.0789517,445.1348926
874,979,192.5960514,29.52205657,66.6933942
875,1220,261.2204073,37.33520138,101.6340378
875,980,439.5600484,22.4498156,24.8291522
876,1124,1135.948688,20.79284323,28.24926416
876,1536,173.7443974,37.74858675,130.8497966
877,1811,764.6463941,40.0409452,165.7432132
877,1687,221.585854,22.1516801,45.49688214
879,1313,228.6426132,28.12370637,13.80127761
879,900,304.4017252,56.26863877,229.4236374
880,1158,422.2628695,34.01750634,189.6061251
881,1345,327.3099315,41.50132502,126.2541287
882,938,173.2564684,172.1823092,960.4125195
882,1085,213.3433206,84.87697393,348.5184387
883,1734,165.5471003,68.65843625,148.5746367
883,1449,454.4944612,69.74979059,845.3180899
884,1456,194.9990325,36.3619932,368.2852496
884,1501,208.9353201,30.73688591,106.6016158
884,1835,516.7491094,85.71791715,2122.587412
885,1102,1025.033509,48.93743945,308.7945491
885,1204,421.055211,61.59702205,45.21220497
886,1328,377.4880952,24.25513356,3.25781781
886,1323,683.9539466,32.89296665,3.059013196
887,971,413.5034479,48.5088109,253.0186919
888,1111,583.7037356,30.62780897,24.19603391
888,1435,2285.848059,32.43629776,69.12472248
889,1057,628.6257362,49.22977117,81.22943664
890,1784,290.5871016,13.81219833,18.14195176
890,1692,383.8978287,37.34500124,141.0794685
890,918,301.161894,56.92952814,111.3291833
891,1813,331.680824,39.01982537,106.5101108
891,1393,429.691581,26.20437085,69.77967024
892,997,287.5339652,27.67221239,75.39358183
893,1353,241.6442947,41.17680645,72.64726761
893,1169,220.9492292,58.12095191,720.8518655
894,1628,196.8525428,27.69815672,42.20360262
894,1568,175.8291427,26.92168292,52.8456402
894,1259,284.1048662,68.19662406,359.8701491
895,986,304.3038699,62.72626979,253.7347239
895,1300,396.1457194,75.61491179,114.9384238
895,993,285.6781238,267.5353095,20739.45186
896,1036,232.8213646,31.66686144,122.0723288
896,1064,214.9886571,48.53150009,151.4390177
897,1888,224.0087819,60.49294274,552.733434
898,1827,386.9601822,35.26682132,170.6922987
898,1851,369.6500203,111.4807992,564.7434965
899,1025,505.40604,78.83259833,919.2324469
899,1108,258.3630147,24.04173818,65.00945835
900,1318,3630.189347,78.54444291,324.785052
901,1661,3113.028242,32.21250363,53.59982334
901,1438,2663.702411,17.98509054,12.99509492
901,1319,668.6110217,44.50624218,48.42657179
903,1732,568.8964783,38.81959653,32.52093854
903,1539,914.1837157,85.10233814,289.2543015
904,1512,310.7959552,53.8201495,154.2714944
904,1518,340.8211338,43.07398922,103.2429506
905,1185,224.6265588,38.64768132,130.4639336
905,1745,1433.212385,23.54111961,37.50011368
905,1705,493.8147888,20.82603486,22.66689811
905,1504,192.5960514,35.73478644,72.48004627
906,1885,1664.859868,22.15735751,8.30077364
907,949,278.7823559,49.13770431,212.8189014
907,984,273.6748765,45.43662967,118.8634044
907,1047,225.70321,31.26110598,60.25729043
907,1546,452.5730792,68.10124114,325.2486374
908,1358,134.537117,133.1484092,4814.604084
909,1395,378.2537959,45.50471084,78.14850743
909,1622,166.3330078,129.660521,1051.093912
911,1614,467.7929198,17.00500257,109.4600437
911,1780,248.5186834,80.27380935,2507.904054
911,1900,489.8020495,17.59416094,11.09880094
912,1073,363.9895721,31.79104663,89.99493091
912,1471,327.3099315,17.21106516,10.72844365
912,1519,81.32587157,23.70085559,36.7522249
913,927,188.4418958,20.50629279,94.81168343
913,1210,180.1292799,48.37898952,261.2830564
913,1192,311.5380371,38.20447102,216.165888
955,913,129.7246327,44.42113722,172.1752409
914,1223,164.5701772,11.11917052,2.233877471
915,1604,183.7408367,42.78286964,193.593366
915,1643,856.9806966,50.23733717,140.9972799
916,1875,1054.551688,161.4328798,3146.752146
917,1057,445.4054304,39.43736813,170.514012
917,1022,312.3035886,27.91320722,44.65003801
918,1569,211.9033815,55.81103189,516.2950277
918,1573,205.6812406,51.33220732,109.6725671
919,1781,207.7138149,24.12814093,12.05944066
919,1639,502.1111475,30.95629293,49.19249267
920,927,121.2443022,46.67786006,518.704938
921,1288,269.0872958,22.10643915,42.80766385
921,1240,165.5916463,51.16148807,305.0068016
922,1804,183.1001312,105.3461875,1229.780523
922,1505,218.5492369,27.35461075,40.33896798
924,952,415.24228,76.45411233,385.4581869
925,939,204.2516645,30.90481802,148.426998
1072,925,332.3477681,31.24553533,248.2779279
926,975,507.8290308,13.85708679,19.66142546
926,1045,255.4251042,36.01865391,50.47722724
928,1075,361.0762485,44.36567977,401.9627753
929,1551,59.97920594,45.34759456,464.6182538
930,1383,182.8543638,74.78707764,179.1233144
930,1371,264.9869195,224.966917,1971.769902
932,1701,179.7670643,56.25507395,226.7031662
932,1876,84.50477683,75.43594061,368.7989446
932,1009,180.9136321,41.60072798,139.2394544
933,1833,203.1393862,46.17175377,76.98291898
933,1825,412.1781335,21.89146738,42.90586468
934,1246,516.729278,29.24093368,69.32853289
935,1353,151.5351911,54.22098835,141.3732781
935,1169,368.1805411,43.02327845,137.3531344
935,956,100.6051159,40.59803964,157.5118635
936,1550,120.950215,108.9626283,602.6803733
937,1117,196.6699687,67.13566023,260.6197286
939,1420,281.2981577,29.3926947,108.5610042
939,1575,1387.754926,23.80399689,16.45861328
940,1149,1120.091888,43.83069164,47.31407595
940,1729,769.9336156,37.20198996,138.7568057
940,1131,261.2204073,77.37453613,256.6210796
942,1068,340.0459077,33.88732738,228.2289615
943,1152,339.7840332,74.34108459,617.7461679
944,1219,729.1902363,32.4826389,199.0585746
944,1295,461.8181134,18.40884138,12.26609812
946,1545,262.9853943,73.62814567,186.3945407
946,1864,319.1842578,64.28843376,1488.758796
946,1614,142.2912529,34.68516362,120.3499109
947,1347,173.6150959,24.96580369,59.02472499
947,1552,334.8991809,25.30289996,47.14635528
947,1361,304.2261242,48.70253312,141.149596
947,1197,228.4536373,26.19648967,113.8953087
948,1216,382.6730463,41.09077425,85.5752365
949,1308,98.26014065,28.6630534,21.87445128
950,1041,313.8177829,62.51330198,235.4087063
950,1398,228.3722807,33.06120477,30.61160802
950,1390,479.26032,53.86823669,228.3131984
951,1091,5555.625992,27.48037219,19.42738607
951,1419,167.2679445,27.20043474,30.5896352
967,953,566.8046306,118.5791165,1203.489856
953,1557,506.067925,24.21818724,8.448118621
953,1846,239.0312783,29.40538738,63.73639941
954,1737,237.5079512,118.5328479,540.0654888
954,1579,223.0838282,24.55003481,12.02552703
1192,955,264.0017055,39.5304687,86.3863974
956,1187,506.0911374,34.90502311,20.96366758
956,1235,443.4145726,73.33169278,2158.43122
957,1362,75.50330093,41.55338759,157.0314805
957,1547,290.8539716,39.53132441,132.6689277
958,1183,336.8025037,8.054841782,8.267452487
958,1305,669.9234775,64.68943384,179.9823377
959,980,335.2836766,18.95669424,6.055179607
959,1008,1135.948688,30.4088622,334.0520716
1748,960,844.7026092,46.64019589,149.4477542
960,1321,834.4591962,51.78901486,133.7400218
1760,960,373.0802071,43.37396648,88.0948874
960,1649,554.261027,53.69286025,175.4337598
961,1101,266.7629033,82.60943209,431.0103862
961,1317,359.5430798,40.32198212,42.01128883
961,1429,980.7063535,72.76980335,286.9896614
962,1095,503.2303635,27.42659223,40.08012452
963,1127,422.2628695,26.85846981,26.23424915
963,1115,252.1376521,51.79187172,437.234016
964,1422,379.710862,50.062625,252.0207713
964,1676,147.7734406,53.86845034,138.225203
965,1117,312.851384,113.396763,646.7546562
965,1367,675.6140046,70.91602864,2016.529813
966,1078,801.2480006,22.06102943,2.834850002
1858,967,217.9900907,37.70615993,86.66734286
967,988,338.6277925,68.67201706,448.0756201
968,1468,387.1093873,17.19550795,18.37153628
968,1407,573.4910421,38.75800316,49.58711787
969,1192,305.0422449,22.14056283,71.33512506
970,1109,357.842533,67.3056793,210.4416776
970,1103,445.7206334,36.90941427,128.1640965
971,1242,196.6699687,31.60006479,59.13521431
971,1406,284.2564098,63.75533306,259.6325854
972,1290,311.6035031,60.01289536,147.4797269
974,1436,363.8910957,58.74104179,382.6452785
974,1740,235.1135961,61.17175303,213.2822498
974,1494,637.9453543,58.11748193,213.7232422
975,1365,669.7416885,21.64030372,23.1071459
1597,975,583.5540994,95.59925409,525.6847341
975,1558,371.9397429,35.4465398,58.64734158
976,1095,156.3704658,53.21943514,377.7861511
977,1781,141.5225217,28.13270099,64.18547166
978,1451,139.1397902,57.59506212,104.1267239
978,1463,555.4109708,35.29138252,67.84208018
979,1285,835.7274091,91.77341297,597.7229636
981,1136,616.2614777,38.05221464,257.8351805
981,1798,405.4376708,41.5693379,158.6852701
981,1826,369.1366858,29.73244115,117.7013919
982,1585,408.4159668,37.81517611,324.8396864
982,1648,122.1942999,30.95111324,98.57071003
983,1046,277.7654698,24.00937882,22.67788138
984,1133,118.7153404,28.47720693,59.3132629
984,1327,403.8793365,23.37762164,21.30756305
985,1226,364.2085207,105.208486,738.3825681
985,1097,346.6419963,52.15622845,181.1295204
986,1165,490.8295407,107.8906737,1675.360999
987,1015,1191.105926,91.10603289,419.5706206
988,1250,1032.437045,38.20966685,111.8943287
989,1024,628.8184826,49.67661827,36.06311398
990,1088,839.622912,67.49579462,327.9744345
990,1162,581.4989553,39.27509642,92.11833521
991,1040,454.2245491,32.09330091,73.46811461
991,1328,212.9194736,13.73817029,1.011636639
992,1697,217.7154892,81.30445256,486.0676871
992,1170,335.2836766,37.54328644,175.8383213
992,1568,338.0642436,51.30187256,202.6455267
993,1129,127.6770045,45.57737749,21.06021664
994,1085,204.8096738,17.73389287,5.929078929
995,1593,299.4326317,40.72668828,48.75279375
995,1331,323.0325162,24.706725,39.45566918
996,1636,101.8033251,50.22146757,82.20171329
996,1861,399.5874423,23.35207147,16.34893618
996,1672,489.8020495,51.92396597,177.6326001
996,1707,517.4086721,33.39171548,49.45480699
998,1205,477.6647368,28.6844937,9.897599394
999,1304,576.3072459,41.69724657,73.29058761
999,1034,265.1027488,39.80939009,54.64637924
1324,999,558.3018389,46.90237974,108.9620208
1000,1315,357.4211828,75.49470298,227.9459305
1000,1359,166.3895178,63.94487157,248.808861
1000,1165,174.798879,40.8636907,102.5998154
1001,1099,150.7177595,62.62266023,312.6533202
1002,1160,1589.350889,41.56060692,152.8975625
1002,1888,1094.768275,81.70406661,513.6059549
1002,1820,238.0226222,57.21476267,178.3680984
1003,1845,276.2753372,17.97515648,23.47573416
1004,1018,457.9102345,26.45796073,50.70180233
1006,1218,122.6468622,53.81834209,132.6703183
1006,1329,21.65960939,74.84633098,234.0073713
1007,1028,126.5451723,34.37069375,260.2809433
1007,1371,341.2004052,24.74233048,26.87147855
1009,1336,267.1579858,91.14562038,930.469259
1009,1542,366.0146793,33.41568558,123.7356493
1010,1462,359.0602097,30.21096457,63.99479161
1010,1537,287.763438,45.12774844,88.67109416
1010,1260,443.9603623,13.50386801,2.434553931
1012,1338,98.18900417,50.30547413,143.6117171
1012,1245,250.0881637,45.61593709,69.48656638
1013,1058,373.2936321,36.16951326,60.06762326
1015,1092,512.3599603,58.53581422,124.4011737
1016,1830,327.1391113,115.6989204,380.4874402
1016,1647,1628.943577,26.13107642,53.42538496
1018,1174,714.442903,13.23170158,4.417358312
1019,1109,126.0383256,68.29059262,1299.757716
1020,1529,222.3496414,90.83138173,1162.76252
1020,1472,209.102316,78.51105471,366.5218419
1021,1171,698.3434451,28.78260593,40.74188549
1023,1808,270.3154592,37.5737395,102.7338875
1023,1816,168.0767401,32.19005518,110.9691184
1023,1276,642.1561865,26.83141361,27.49349766
1024,1849,1728.254341,128.2146707,471.2146076
1027,1279,1191.105926,28.19662367,60.78584934
1027,1390,657.8851349,72.18445677,273.0914541
1028,1426,216.4567285,25.37955265,71.26942215
1029,1085,294.8788977,72.35133213,306.5753254
1030,1368,299.3455262,15.61849657,2.127227541
1030,1482,432.2380955,54.52838894,105.1609988
1030,1428,383.8978287,40.41371848,81.01904067
1031,1591,278.7823559,68.35535972,352.8006954
1032,1168,281.3872696,41.87790031,3.952805526
1032,1222,182.1806897,68.28800438,4768.756783
1032,1198,544.689017,19.34875938,73.99918867
1034,1090,345.1055575,48.21418717,160.3719515
1034,1484,925.2190875,50.20765161,28.54511031
1035,1399,261.5002682,63.1424922,141.5952386
1036,1099,376.4561013,24.84728819,58.5548914
1037,1814,517.4086721,69.02159969,331.0415088
1037,1087,498.3025608,75.33434806,597.9541116
1037,1617,344.9470654,48.4407947,1097.325648
1037,1470,348.0515964,34.41792622,84.32646692
1038,1696,489.2733294,58.57312017,56.27024585
1038,1719,246.1195413,27.47063784,28.61946434
1038,1203,186.3356176,26.72763911,34.6621825
1041,1170,165.5151902,26.06955991,68.49761207
1041,1565,1020.176889,27.71574569,84.47286803
1042,1300,1866.193322,24.18341633,32.3298011
1044,1656,1012.898539,55.34036991,182.897754
1044,1758,86.55318403,97.37105613,176.5890436
1045,1477,799.4633154,66.6199536,369.5937071
1045,1847,724.660058,30.7208238,112.5036884
1048,1490,157.2249592,16.40373914,20.6623029
1048,1562,284.2427263,17.51824465,5.111456934
1049,1325,394.3385761,19.81005573,4.995066314
1051,1738,161.5027547,36.8928729,86.74244946
1452,1051,301.161894,76.5849638,522.5356854
1052,1567,313.1806594,15.66564078,10.46128467
1052,1489,230.2660143,21.4748548,31.0869774
1053,1074,295.6367042,18.14276027,6.825395068
1054,1253,306.0426804,49.03096599,177.4315637
1055,1349,472.7748279,146.7271746,2483.827977
1055,1487,300.5571136,27.52479873,57.50135435
1058,1548,318.1792328,32.94253913,109.1043187
1058,1608,440.0064418,26.8007803,65.45349208
1059,1881,525.6727881,56.96917852,276.2299303
1059,1757,496.3083944,54.60101885,171.3199302
1059,1863,390.6763381,45.7240452,158.7712685
1061,1096,181.2781944,28.05702772,34.29049095
1061,1205,261.5753554,39.46932747,320.0021839
1062,1697,224.7686089,63.38906938,184.4070066
1062,1362,96.10959483,23.4256351,18.52155962
1062,1170,433.0777914,56.04542022,152.0861853
1063,1179,407.188637,53.32544537,312.2716763
1064,1099,262.9349518,52.4166638,129.0211984
1066,1603,260.9699899,36.42427975,189.1283413
1067,1132,237.5079512,84.39818789,536.5380769
1068,1303,220.1828316,74.5226538,448.9280275
1069,1140,354.6830268,42.71340336,63.56451872
1069,1520,397.7534043,62.72945407,463.3792447
1069,1490,409.8056342,16.60649364,17.3328701
1646,1069,493.8019149,82.07368001,634.9957136
1724,1072,325.9436551,30.85050572,88.75828018
1072,1497,405.9290698,42.19509099,139.1960584
1073,1209,565.1937117,56.71907573,168.2360468
1073,1474,300.925423,20.75933798,23.97863139
1076,1610,299.9488593,25.50462595,58.77533082
1076,1595,180.6695447,103.1839827,469.1815961
1077,1411,379.1506685,89.6344515,1045.580351
1077,1255,33.5412434,25.96188189,66.52636041
1077,1363,262.1330427,56.62511197,458.2360585
1078,1092,186.011315,36.01165457,56.32245276
1079,1392,427.0568548,26.50604083,35.72072266
1080,1094,176.124342,7.837251769,10.20562924
1081,1174,236.8384633,10.68817584,7.092663257
1081,1228,128.9108704,51.47045871,154.1326215
1082,1211,343.7264565,112.9202599,2436.031885
1082,1175,245.4629425,22.62282576,43.37341237
1082,1273,406.5579245,108.9494202,935.83348
1082,1283,331.9183729,24.18311551,37.69333935
1083,1370,222.1820801,34.90888894,96.72000376
1083,1532,963.5097573,39.25351038,90.79393582
1084,1260,309.2503307,35.53829022,134.845522
1086,1878,302.3180211,26.5667336,63.86958716
1086,1479,362.0874831,40.03641061,88.21838262
1884,1086,3932.226913,30.81255507,51.60250924
1087,1690,1276.518468,22.41466781,43.53020528
1087,1558,2098.285937,42.25890883,148.4017719
1089,1139,281.387117,27.50815739,9.125667176
1090,1499,180.8968523,59.62791553,182.5110633
1090,1430,148.7778925,33.75370916,139.0207405
1090,1422,293.9807589,36.51699419,28.13408891
1093,1668,1250.137312,45.91320189,120.7062052
1093,1824,555.4109708,41.61780084,249.9813644
1093,1768,755.7504979,55.39358899,154.2621706
1799,1094,568.5783798,20.11605845,26.29808758
1097,1469,349.1738293,31.58310873,87.47062606
1097,1583,579.5088314,49.42780944,166.7796184
1098,1427,145.5910052,32.44178214,78.68153303
1100,1311,125.4311527,84.68599404,1618.838981
1100,1136,60.91020231,25.20656065,44.84936765
1101,1433,263.3073136,37.21694043,107.7325081
1101,1805,320.8957553,89.90689494,462.4767425
1102,1120,437.27896,98.98229106,1037.292175
1104,1535,300.6409098,127.9703088,785.0162087
1284,1104,573.4910421,39.03053185,61.88859119
1105,1439,464.4351601,24.98040383,32.88876462
1106,1578,689.9948448,25.46447051,52.4310201
1106,1698,333.2923204,40.30064804,111.1939892
1107,1835,200.9250985,21.25723135,28.79462714
1108,1216,136.2343272,22.12851448,16.78393864
1110,1122,343.855049,67.25377435,477.6884349
1110,1502,207.7167499,25.77750822,23.3374458
1110,1284,138.8510248,66.11404707,173.1095974
1111,1159,508.5857965,66.10830476,173.3053531
1112,1557,2662.134322,39.70292197,103.4914966
1112,1346,2341.621036,73.86237641,980.6692438
1113,1507,711.1470145,9.225834236,22.82510445
1113,1267,534.7262649,52.36003739,207.9239267
1113,1297,1424.284554,27.01368536,95.02463664
1116,1164,424.3351096,22.84139162,30.24908709
1118,1542,592.6053692,38.43430978,122.2956931
1119,1773,303.3538764,44.24263705,240.6817415
1119,1821,581.4829376,62.02756271,452.8303786
1119,1749,224.5111459,35.42609384,394.5090726
1120,1162,386.3014545,61.47173135,1559.967794
1122,1634,334.8063591,34.04519398,81.45807979
1559,1122,1032.437045,66.78211174,99.09510005
1123,1315,697.4012569,272.4906026,12649.31443
1123,1300,526.3930735,122.7073193,249.6091332
1124,1326,296.8561054,85.56580464,346.9600242
1125,1489,465.5974047,33.44649815,59.30868271
1127,1181,742.0186781,30.0614494,46.3667371
1128,1398,460.6256727,29.43973509,62.14024893
1129,1310,219.0246148,48.39721453,258.1852359
1129,1335,722.8980514,46.09854967,133.4946744
1130,1899,124.232046,65.93126163,243.0577086
1130,1782,3705.554474,49.48562437,512.764326
1134,1631,2341.621036,133.5663084,1877.564465
1134,1541,796.2212338,34.28410718,97.02010108
1670,1134,1387.613862,38.83783405,107.6684241
1135,1280,1040.590722,34.32974245,25.42649251
1136,1890,597.146254,28.85189055,52.57462788
1137,1769,474.2868375,19.9424089,52.36344206
1137,1757,25.73839799,16.56013008,14.7786774
1137,1504,262.598445,66.77538946,296.8617337
1140,1571,122.1942999,74.02537,184.780345
1142,1178,331.346377,27.57702033,50.66506927
1142,1880,222.6732767,22.24143535,23.5492818
1143,1573,253.3709515,32.57865227,100.7802647
1143,1381,949.2317713,6.497180838,1.011505388
1145,1273,547.1455093,29.0146991,79.92423541
1146,1685,1666.817721,57.56146758,121.0645698
1147,1225,583.7037356,60.81836365,213.881036
1147,1285,1050.099938,34.34463213,81.83097593
1147,1391,273.3032235,61.68128506,217.0133495
1148,1665,517.3137746,25.69071831,45.07317745
1148,1802,669.7416885,27.45603123,103.9131351
1148,1281,218.3910293,107.4192419,803.6564804
1149,1624,129.3977951,79.4815071,165.6098425
1149,1409,428.3463439,147.2971343,1512.052155
1152,1667,421.0464061,32.77809302,126.5239377
1152,1511,309.2870407,74.93442476,531.8567817
1154,1852,104.8943503,107.4038845,663.0905167
1155,1425,484.2725668,31.34262805,45.72111339
1155,1678,507.5619775,31.49069602,55.58443976
1155,1721,524.0079589,42.59678808,364.7264545
1158,1382,354.6651261,20.21440367,50.95565432
1158,1682,190.2236051,13.69295598,28.52062846
1160,1629,309.8837454,45.6919814,216.1848942
1161,1827,166.9479883,116.4157843,1253.926787
1161,1851,324.4906359,33.05150958,56.62451579
1163,1298,359.9379844,31.63288421,128.5851344
1164,1592,379.6559295,55.90708646,257.0929452
1166,1726,439.4701222,38.29628015,85.19164681
1166,1756,434.3321001,66.8508541,224.4862035
1167,1630,220.1828316,30.09449411,56.3049229
1167,1763,518.9610531,34.46677199,44.09556221
1761,1167,667.0150371,42.78471019,167.9322267
1169,1187,510.7314006,46.25823179,166.2277264
1171,1330,685.6646955,72.69337392,445.0685691
1172,1623,880.2680957,38.9926759,123.8934168
1173,1789,784.7516748,73.98245842,148.9244913
1173,1755,516.1461434,70.21550086,242.5655126
1175,1258,721.2945621,39.78893578,273.3980629
1176,1532,136.8058842,28.82448393,20.13891838
1176,1304,183.1001312,95.10802443,1057.513447
1177,1236,193.8731916,75.45215561,485.3077715
1178,1897,398.9027904,13.69330753,27.33620469
1178,1396,722.8980514,91.57745188,1447.426373
1178,1536,215.6588456,84.75285121,281.7971498
1179,1531,231.2527297,33.20330325,73.24616994
1179,1821,75.58673852,64.26101287,326.6449142
1182,1694,280.8129592,17.69698252,11.23493171
1182,1559,267.0575518,32.24718685,97.76488484
1183,1367,169.9984921,98.44721149,2007.287685
1184,1593,294.6685619,28.42978844,74.06744632
1184,1734,112.2062894,57.79100801,147.0839956
1184,1814,346.3408786,29.46711462,54.32762042
1185,1711,223.0838282,36.08694306,77.01659324
1188,1770,242.92989,95.88376518,549.633488
1188,1610,424.8894321,61.60818571,165.9550623
1188,1595,807.9075937,21.3372572,33.80372961
1188,1445,395.9190753,107.1273748,729.5197913
1189,1345,210.6821379,100.1039916,915.6076111
1190,1846,146.7225886,25.56598905,71.97463878
1191,1747,313.1806594,42.41518328,208.8741153
1193,1229,304.1354992,27.05893092,15.95469793
1344,1194,248.2977713,46.28381286,71.26349294
1194,1559,314.0591884,51.19473866,170.2415409
1196,1458,657.2673799,49.99282207,326.8572288
1196,1776,271.1658856,54.87659866,222.4278229
1196,1380,252.537158,41.90576553,113.324089
1196,1467,176.8737082,41.4012731,109.9611091
1197,1779,449.1910293,23.84839919,30.39896136
1197,1699,514.6940253,26.60083397,25.25723356
1199,1409,463.9731336,146.487059,1832.434282
1199,1456,463.0510885,88.00264208,363.825996
1200,1587,2064.634066,78.68528735,342.9086683
1201,1330,298.3073433,52.01969489,101.9038917
1202,1271,197.1452485,39.80123991,208.3536053
1202,1728,645.8292508,44.88840007,175.6365928
1202,1596,516.6684936,81.74607919,695.9000592
1203,1480,204.3966949,22.01469735,60.47706281
1204,1240,314.1148675,25.55674751,8.614494128
1206,1670,324.9887435,86.55329113,729.9515083
1206,1523,260.254019,57.81017167,146.6889779
1206,1349,119.0059977,81.20724104,291.4268041
1208,1896,216.5947757,35.61806621,258.0285048
1208,1281,2004.171289,82.71395243,358.3663215
1209,1853,2098.285937,26.39766595,80.02585654
1209,1729,318.7366277,36.98189963,70.29296582
1209,1877,85.96193792,44.16469184,39.90865125
1210,1222,134.0039807,35.5426488,51.60996653
1211,1338,210.391956,92.27219036,788.9264489
1211,1513,342.7305492,156.5698422,3226.671249
1212,1589,600.2121493,32.03414791,59.33753686
1213,1219,606.9541362,38.66479127,13.44042242
1214,1818,702.4554958,21.97608097,22.40099966
1214,1581,271.0911536,26.41449013,15.29218756
1215,1525,67.54240776,71.46721541,381.2486334
1765,1215,454.4944612,29.15563528,65.93141375
1216,1222,216.2887441,38.78677218,279.5447878
1218,1601,119.3578063,41.64581855,97.86898665
1218,1547,212.6288749,52.72385921,133.5223895
1220,1740,470.8153398,41.55855054,250.0369984
1221,1851,351.5216805,30.01071458,34.26572885
1224,1562,423.6879244,56.0830695,241.3620998
1225,1387,210.6821379,9.76032176,3.976498758
1226,1870,374.8628116,36.32848064,69.77186218
1226,1898,143.2339061,31.72978479,45.59319366
1227,1638,288.2770462,41.10235194,205.3968799
1227,1615,335.6457943,48.20631846,105.66053
1227,1292,102.5726045,48.83639648,131.0737578
1228,1878,158.8588976,87.10483349,1073.723015
1229,1348,282.9339802,37.82430404,67.69652697
1230,1547,50.76339322,50.59620061,178.6393918
1230,1304,193.0036362,64.67364603,405.3509533
1231,1395,310.3407247,93.27631441,290.0154918
1232,1882,334.8991809,83.77927661,196.8784048
1232,1887,186.011315,19.72193415,45.04325049
1232,1626,404.4053001,32.79647388,77.57523929
1233,1272,369.4815806,64.85909016,341.2304792
1233,1699,371.4615824,43.20991868,205.3576589
1233,1645,449.9545,34.51303993,44.76461869
1234,1902,314.7466556,58.04955152,440.7549896
1238,1810,1064.48712,27.05842201,74.97484714
1238,1341,254.1127514,45.59176115,328.1743214
1239,1621,321.9945508,9.847881426,10.4923557
1239,1385,345.9701209,18.55765371,19.74843493
1242,1478,283.2796836,31.67061735,68.4950005
1242,1378,238.0243358,32.84669964,110.3841823
1244,1428,107.9411169,139.2724912,770.9667592
1244,1261,359.759669,73.58778698,889.467765
1245,1247,243.267147,14.85180577,3.211452666
1245,1513,297.880416,54.66170563,860.1047817
1245,1803,316.333154,3.056956951,0.080617215
1247,1594,472.7748279,40.8021405,119.2730526
1248,1493,366.1329294,153.3180731,2549.147042
1249,1325,297.6242794,33.76945519,17.88220119
1250,1316,270.0882232,52.32897994,182.4322382
1251,1459,225.4638964,43.4316421,144.0453529
1251,1373,253.5573664,39.36604742,126.7452629
1251,1729,848.9314547,84.71528975,812.350446
1254,1514,1155.187674,43.33916062,147.9491777
1255,1375,468.7622333,50.29027751,256.5661457
1256,1830,693.0624025,27.31816003,53.02157007
1256,1647,166.3895178,48.54887841,151.1510665
1257,1322,255.5581052,43.66189552,46.27997382
1259,1658,226.8000041,23.56405094,22.71099151
1260,1731,361.6936824,85.61233853,861.8761754
1260,1411,213.9732306,33.89105746,115.4067725
1261,1572,309.5056067,26.76755061,70.3663947
1262,1873,374.8628116,30.6575042,59.61859145
1262,1549,1028.549396,42.27064936,120.3835654
1759,1262,366.3130712,55.38462732,215.614397
1262,1787,870.2509514,35.43332105,114.0576324
1265,1483,363.9071631,95.59329485,765.3059894
1266,1895,335.8573166,25.89144239,69.52986751
1267,1847,278.2390102,32.632343,61.52647921
1267,1767,377.322866,55.98834803,192.3757839
1269,1646,42.90143123,27.17588322,63.84803976
1535,1269,669.2937082,56.73150397,142.7762091
1270,1427,566.5000649,32.95973193,41.86672344
1271,1356,1424.284554,27.4206552,44.94414435
1271,1889,578.851407,75.92935283,772.0223786
1272,1753,426.6370977,33.6607776,65.6121751
1272,1743,450.5168961,28.34557298,80.98127499
1275,1435,185.4251035,35.25937631,43.94955265
1275,1403,169.8605248,23.80417192,41.27090809
1276,1714,315.5626347,33.02330351,109.8019853
1277,1797,413.5034479,44.58930081,108.6133603
1277,1606,397.8967524,12.50703412,16.18389299
1279,1658,702.1567414,43.52261855,193.9971576
1279,1565,522.4413971,53.5276915,209.9556272
1281,1416,205.5991006,47.28018447,146.6081829
1281,1899,292.1550982,51.32133393,296.2356563
1282,1393,300.6841826,28.53294035,61.24742379
1282,1576,325.2346725,38.91163702,120.909817
1283,1453,195.793041,65.32719128,540.306836
1589,1284,249.8987391,114.9887569,2314.084386
1286,1901,91.92910085,56.37502862,191.8862337
1286,1780,134.0039807,33.06104301,36.409175
1286,1770,188.9808136,53.02253798,392.2361241
1287,1833,353.2450586,84.15159884,562.9392587
1289,1472,502.1806243,111.6834613,2115.898801
1291,1563,477.6647368,32.85800713,71.46810455
1292,1814,463.0510885,108.18215,1432.786715
1292,1690,233.7971718,100.0169857,732.5105203
1294,1390,217.3714357,36.18658388,67.9875944
1294,1398,175.0290221,26.24745327,53.61846568
1294,1631,300.7351383,32.39879061,110.5982333
1605,1296,317.0501664,49.98836322,283.824168
1296,1412,654.9590477,21.54122369,29.45065766
1297,1767,329.6185157,34.02154054,62.45226957
1297,1377,643.0859405,33.11971767,85.464043
1297,1630,304.7013525,151.1076868,2469.475014
1298,1328,638.7054599,60.75586534,265.7892918
1301,1530,241.4176786,54.72378075,280.1125421
1301,1850,314.5977668,62.66859943,264.8740703
1302,1588,211.1723947,22.31966388,23.84575238
1302,1713,251.0210505,74.10442035,427.9202947
1302,1719,339.7840332,71.87413751,492.9751602
1305,1439,354.37142,26.79724156,99.18099661
1306,1572,330.987834,61.14063112,276.1621629
1306,1364,394.0931082,100.8884888,1851.352976
1306,1404,552.08201,47.15736669,136.9450925
1307,1429,171.0153683,35.92247375,101.3271847
1307,1775,1120.459658,43.16564621,108.3273102
1309,1574,91.89183806,35.56858925,216.7925031
1311,1388,81.8394545,16.2008223,25.33285573
1311,1488,69.5747415,77.97820217,211.0042682
1312,1389,181.7405365,41.57547733,93.73849287
1313,1318,371.2646003,35.98736135,60.81477775
1314,1490,194.9990325,44.5177525,506.4657621
1315,1379,177.0384233,58.5587423,770.5823674
1316,1858,193.7785227,148.7070066,1184.38035
1316,1671,186.8337053,83.3367769,444.646438
1316,1736,372.5739333,29.41082686,20.21287547
1317,1805,532.126541,66.30832822,193.8033978
1317,1687,4881.660576,33.19103209,68.21772211
1317,1809,1642.699056,39.79097891,77.29143374
1319,1673,75.50330093,25.51809351,94.62327656
1319,1410,157.2249592,54.87493332,130.1477248
1320,1439,561.7326431,61.04071815,536.7001977
1321,1770,349.7934557,39.5559307,166.05271
1321,1394,271.4517207,48.28554052,149.0530484
1322,1347,375.1184116,20.02749371,11.27366108
1322,1361,534.061291,35.12746972,122.4092641
1324,1386,159.9451335,24.98820641,13.13949813
1324,1484,196.8525428,28.23997906,25.6149625
1326,1880,988.3510182,48.4033087,614.9516587
1327,1409,504.7655711,34.73056906,186.7835065
1327,1546,477.4011347,88.62170766,954.1924928
1329,1370,332.1859822,23.3663815,79.69756807
1331,1599,460.6060638,31.62508654,38.31785556
1331,1704,154.3655441,39.92447779,126.0192817
1332,1516,54.9352341,56.93306523,470.943011
1332,1347,375.3445931,38.0488137,199.6002094
1332,1552,208.6295318,38.66876234,72.00845634
1336,1876,597.8811793,26.04185052,77.35128517
1337,1831,204.0945777,33.3392892,96.08487118
1337,1702,351.5216805,82.35936362,416.3843112
1339,1667,465.7234694,35.90061543,24.01174871
1340,1415,631.7028019,41.20574748,223.5412897
1341,1822,595.1792172,32.61177069,148.8594305
1342,1702,275.604793,24.43404243,34.93060744
1342,1819,106.6569936,71.49797011,284.5712894
1342,1407,304.5300069,92.86309749,715.0196438
1344,1571,226.6947229,41.3527468,95.72303396
1345,1403,321.7443091,54.92697551,200.8714328
1345,1435,167.9861672,35.67757665,98.53122326
1346,1888,175.556399,27.428475,30.14142976
1346,1854,101.8033251,53.69070409,624.7561313
1346,1360,446.302781,34.20711844,50.66840281
1349,1592,124.1066729,50.36854769,330.7538983
1351,1878,304.2261242,21.65605006,65.19269827
1352,1789,238.8379871,58.62777212,203.9538501
1352,1755,668.3878467,54.23657041,94.81622127
1352,1600,160.2835448,29.7140583,52.98839345
1354,1640,93.67032736,78.61073248,746.6846904
1354,1577,390.5338281,52.78388282,85.05655685
1354,1370,165.0925261,97.97254348,461.7311216
1355,1431,271.8671735,44.62661084,219.8845212
1356,1826,423.5456655,74.50107441,418.4885054
1358,1685,464.7243505,31.36068942,74.77613215
1358,1700,348.0314051,29.46678404,52.27461729
1360,1862,140.7218803,79.61751325,477.6549671
1361,1758,498.3483237,33.96386503,90.55010086
1361,1801,377.9841447,25.14956827,24.03026436
1362,1466,296.1770007,32.86819158,123.1303369
1364,1428,450.7025223,55.83515515,577.1967962
1364,1764,189.8434963,60.5164995,575.5696233
1364,1864,304.8073555,102.4541953,507.0391494
1365,1759,271.236828,23.60368554,53.96559987
1365,1787,656.4404604,87.42163664,482.3772671
1365,1829,755.7504979,28.23679063,29.77918044
1366,1631,2064.634066,111.8415964,1419.714152
1366,1607,81.32587157,54.48750111,173.323317
1368,1400,342.4038846,15.61162976,2.998288667
1369,1489,359.5288499,51.8789878,239.7166438
1372,1768,623.992146,66.1283518,332.3192461
1373,1853,240.3744119,56.68184846,498.9702912
1374,1643,245.6525398,46.97997173,231.0769971
1374,1395,343.1122796,111.8032234,745.9009798
1374,1622,674.5268534,48.17664602,197.3892328
1375,1383,364.9657052,84.72843904,1082.045102
1376,1710,375.3284333,39.42060281,132.491252
1376,1698,75.00261237,52.20752846,139.022794
1376,1897,487.6965485,87.4911999,673.8052294
1633,1377,491.7983331,36.09823672,102.0705064
1377,1417,314.0591884,19.26242978,19.95626354
1380,1662,425.7217866,35.27528828,88.68995306
1380,1708,303.9309738,26.7843539,46.00801947
1895,1381,422.0271828,53.87194322,640.3834311
1381,1585,676.7044028,36.20982054,50.62563928
1384,1424,247.6028455,41.51505523,442.6027647
1384,1718,337.3277172,84.88158829,372.7838944
1384,1635,212.4484364,104.7892675,428.0990531
1384,1804,275.8889193,44.35402721,230.0593508
1385,1579,369.8359877,39.64572983,103.523034
1385,1444,341.6175937,21.76374075,13.80390058
1389,1684,406.13416,52.61765192,224.2759329
1390,1565,505.40604,47.33771593,371.1329162
1393,1465,376.1813593,20.21441519,16.18728183
1393,1441,729.2562404,49.99875224,151.3672869
1394,1649,433.4131552,38.11042714,111.8257185
1394,1583,275.4933795,86.99955455,1049.704497
1397,1510,170.1882618,21.18184493,18.62442309
1398,1616,1974.658957,45.24535639,165.7254513
1400,1790,1808.60053,13.84150262,17.69897668
1400,1750,1278.074796,70.02064909,266.8284532
1401,1763,354.37142,28.47295277,40.8696702
1401,1405,301.6235329,29.81580069,48.64167161
1401,1797,372.3959911,36.62251691,64.31966355
1402,1553,315.5116221,45.17851048,116.5230849
1404,1695,412.5236789,73.1431875,461.9816434
1405,1648,366.1329294,37.12666452,98.50368911
1406,1688,306.0025953,29.87716226,100.5385064
1408,1587,440.927846,23.09711583,24.92406347
1410,1688,477.4011347,27.17852978,18.86748848
1412,1482,337.4581364,51.15606112,304.3540922
1413,1857,232.8213646,42.88479509,78.21557065
1413,1483,154.3655441,46.4182584,110.0302032
1457,1414,615.4954361,78.9671264,206.8682482
1415,1427,242.7171832,16.0132939,25.3514514
1416,1503,381.5498789,51.36258291,68.20993141
1416,1899,78.45539329,65.71147072,243.093773
1417,1763,228.3359391,138.3532036,1597.429122
1420,1840,99.71412546,27.13233671,25.04196219
1421,1809,528.6883345,33.67027161,258.9685615
1421,1687,306.7072386,35.82430248,235.7013474
1421,1879,388.4226488,21.28101883,6.744723421
1421,1773,172.3704069,22.67820858,51.96670098
1424,1461,21.65960939,66.67683513,329.7503069
1424,1455,359.759669,46.12058852,45.41778586
1424,1650,144.7023406,52.72074906,263.3569002
1425,1687,174.2971345,39.67802502,416.0361211
1425,1879,521.1901335,21.13903722,3.796935569
1604,1426,298.8760278,26.12219021,46.56308021
1428,1482,616.8493952,48.34666721,122.3099915
1429,1861,455.0400788,51.97217625,536.0202462
1429,1672,265.523103,42.55054412,147.220208
1430,1598,63.4009281,79.01329557,524.4207594
1430,1634,1055.858964,86.72372155,687.8953848
1432,1780,333.4956767,57.95019741,328.2528413
1432,1900,451.859148,78.66121617,339.8393968
1770,1432,173.2564684,51.60385852,259.578526
1433,1600,424.9001471,21.85037881,24.15822045
1434,1556,225.8665103,94.66198504,697.7024111
1434,1592,270.8857278,30.16856992,61.42882545
1436,1536,228.7977051,55.0144117,241.9866706
1436,1800,252.4558637,152.1681535,5873.201371
1437,1815,243.9825856,32.33165727,66.15219158
1438,1691,267.747214,28.69553323,99.57627887
1440,1494,556.4354364,50.6808291,134.7078794
1440,1794,377.6218647,38.98385315,139.3132854
1441,1576,305.0422449,46.8615303,181.6152383
1441,1498,308.2651033,34.78142842,176.0730553
1444,1618,559.1429178,22.5191426,51.87749463
1444,1660,290.1588737,55.48316826,219.3833012
1445,1583,222.4742108,23.6083936,19.73060915
1445,1601,590.2740786,44.84723664,71.29087199
1446,1554,248.8159216,50.94892632,122.294325
1446,1842,441.1701308,33.60993926,29.82469102
1507,1447,379.0823482,37.61736086,64.27268726
1447,1525,279.4987668,19.53845358,6.535754273
1447,1633,544.689017,11.98850975,3.681199897
1448,1655,163.8130962,59.56100971,157.871919
1448,1589,178.9006734,36.25564637,316.4246155
1689,1449,1083.740058,72.52666488,187.5999614
1449,1452,1155.872922,41.58119814,175.0402189
1450,1501,608.6966974,11.58528183,19.56787722
1451,1607,544.1833197,81.58078222,436.6468483
1452,1617,195.336973,40.01697802,170.7205781
1453,1791,229.2882337,29.45854392,60.89558034
1455,1720,179.2475238,62.39487737,547.073798
1455,1718,262.2700241,36.49047573,150.4408353
1457,1481,249.2431119,19.49624266,28.03452791
1458,1772,367.8985108,40.65027866,285.127847
1458,1892,251.1476902,10.97272525,9.39130938
1459,1871,315.2514771,25.94920826,29.33396646
1460,1526,324.9887435,41.20887195,88.47760261
1461,1596,223.5427685,46.35974588,195.8729362
1461,1852,254.0327086,71.32129532,288.1974065
1462,1725,647.0811089,18.38553725,13.97895992
1462,1543,365.6032421,93.75031936,620.4804618
1497,1464,75.00261237,48.06685189,153.1233574
1464,1716,335.3455183,32.43425525,71.12533634
1465,1618,269.0147901,15.66025181,30.29191663
1466,1613,571.5129566,31.59140683,56.0700908
1466,1601,471.1184585,44.75052616,213.6143046
1466,1547,150.4000447,52.95013914,187.1640289
1467,1708,324.1581262,30.94345268,69.34629595
1467,1680,181.1259665,48.89785119,250.6807962
1468,1857,223.2747683,32.91344337,30.12200096
1468,1483,404.4053001,65.34775028,343.4815846
1469,1760,201.5531308,35.69703665,64.68925723
1469,1649,270.1366188,40.11536919,80.36473339
1558,1470,284.5999273,64.58471187,225.1065619
1470,1584,91.61178266,101.6221311,887.0969037
1470,1838,303.9795021,17.60967985,14.83083282
1472,1700,391.8038404,56.46773654,138.9855905
1473,1802,187.4831483,31.37760402,82.52494951
1474,1783,295.3729134,63.96128329,585.5005444
1476,1748,297.4542591,57.60774723,194.0544296
1476,1870,496.9689526,41.0405666,134.2948078
1477,1597,224.8101062,16.98703425,12.01199784
1477,1825,322.7140496,26.52698994,38.74223006
1479,1818,284.2564098,39.8040322,83.06098931
1480,1567,233.345313,53.22317448,200.4265743
1482,1836,322.6038876,20.70528035,48.25749023
1484,1586,179.3469999,30.79175405,106.8485629
1485,1866,472.9959756,52.04891349,300.7950846
1485,1653,164.488574,40.2058467,166.7582173
1485,1720,215.9173046,38.71235682,68.73527686
1486,1741,415.24228,63.95674827,352.0739191
1486,1696,199.5338827,7.705090578,1.704909847
1486,1588,694.7491539,41.80994133,76.63441556
1487,1655,902.1082005,60.4859811,257.1993025
1488,1509,350.1370834,23.36708955,54.40616283
1491,1774,400.5904883,16.1684612,1.851957222
1491,1748,406.1750909,85.50996473,416.2753538
1492,1693,174.8335651,12.50822435,4.081642483
1564,1492,523.6733744,40.69726523,156.8898072
1493,1577,287.5102115,49.46015603,147.6034148
1493,1517,1101.767362,19.12908739,108.4839977
1494,1548,393.0982995,25.48995065,44.97525879
1494,1551,1027.354652,29.61833541,57.55675269
1495,1561,290.1588737,37.54974231,243.3363538
1495,1666,668.6211778,23.35502448,34.32303174
1496,1499,575.2355721,22.01687731,54.43445415
1496,1694,239.0985736,25.55214691,91.31696623
1497,1656,217.7945999,24.2982947,42.36522804
1498,1881,337.045093,21.291641,14.30904858
1498,1769,188.7577564,44.61945695,199.8824175
1500,1782,120.9532605,103.6154611,712.16054
1503,1802,397.8707718,158.7536119,2202.187264
1503,1524,262.379839,19.04435975,35.91041228
1505,1619,414.7367588,29.31838032,38.97727497
1505,1520,230.6699168,80.17297302,1107.372239
1506,1816,57.21044854,36.932798,69.35624032
1506,1518,126.15615,64.59973974,313.2944441
1506,1754,208.3369127,31.81648937,41.36358495
1506,1776,225.730256,85.70438416,404.3436097
1509,1545,361.6936824,37.73625882,37.70317097
1509,1728,187.8626283,105.8495707,676.2120161
1510,1692,158.8096179,51.59249024,169.280249
1511,1544,494.4236049,28.19371308,35.38384476
1512,1736,564.5744045,39.09938845,430.7444648
1512,1816,414.9188463,45.69687124,963.7893506
1513,1791,214.0170429,95.40811737,1557.364998
1513,1785,188.531461,119.7653247,1445.842222
1514,1676,711.1470145,58.86027335,219.8419064
1514,1556,501.2274043,80.35168043,249.8665479
1515,1718,1364.032136,29.14252238,77.94158683
1515,1686,662.8742857,41.67200585,169.1313465
1515,1804,127.3342456,46.30050358,113.3650582
1516,1627,227.0412404,66.347392,384.7289438
1516,1606,334.3350153,34.62898167,112.9033267
1518,1632,1083.884355,34.01846572,36.19449018
1519,1713,86.37263302,50.66427801,120.7467717
1519,1719,468.1656135,33.98140813,58.9917065
1521,1898,165.7847642,27.62624644,71.93297926
1521,1661,680.4449547,90.32821006,358.6379193
1522,1793,669.4787115,13.86966165,10.19858511
1522,1735,351.1958333,15.44883585,16.53319246
1523,1556,905.2748885,98.56510391,816.0494872
1524,1876,332.3058084,21.8709411,171.7793815
1527,1848,211.1723947,47.54503246,159.34793
1527,1746,233.345313,92.70348265,636.7276914
1528,1803,308.2528451,35.45243211,52.84884814
1528,1855,360.8360859,65.56854143,121.3929684
1529,1700,146.3248441,58.68410204,49.75355639
1529,1679,217.7667406,52.24697422,414.3023266
1530,1883,150.5741881,39.04972804,161.4248199
1530,1892,435.7195761,46.88357738,98.6326187
1530,1742,764.6463941,37.16013322,58.94185719
1531,1749,616.8493952,34.80754178,245.6788163
1533,1632,333.3095775,27.76880588,39.69284017
1533,1590,634.8676795,27.88407946,45.36577109
1534,1741,528.1202201,28.81712388,77.86271308
1534,1733,330.3261364,37.84071057,97.4095642
1535,1559,213.3433206,84.90845291,1268.888997
1537,1543,208.7901995,34.52222917,54.85787557
1537,1859,217.9040005,35.24737755,126.9122591
1537,1731,195.8858017,21.65037009,32.09000905
1538,1616,192.1580615,14.1774539,8.137660682
1539,1786,201.2208564,49.54124003,190.0311546
1540,1666,185.3371688,29.03354586,41.67074244
1543,1743,472.1494252,23.72417029,36.66180609
1544,1667,529.6169379,101.973871,636.6173489
1545,1764,301.2333071,15.39413354,7.862743945
1549,1869,200.2972941,41.79264957,134.5343351
1551,1794,415.1675606,99.64438264,687.1612305
1553,1562,300.1522734,31.04455906,56.70125715
1554,1822,535.5904369,17.34519817,10.46365286
1554,1796,289.0479444,31.2703954,123.6779973
1555,1775,657.2673799,39.7085378,107.407897
1555,1749,1073.645512,64.74536673,441.0393893
1557,1762,356.5411024,35.22601526,84.51077184
1560,1590,268.0395683,62.98389277,369.7673284
1561,1789,783.4679732,64.35798667,274.3297184
1561,1621,2259.420999,112.2071109,180.2395825
1563,1823,910.1111512,84.97005102,288.8760552
1565,1568,835.7274091,43.70616901,194.0373136
1566,1902,89.68328444,41.85748878,80.67207022
1566,1858,517.1541842,56.46230509,248.9935345
1567,1612,234.4148446,30.54242939,41.53679182
1568,1658,287.772369,99.23253863,1300.414654
1569,1784,90.72935611,37.39813949,285.1593491
1569,1796,197.435632,37.31139176,171.1137728
1570,1624,454.7658268,36.22932089,55.21143587
1570,1871,560.0473473,54.00039279,234.09146
1571,1646,467.2752251,50.62590885,173.1384901
1573,1765,205.4299773,45.05448949,143.5250527
1574,1661,80.09770767,20.84276833,23.62762832
1895,1575,164.2400227,38.61861575,148.001643
1575,1611,295.9341185,20.61636487,19.32327131
1575,1724,2310.763389,24.04862711,25.48749471
1576,1769,540.4840577,22.69167597,54.01775889
1578,1680,422.0271828,27.10695899,123.0807979
1578,1830,1347.101366,70.49652351,308.1656878
1581,1882,262.0547376,72.98443854,371.5938718
1581,1626,242.5459691,32.92210944,25.08115477
1582,1807,403.8751156,21.12114637,83.1547498
1582,1869,170.4962728,45.10326343,91.22703564
1584,1891,414.7367588,6.797029901,5.250042265
1584,1810,285.1267412,28.65166456,39.36793101
1585,1611,291.1754312,24.80706233,23.38990234
1585,1867,240.8326967,42.21983195,51.73717674
1586,1670,231.5828176,59.81941761,58.64811343
1587,1788,151.5351911,25.48033627,13.28357431
1587,1752,490.0332574,12.63236707,17.37717643
1588,1733,270.0633943,96.92947042,460.7136983
1590,1701,106.6569936,31.35561473,40.02404119
1591,1681,321.5269798,55.63248596,332.2016063
1591,1735,117.2556025,22.93650208,65.34343571
1593,1756,312.6233832,36.91725737,30.04610701
1593,1638,207.7638298,39.66908137,132.2055356
1595,1652,499.7699857,21.83083874,8.073150163
1597,1787,372.02162,27.90859225,82.6823611
1799,1597,450.5954272,121.1414932,946.6739009
1598,1694,450.5760534,16.49792725,36.50938529
1598,1634,332.1859822,93.22711709,722.8844664
1599,1806,477.4603998,50.08172985,194.7678429
1600,1666,220.676996,23.30996194,30.643707
1602,1708,273.1858841,42.49801113,221.9684582
1603,1727,255.4761167,50.88810604,495.6717977
1603,1654,90.08936031,56.88364075,172.4320102
1606,1711,262.4651613,26.46972036,30.33963095
1609,1761,160.9066087,46.80801825,94.30132633
1797,1609,454.7658268,38.12661461,87.15065624
1610,1900,490.0332574,59.90303573,968.9984787
1611,1716,304.7306833,67.322723,328.008228
1613,1697,139.940451,73.62724076,441.3875332
1615,1807,316.9223562,99.90658845,426.2585311
1616,1631,429.691581,32.82065158,77.47461055
1617,1891,273.6748765,58.37441954,373.0628476
1620,1662,280.8129592,37.11927143,130.7307325
1620,1706,286.2638424,43.66343195,189.7752679
1623,1786,345.0539638,8.469215147,3.056892716
1625,1652,319.1842578,22.91952712,32.80946295
1640,1625,723.4211976,36.7676867,95.22622206
1626,1665,349.0634894,56.725746,46.43623939
1626,1812,322.7339702,33.82739535,64.7263132
1630,1837,255.4251042,36.30313602,88.19343349
1632,1754,146.2787448,63.11426127,335.627838
1633,1765,240.9005755,59.99456392,320.9601123
1634,1676,363.6314208,49.41227217,313.7848485
1635,1650,361.2263483,44.09644217,217.9894029
1636,1771,390.5338281,64.47951786,472.9754428
1636,1831,140.9939866,30.27113453,71.9549977
1637,1682,486.2760089,36.08110936,75.51694332
1638,1792,244.7618757,93.30001289,580.2794559
1663,1639,643.0859405,22.60512838,24.91013639
1640,1664,306.7072386,24.74219793,21.07327851
1641,1897,303.0450021,105.9286914,340.3120114
1642,1813,240.825324,24.92293294,33.59012002
1644,1752,366.1673566,35.36525537,191.2664767
1644,1865,260.4852653,56.82315308,183.7216173
1645,1743,340.1581551,61.38464124,474.7765352
1645,1725,1281.228384,31.86915311,64.75679475
1650,1852,249.8987391,72.42131634,264.8729159
1652,1664,592.1419628,41.02476995,253.9350505
1653,1840,308.0733628,70.97144884,716.042031
1656,1712,134.537117,34.68471197,117.6301956
1657,1881,332.603298,43.00036652,293.7153673
1657,1693,352.7578063,106.000083,754.2157693
1659,1902,81.8394545,58.3134585,133.4506741
1660,1751,694.7491539,58.59748512,179.3617042
1662,1776,204.7040186,36.10807385,102.2116834
1662,1754,142.3240728,74.08646573,317.4630981
1666,1723,311.4766587,56.79918508,79.72421381
1668,1683,581.4829376,31.88929815,338.300209
1669,1843,845.7654619,64.49120547,164.7352955
1669,1789,550.2045592,57.29032061,244.0288439
1671,1683,355.772862,41.78140704,199.5134723
1672,1775,905.4421895,44.34300578,243.1053518
1673,1697,1628.943577,31.58889044,141.5896078
1674,1894,949.2317713,34.10517858,44.28105454
1675,1743,585.4915921,32.73891325,73.36430162
1678,1811,340.2725957,51.70304887,75.09756721
1680,1892,1027.908899,40.58614685,111.6513724
1680,1742,186.763222,62.54021352,201.3706727
1681,1721,681.411241,70.29521389,450.7812768
1684,1741,214.165958,42.52236176,95.92162136
1686,1893,879.7321326,24.50306426,58.34509967
1686,1746,609.8074011,26.71921448,24.44843812
1689,1704,313.4265779,33.10239095,113.4383684
1689,1832,150.8525007,35.94687972,100.7291366
1690,1759,469.8656346,38.83704563,96.85822867
1829,1690,361.1951487,58.18896559,222.8499913
1693,1863,1564.535366,26.71376707,74.4580971
1695,1730,363.9895721,100.0411726,910.0458674
1696,1833,498.3025608,18.39028195,10.54036525
1699,1725,579.5088314,26.70311348,59.37255604
1701,1754,794.1630163,61.06817039,652.1755509
1701,1706,364.4378115,35.61203598,137.9309908
1702,1707,345.9457422,31.62260039,92.6889696
1702,1715,175.9906607,64.45438162,207.568981
1704,1734,158.4023268,17.2517497,23.77866012
1705,1711,264.1038789,32.51112185,58.14937399
1705,1753,184.4806029,31.68895361,77.09289843
1707,1831,337.7534872,46.77477423,119.2561104
1708,1830,445.4054304,26.53985145,20.03307152
1709,1737,357.842533,14.9756701,21.86654682
1709,1767,293.2852593,55.60213866,269.2621324
1710,1844,351.5193312,76.74342093,588.0152852
1712,1778,200.2972941,16.50682361,9.911384707
1713,1733,228.0938735,49.11724841,214.7472351
1717,1845,233.7767717,21.62879844,37.38307515
1719,1843,275.6198388,73.20857981,255.7636068
1721,1849,228.4788358,38.6864402,57.82072397
1721,1839,163.8579231,50.58850935,181.0140823
1722,1740,227.001576,43.02399793,152.484671
1723,1771,213.4734975,47.91262306,238.4850031
1726,1886,158.4659146,28.89395586,131.2838624
1727,1755,459.1449638,56.34756891,320.8740735
1730,1864,721.2945621,37.73795972,75.03840202
1730,1901,337.4581364,40.95753256,139.9625393
1737,1795,477.4603998,17.71364813,20.69830309
1738,1896,289.5094766,35.83204952,69.73845642
1739,1757,208.1659213,25.10190593,140.9436818
1739,1863,260.6296374,31.97714882,126.810703
1739,1841,100.8865184,27.79583779,10.39483072
1744,1850,122.9169129,28.95382999,138.1286442
1744,1844,172.8914334,37.24998254,92.4585535
1745,1769,586.5620605,26.36660831,69.8521865
1751,1881,465.7234694,30.61754184,92.0455244
1752,1801,400.3333842,45.04696113,114.1749867
1755,1805,366.1673566,69.28951111,218.1519518
1762,1846,243.0296828,36.64083538,22.67125083
1763,1867,367.5642411,17.95545558,19.36432208
1764,1836,229.0295232,59.34839156,205.2994506
1767,1837,308.8625764,145.8265988,1248.100831
1768,1872,256.671606,44.0624046,174.5308371
1772,1868,68.50174549,83.7013478,2052.247642
1772,1776,397.9340822,39.46524294,115.2018262
1777,1807,145.5642076,88.43464008,445.9908461
1777,1817,496.8374106,172.6506165,980.5782925
1778,1848,160.6231128,28.31580685,111.9704739
1779,1801,444.8392557,27.34673712,55.38216194
1784,1838,309.268393,35.12568086,196.3062089
1785,1791,252.9388909,73.05937104,577.0919508
1785,1855,375.3445931,41.90035789,118.8738575
1793,1839,460.277135,17.70135668,40.46870027
1794,1898,428.2885069,30.45318192,67.7805915
1796,1842,360.9261362,74.38246407,484.8232025
1798,1890,325.1001459,47.37996292,63.86093038
1801,1865,155.5899644,43.09561788,153.7640282
1803,1815,578.6141626,33.66807604,66.54681424
1806,1887,320.8454199,63.43366054,201.999904
1806,1812,224.1284404,37.27732595,63.95215401
1806,1832,317.7348058,51.01216775,122.5173443
1810,1838,326.6158913,58.73326959,579.7164032
1810,1822,389.0715425,26.10449546,187.2000029
1812,1896,271.5578782,31.45159697,50.29967965
1813,1837,491.1197448,45.22264983,141.4094717
1818,1884,573.0752289,29.36955264,96.09767849
1820,1850,225.2335121,52.53569279,252.2723798
1826,1889,406.3058076,41.46673121,276.7345938
1832,1896,316.6144048,35.74834305,107.4365611
1902,1834,468.7622333,33.82450737,38.85262874
1834,1858,801.9624447,40.15158872,117.4233372
1840,1866,536.4405259,24.51744975,37.09485227
1841,1859,391.328738,11.79751678,9.771340971
1842,1860,351.0632951,27.76348839,33.01376883
1844,1897,133.4917396,31.62560769,19.07354342
1848,1893,628.9813301,16.73005919,9.219666082
1854,1862,316.8667279,30.33921625,118.3196395
1854,1868,304.7013525,49.05859207,230.6643475
1856,1862,343.5423865,46.1998282,156.8893771
1868,1883,424.2016114,43.7998215,271.9671494
1869,1873,409.8056342,70.28860377,424.4033614
1872,1894,270.5399741,44.15653408,189.8757278
1878,1885,422.1491944,37.49688416,28.25616381
1882,1884,269.0147901,50.57653118,79.97451354
1882,1886,337.045093,84.64556539,647.344853
49,1,231.2503812,111.8751261,1082.549705
65,1,489.8710869,62.75490168,76.83314864
17,1,223.728578,112.1033927,679.3261649
1289,2,367.7027492,123.9084983,754.5804648
312,2,174.7956832,61.85716488,224.7250231
19,3,245.578267,121.0064847,6273.916927
50,3,124.9885857,225.1846504,12013.28046
35,3,465.7265379,376.1524446,85042.52669
67,3,349.1433554,253.9944662,3873.594655
743,4,479.7478001,281.6136961,6614.35137
128,4,90.08936031,169.5047541,4177.889846
20,4,114.5981634,69.88173452,303.9505202
52,4,255.3918375,408.5610806,15487.90078
409,5,280.4339864,117.4424293,844.7744756
656,5,457.9102345,23.02708092,21.34269694
196,6,348.0314051,21.37116505,87.96383156
621,6,290.7659296,24.91589116,43.2993924
902,7,198.0154805,18.71610667,19.00698281
727,7,331.9627717,20.17595479,16.29671268
212,8,460.6256727,60.74721413,277.0077537
423,8,534.2055542,52.64519015,30.13973141
367,8,436.2835308,59.88815463,460.7362739
342,8,187.0601788,74.08966787,273.238601
917,9,623.992146,43.96635229,106.1907577
889,9,181.1259665,70.96083473,251.3408945
488,9,460.5331752,36.89832918,63.9197462
1768,10,427.0568548,37.7712907,78.40964085
1473,10,201.5531308,26.99248931,37.94258579
1674,10,160.6231128,56.88764759,289.0775038
1654,11,309.1482962,63.60231021,351.8363203
793,11,278.4213024,53.01739494,138.2134931
1066,11,228.4313563,46.57239619,86.83449161
216,12,361.2623371,32.50701344,26.61969981
581,12,181.6454605,28.38183202,33.10415678
29,13,121.5546234,72.51911786,648.9578739
384,13,312.3035886,146.7141183,562.6801428
91,13,445.7206334,33.1824455,208.6339945
794,14,260.254019,36.36131848,92.85490194
739,14,329.2493272,47.74761175,260.9959751
204,14,415.1675606,55.10767256,601.542418
1217,15,126.4427488,44.64776119,133.9273078
764,15,240.2172069,58.56242191,167.3460331
610,15,144.7023406,81.05386936,572.0534774
337,16,378.6825966,56.32941381,656.662736
311,16,512.2641865,48.35524713,320.8241032
164,16,501.2274043,116.4617585,3166.05179
81,17,1292.936406,117.7456667,814.9840767
179,17,176.7870752,127.9735588,1274.421341
221,18,247.4270666,93.47663116,1598.605363
66,18,494.9595688,274.518389,8921.466187
50,18,565.813551,64.88327455,482.2947461
66,19,536.4405259,63.6936643,483.6509228
460,19,272.1732689,186.4296794,3916.150413
128,20,425.4607447,171.1980194,1808.742751
433,20,295.5676572,189.0785666,2311.59471
36,20,410.3207952,255.8271475,3651.823862
467,21,360.1340311,150.3230867,2851.227211
83,21,512.876548,86.35748692,1043.333794
458,21,406.1391091,92.57700655,362.8574749
1164,22,300.9568503,39.88682503,65.40180665
1655,22,542.2734733,74.73232883,135.5972913
1371,23,237.8331989,85.97801037,856.4374042
1367,23,290.8620661,29.53767722,365.0467904
1231,23,335.3540978,117.2831938,566.8635814
290,24,259.5193221,43.59818384,112.7574107
390,24,416.4919821,68.71416959,94.80633531
156,24,534.4137894,58.61325557,79.73959425
744,25,307.8154888,40.30610611,377.3146246
1022,25,1364.032136,126.0950455,352.5314817
713,26,963.8684522,44.8150883,151.8295299
1862,26,259.2004389,31.75104071,101.0072958
813,26,562.2667658,32.2763293,72.58621951
1301,26,138.6576128,48.47464388,90.63762844
1080,27,118.5706484,18.71719192,91.17364842
1817,27,133.4223073,8.564885437,5.125070945
1799,27,536.8307915,8.043480115,3.462960678
1696,27,288.1881173,20.04957045,12.16273802
44,28,362.931564,60.70155948,178.8428386
333,28,248.5542772,127.2153772,560.8697105
359,28,263.744653,213.1445043,1075.637171
635,28,205.6968116,75.84324545,421.7416524
119,29,534.2668117,87.12757909,486.3626831
230,29,187.8626283,127.7449945,2204.359082
763,30,383.5315126,63.63933032,371.1586167
1060,30,493.2938712,27.57357707,51.27461752
457,30,302.3180211,88.4310098,498.3379913
564,30,421.9323369,37.74932313,113.9681234
655,31,271.2508903,32.20825356,144.4780309
484,31,265.6652349,34.32709814,38.76829488
1127,31,276.9563468,53.48715116,130.2190018
64,32,653.154712,43.83937608,25.66954439
337,32,471.8861878,51.68241834,106.4266905
285,32,257.5711587,51.39578788,135.2523533
733,33,334.6260569,203.1513244,1136.779211
440,33,238.8379871,120.0080594,2648.536372
65,33,775.2590556,142.1151637,857.9982938
166,34,277.7837356,24.37833748,22.43917028
152,34,496.9226817,82.39036169,1329.328555
82,34,671.3528571,74.73221303,979.5187376
194,34,124.055725,71.24285217,938.7383503
751,35,307.3229515,323.7868934,5317.183848
51,35,135.5061889,244.274458,6487.788629
68,36,290.8412154,315.6756454,9286.249167
52,36,111.7340762,331.9390203,5656.316495
387,37,168.94426,42.52230641,296.7191542
566,37,273.2214511,37.55058946,45.22598565
674,37,273.5937563,35.01498363,111.4686047
1212,38,292.1117815,70.58161983,2537.331427
908,38,353.8926153,34.94035059,227.3141981
803,38,89.3986355,110.4849119,1182.931699
595,39,208.5423581,55.02843619,263.6628147
315,39,131.1495224,164.2915561,6261.483727
825,39,350.1660614,50.53399938,387.2819547
412,40,176.124342,70.32550167,147.4443821
390,40,444.8392557,66.98480765,103.6121959
156,40,449.1287667,76.7945977,171.3785345
87,41,240.9005755,35.2893572,131.4994589
143,41,373.9964236,27.93607494,84.8124662
833,41,239.2014238,16.65175792,8.611972269
799,42,252.537158,104.3674861,461.5696794
953,42,161.5537713,39.07451107,123.9457497
1112,42,210.06636,32.05242996,86.54335405
1877,43,598.7199941,36.15451413,109.2285055
643,43,365.7887633,39.61951575,273.0109111
1173,43,324.7603541,57.44369561,329.9722613
1727,43,344.7425771,41.81127679,116.1677609
202,44,638.7054599,54.90453504,239.0311341
572,44,512.1917406,112.6261276,689.6218125
269,45,558.2127839,80.72127924,93.00330307
715,45,268.7515305,109.9041383,1126.666663
1252,45,287.5339652,44.43814909,138.9858751
147,45,301.4362171,49.33975354,114.8172293
739,46,250.1177755,37.30345413,26.15968263
204,46,138.2294114,24.24139023,18.97027731
1046,46,270.3514961,17.84249855,6.305563979
1246,46,333.4956767,18.18352982,15.95298592
914,47,494.9595688,36.48373328,134.0084277
1026,47,402.4217299,40.30159647,61.61008745
1121,47,165.6061356,13.95000835,3.527455344
206,48,201.99432,86.18545616,3708.902831
233,48,546.5316574,79.38790861,195.5023882
151,49,1360.418285,93.73539268,672.862577
81,49,478.8591703,93.73448898,325.5157448
325,50,168.94426,24.93256637,52.94897601
52,51,63.05385226,108.4680786,671.2824325
67,51,124.0511176,436.9787697,7867.218144
665,53,488.0924974,178.0358472,1665.136583
449,53,304.8576438,28.91882665,344.6540006
300,54,617.9361295,101.8208552,608.2571177
223,54,507.5159509,23.02517068,70.145322
1418,54,209.2367022,45.4343472,90.60042724
943,54,348.2928019,90.73108969,801.6641447
1111,55,193.8310893,24.53735036,15.61253393
1243,55,1087.243613,50.57652059,79.99421044
881,55,424.4185627,33.05274906,87.74726336
198,56,270.3876214,39.83144442,98.014939
170,56,242.5459691,52.48766608,84.39896434
861,57,326.6865222,7.194804773,5.168343951
897,57,190.1381143,170.4647102,5707.783816
1629,57,216.6409876,29.0962309,19.72839254
819,57,188.3873173,179.2386987,6949.509003
1372,58,295.5676572,69.91442695,313.7746883
1665,58,668.0776837,22.05055822,44.10316836
1473,58,835.4650817,66.85924813,135.4643368
1038,59,364.9657052,28.68111534,67.10060386
117,59,905.2748885,52.4810098,554.2881337
472,59,280.7455374,38.85837516,375.5758713
464,60,198.1395557,56.32761228,79.11182924
599,60,143.2339061,166.0454089,8607.402575
307,60,192.7918389,174.6051262,1950.639819
256,61,308.7220713,45.85935939,210.1564711
190,62,246.5623188,37.5218137,254.0529446
344,62,208.5423581,30.21203871,64.09888851
362,63,338.1936844,43.83517691,83.86228485
1040,63,237.0402654,35.49186554,113.2625798
764,64,243.8490966,77.25991788,231.1635956
298,64,452.4942728,71.25928007,97.10902922
673,64,162.0293732,68.54165258,197.4322532
109,65,119.7730366,203.8275481,957.6973602
312,66,325.6090627,84.84520123,202.8879341
138,67,340.4914895,211.5593696,1378.904417
401,68,305.1985315,229.7971676,3718.043151
251,68,437.7910577,293.9456475,2375.820193
261,69,299.4921877,19.4056728,13.59598103
391,69,1055.552618,97.29317058,651.4019442
476,69,168.8362632,96.35863146,350.9069371
1410,70,623.1866319,23.97726672,65.90413865
1673,70,1429.612616,71.16709936,238.400526
1628,70,288.1393449,48.1822562,86.85325417
992,70,333.2923204,37.72960379,75.58714898
1423,71,444.6049052,25.37358572,223.7422876
1419,71,311.8389865,47.53609658,214.7892777
1379,71,619.1076603,44.73187924,210.8468493
198,72,282.9339802,52.04443707,348.5701978
277,72,189.8434963,48.8709104,94.050403
423,72,431.2349607,75.53548663,680.6310502
368,73,629.8633935,15.00806856,13.91197856
1172,73,330.3942817,29.53622546,67.29678255
1396,74,227.0412404,35.57885165,36.88453021
1874,74,369.6031152,35.00574927,38.02168582
102,74,561.0544808,71.37842784,633.289032
778,75,285.6313402,72.66091308,548.030422
535,75,347.7028268,39.35607227,52.24364281
730,75,692.1685752,49.57197245,120.5370737
394,76,207.9239017,39.61098383,130.685972
255,76,228.0972339,55.57050284,151.3808555
509,76,637.1693347,81.75514815,1353.43018
689,76,266.72183,45.44477392,191.0081916
282,77,2187.141314,85.61447313,585.6187443
395,77,86.55318403,151.4687567,1539.924308
910,77,1642.699056,196.5355251,849.1288034
1032,78,224.0604964,21.68830353,36.24348019
927,78,296.0129091,8.06574759,9.11591221
474,78,237.8331989,14.17175849,17.28868916
1067,79,275.6198388,31.03302632,376.7178981
205,79,202.1136228,70.22685415,501.4738123
1268,79,220.9728617,57.3036985,724.0327174
740,79,1018.022413,35.0375421,24.14224978
324,80,247.3664703,82.22461648,180.5935605
136,80,370.3952835,88.58383084,422.8889565
123,81,531.3212946,130.2332306,1293.162879
96,82,361.0762485,83.22102195,570.5777178
312,82,544.1833197,144.4500549,647.7902984
208,82,55.16065751,89.92291808,439.5133993
656,83,265.5468273,41.72835864,118.8521705
494,83,283.9259829,29.65064423,72.60714391
1487,84,262.4651613,68.65487317,239.3099941
803,84,349.5513005,56.24088534,375.2935908
1407,85,187.4754102,46.70543171,72.21425517
1021,85,260.2348094,38.69087209,122.8501974
1201,85,223.5427685,38.21573488,94.16734459
170,86,329.2493272,121.8192191,791.921435
212,86,351.9052814,52.5048986,105.2352531
329,86,331.5724099,60.5805091,569.0592602
316,86,300.1522734,212.6938859,3393.615457
356,87,243.267147,34.13033658,121.1150514
973,87,79.84547441,25.57713939,28.05088362
213,87,193.3663786,60.47991955,224.3659215
1762,88,287.2852446,28.96364458,48.61553852
1190,88,133.0660216,24.71543685,24.27425207
570,88,264.9908061,19.45404355,26.90861359
1453,89,248.8807678,98.10897007,759.5501178
404,89,163.4086438,48.32542214,126.8702706
1845,89,139.590631,18.70596941,11.00278012
1003,89,75.31901328,24.03306769,30.51323946
500,90,417.5015831,45.57480978,32.32466984
527,90,83.70083354,40.0291228,118.090883
321,91,47.0931073,69.03855193,576.9677218
308,91,161.6755741,69.30035661,375.9588347
878,92,568.8964783,52.36583478,79.60341796
283,92,631.7028019,39.2512625,557.0945573
1180,92,286.9049216,47.6379934,424.8518051
510,92,281.2981577,37.83378675,200.9773004
664,93,210.5720139,15.11991197,28.52118091
271,93,730.4668847,35.72431191,176.1032897
574,93,946.4150827,64.51135065,341.1192565
1211,93,135.8142701,139.809226,3730.648466
220,94,454.8005442,127.9495669,1201.099385
259,94,658.1514157,100.845716,519.3646996
337,94,676.7044028,41.0405666,100.8951455
311,94,578.851407,59.05418095,61.43323195
123,95,262.379839,107.865178,323.419628
207,95,403.8751156,230.3034218,6170.314825
165,95,301.4362171,83.65893555,583.2106104
137,95,240.2178584,206.6737137,929.6135477
1020,96,272.7143568,44.40187584,132.7184967
273,96,336.8158621,85.35047737,381.6742486
152,96,233.5138767,88.28095215,1287.884372
181,97,384.2466743,27.44549939,3.175021569
741,97,248.4815623,49.43272652,214.8505657
1608,98,242.0373337,45.97386275,152.3938221
1013,98,424.8894321,42.68397791,110.785793
1478,98,185.6601824,34.29742912,50.45329752
1378,98,140.9704935,44.56365822,111.8822725
276,99,302.557852,27.83923757,20.32940466
1237,99,326.1153469,38.10459296,343.2354658
923,99,588.2107767,35.32741467,300.6099268
427,100,261.7396422,46.0488511,232.5219284
211,100,238.4113748,61.50854258,325.7251808
170,100,554.261027,70.45523667,178.55088
1043,101,240.3744119,40.0394322,56.65571012
413,101,267.9780642,40.50225557,87.06725785
402,101,192.2538579,23.37529506,139.7269906
1536,102,334.3350153,116.5045662,775.6186982
1800,102,331.8010694,12.68296165,21.50637556
998,103,277.0152853,49.88232525,154.140415
762,103,616.2614777,62.98657532,599.7730639
553,103,369.4815806,23.64950253,55.22698377
333,104,301.3254122,171.0312042,2679.556764
599,104,252.4558637,57.99273578,52.291173
321,105,272.3314862,72.80432018,407.8627306
406,105,402.5694056,135.7462606,1638.039054
334,105,409.1217955,136.1333731,754.2516415
822,106,697.4012569,35.04689593,640.3072831
715,106,875.0489531,174.066702,1550.703626
546,106,781.5581147,106.6540386,419.6587173
1193,107,186.763222,25.53484997,36.46520241
1096,107,553.4677936,14.25494979,3.688069258
233,108,395.6206195,11.0940104,15.81753484
1217,108,105.0625162,51.51127795,464.7612821
220,108,537.6552034,59.14140896,242.8845352
179,109,185.3524974,72.84378154,153.4121837
193,109,708.1282195,244.5287045,2022.295699
194,110,221.585854,71.44379197,788.5772401
208,110,1555.395818,86.27074881,1983.036148
221,110,2034.517496,51.74324025,334.928027
709,111,568.5783798,20.14106913,32.05358697
125,111,259.1144788,36.33235432,109.8646246
339,111,337.929925,37.63650039,76.47154991
1299,111,412.7881835,63.95113942,139.6729988
1870,112,287.772369,34.87317857,46.91067444
1097,112,423.5021802,25.89674659,147.9302301
1280,113,109.266746,23.1260023,26.36909175
727,113,475.2483778,47.79654362,188.2389678
1335,113,423.6879244,23.39979341,69.3235267
412,114,286.9049216,55.78959238,183.1267931
225,114,860.6192695,58.92478339,222.8689424
776,115,691.7608617,67.8810093,298.8302808
720,115,1028.549396,58.4975053,171.4983011
641,115,316.9223562,46.40821444,123.0503207
695,115,253.4618362,50.95001456,150.8019958
1203,117,546.0513157,26.19517063,56.52958895
1612,117,142.2918038,21.13862011,19.18070098
1017,118,285.5168819,109.8820652,106.2917594
1107,118,160.0988055,23.63710969,45.12106558
473,118,338.5388773,41.2082086,128.0269404
294,118,472.1895863,147.226423,702.4200523
189,119,451.859148,32.86692177,32.49115229
372,119,316.6144048,36.23487456,19.70413098
175,119,271.5977925,141.0963364,766.5211421
564,120,171.4634801,44.18088629,106.5617173
906,120,196.9410506,58.38152399,312.8545994
588,120,120.2890328,40.32705988,219.1612764
740,121,162.8575248,92.38697886,1500.28562
1075,121,42.76792456,80.2290088,121.7948728
178,122,53.08455433,51.58064375,126.9882465
220,122,297.2874712,112.8333117,268.2493889
259,122,176.3278725,107.6908381,254.0407895
151,123,549.7765404,105.5144029,171.8770792
166,124,479.7356302,120.3011997,439.3151763
194,124,173.5197291,101.974886,840.1649617
338,124,207.0063574,321.930631,2484.993033
638,125,160.2111162,34.41838474,214.6983916
1242,125,173.3034235,35.21465921,50.80756477
887,125,61.67462177,27.47507597,107.2497655
585,126,176.8737082,52.57220328,179.0174768
1230,126,238.4485683,79.27800312,730.1090885
1386,126,275.8889193,35.30644233,95.92301025
377,126,902.1082005,35.87080717,72.57598325
400,127,138.6576128,65.54710096,237.4313642
853,127,452.4942728,71.48510462,501.5443502
1363,127,219.5580875,54.76690885,150.7914469
759,127,134.350233,73.98571819,324.1484778
1300,128,561.0544808,176.6536405,4441.748302
316,128,282.6980403,146.3312429,827.4325371
1029,129,126.358792,29.65026518,29.25951967
253,129,354.8405378,27.67147418,29.9691679
587,129,404.8263078,21.51299668,48.19349397
745,130,397.8967524,49.90725201,659.3129077
1261,130,512.876548,26.91860804,291.9492251
444,130,509.0410597,18.64705115,24.70658109
1630,131,247.4479628,33.81880019,97.05969711
1813,131,311.8389865,43.84420326,124.5322302
1282,131,223.661327,39.93268518,35.99281585
563,132,228.5793319,37.89189473,61.21165592
590,132,394.8262584,106.9848286,1421.6647
536,132,673.4365235,66.47646249,209.1348771
334,133,50.76339322,57.50346902,245.7269022
704,133,988.3510182,61.40692244,235.9567475
659,133,213.4734975,40.28869486,74.97163307
1156,134,370.7351602,45.16084086,143.4444163
519,134,261.567007,59.92042119,197.592396
1088,134,402.4217299,40.75643949,62.03770346
772,135,271.5977925,94.54174936,2040.508179
574,135,507.6330713,51.91103974,293.5525586
619,135,295.8768103,41.39894506,159.3023495
970,135,366.9143986,49.92022846,286.6403833
246,136,292.3245898,257.3749954,23172.80626
590,136,395.8316253,157.590181,1722.818632
260,137,42.76792456,225.3491885,6260.140261
286,137,368.1805411,264.6250539,6922.541718
193,137,155.5899644,227.8219764,18520.47325
193,138,290.7659296,504.370097,9535.169384
325,138,67.67788705,213.2646634,1955.067335
235,139,306.0825483,58.99481574,242.3400679
467,139,140.9704935,133.4096682,1328.349996
248,139,169.5263733,26.70690756,49.40599761
1613,140,378.6825966,55.26047594,165.1141427
735,141,183.9754773,16.76152642,17.86299971
1070,141,466.8448321,34.36951603,47.72062599
277,142,306.3666994,68.90698378,240.0364635
303,142,163.8130962,67.29909432,267.4302498
290,142,190.3644855,90.19808262,1184.155217
973,143,347.6498187,33.09267409,57.27906918
605,143,775.2590556,57.40875718,232.2768466
791,143,369.6031152,46.13606785,151.2157105
1256,144,331.8010694,23.24417649,32.31206153
1106,144,426.6370977,31.11161352,52.23807469
1750,144,615.4954361,34.48776009,129.062546
1785,145,181.5482961,73.78684773,196.0970899
1312,145,509.5934374,19.43500707,14.42021042
1684,145,460.277135,38.98301596,154.8838941
350,146,274.4955191,31.65262031,250.8482166
320,146,450.6081625,23.36600823,53.18358233
662,146,360.4435431,24.08847544,43.39418759
1252,147,283.2796836,61.2947954,229.6209167
347,147,393.0982995,96.21039774,1071.847352
296,148,696.8194115,28.58716348,90.61677144
885,149,231.1258284,27.27488582,69.29413918
1033,149,340.8211338,155.2726162,3311.382072
928,149,270.5399741,35.50600805,112.4769325
655,149,810.6006895,23.64660463,59.39488809
192,150,432.8385295,293.1944545,40345.4842
671,150,206.3071156,574.6694262,31667.73182
644,150,247.334841,261.7888659,3449.598115
440,151,592.6053692,168.1395955,480.3299287
512,151,213.3037616,106.4711659,521.4516311
1679,152,374.590421,69.47337062,570.6579331
430,153,205.9431244,60.19117996,144.2467326
261,153,349.0905354,33.45853212,80.8910299
195,153,167.8305591,39.86193955,148.611054
887,154,325.8740239,26.01569641,85.16883512
873,154,332.3058084,34.74053022,53.28087406
866,154,359.1506418,61.92236868,159.2644677
1819,155,422.1491944,37.22169057,80.65708229
1014,155,488.0924974,46.70361948,86.66791234
251,156,491.0915698,130.7226791,362.0127145
973,157,509.5452933,16.85468532,35.51327197
847,157,187.3304693,34.71658797,129.5941016
1050,157,217.6304248,32.35454583,80.04862296
1744,158,188.7577564,75.35326394,995.1002071
1301,158,233.8016437,37.05078667,78.79606271
1742,158,230.317022,61.49456796,417.5474963
1710,158,360.4333489,26.93414053,92.39757699
1552,159,274.9991019,35.58966716,51.06723317
1753,159,279.4454997,39.8402353,140.2045759
1197,159,219.6636563,26.21649729,63.0160632
1233,159,64.76008361,33.03117046,113.7825001
216,160,303.0645202,19.82816522,26.81065511
581,160,982.4759564,35.91197211,86.67187872
203,161,202.7696612,172.6843977,871.9761171
282,161,366.3130712,53.2755592,153.7451378
1126,162,292.1550982,36.16737544,167.6666225
1156,162,320.8454199,42.93821624,94.73511866
1088,162,371.1478525,43.80141823,63.75013252
636,162,302.4485886,49.86872429,106.3653386
780,163,196.7739341,16.74939956,9.594631895
1175,163,133.4161403,57.54131832,222.9174992
1273,163,332.603298,32.48240352,48.00809402
285,164,491.1197448,21.52823582,25.64530924
429,164,121.6308203,20.5416242,43.2621631
246,164,412.5509887,38.97627194,123.0980139
179,165,226.0457242,122.9645132,547.8022938
247,166,187.2315886,297.9099418,2419.129348
765,167,315.3813339,90.11887117,700.9930852
575,167,265.3431224,84.98489581,426.4315872
355,167,400.6480744,248.0614836,9833.4197
314,168,696.8194115,33.13764162,113.2336917
236,168,405.4469996,29.63472434,27.83048057
1164,168,113.8159393,52.48839129,81.68761118
667,169,478.0267061,45.83633469,121.1629659
666,169,288.2770462,48.72363998,251.6135138
1028,169,295.7703961,33.74965012,163.4835804
379,170,491.0915698,101.3250593,157.9616553
226,171,250.2074962,18.87177884,36.62037559
1172,171,1128.16522,53.05389101,702.4984134
470,171,1297.333344,26.7669375,108.8683863
1889,172,382.6730463,101.0164596,980.4286772
1461,172,91.61178266,58.00853324,269.5482007
1455,172,331.8277685,45.57306764,166.8105206
1739,173,313.8177829,18.17020943,38.25189717
1857,173,277.7654698,10.83639671,15.34557315
371,174,160.2042889,59.04404594,174.9705904
563,174,383.5351888,58.48126911,295.7272304
554,174,347.1650289,45.78823164,192.2194079
395,175,418.7348423,28.13760629,19.1276857
230,175,358.9538853,66.05493177,314.9451294
533,175,224.1284404,126.7148492,739.3479829
335,176,226.0905621,68.40594977,487.4543349
474,176,553.213835,46.39915722,201.1871637
1150,176,138.8978377,22.37567232,13.58501418
976,176,338.0642436,42.31198601,117.4905154
1241,177,226.9515391,23.50557534,13.11551683
1145,177,796.2212338,19.43589505,12.37276849
1293,177,963.8684522,67.88842809,214.1748265
375,178,216.4492789,192.0335252,7080.066937
233,178,444.3495387,92.71862805,548.1054668
351,180,560.1996504,108.2496642,1454.383031
247,180,309.6744128,69.86566077,1254.244955
260,180,424.7857158,228.5735991,3553.668994
757,181,347.4242163,94.82858952,181.8039246
1535,182,1064.48712,27.68757184,72.19524378
1269,182,376.1813593,76.67866913,196.406706
262,182,845.7654619,44.8748671,165.043038
1415,183,414.3223762,35.39129199,256.3378653
1070,183,628.8184826,91.53012916,284.9595631
902,183,875.0489531,58.62134072,226.6074053
423,184,1283.383759,54.16583404,207.5828569
277,184,89.80652483,61.79889119,88.42513555
303,184,126.4427488,67.27536224,50.7041086
367,184,316.1996936,51.5917526,72.25629546
1043,185,655.7430854,64.724037,211.273618
760,185,228.6426132,59.74419221,636.5164727
720,185,306.871314,62.08149273,924.7355882
1404,186,309.1482962,57.47055616,155.8661345
1901,186,181.5482961,37.78440025,87.81063883
1491,186,214.0720687,53.59056614,333.6823917
1516,187,367.8769472,36.58968592,86.32361174
1711,187,188.8031216,43.83390168,220.9524789
1552,187,209.4900167,84.41620147,961.8170721
1753,187,564.5887476,41.75364822,171.1544419
491,188,375.3729859,107.4657835,1889.761202
202,188,702.1567414,164.7626539,8372.750691
653,188,308.2651033,18.88605446,6.529197616
359,188,147.6764057,44.66776949,314.4715617
417,189,470.2261944,6.242436091,0.44934323
395,189,247.4479628,142.6985669,653.6493077
1074,190,274.3328539,58.44296567,602.2413328
1004,190,395.6206195,68.24466973,616.5991515
200,190,403.1586695,30.80143519,193.8922537
1040,191,192.2118626,44.20173092,127.5545719
362,191,210.391956,27.97704372,40.9444894
865,191,235.9404691,82.63352563,320.3416093
1328,191,183.4428966,28.63649007,36.70851632
375,192,212.2909486,157.8675849,2631.340357
324,192,63.55659027,188.8422045,961.7182918
765,195,150.7319641,93.34648043,1809.095535
575,195,215.9538968,78.749713,408.6430691
584,195,179.0095371,58.101626,289.0061706
1682,196,99.16646842,26.17818276,116.1529658
1580,196,230.558335,13.20448448,12.96352171
951,197,129.9732715,22.06742914,48.02949113
1423,197,593.3162441,19.76097697,15.21097868
1415,197,591.9293834,65.46357962,272.6139226
464,198,796.2967673,72.68545287,545.5024073
238,198,259.7371898,34.65728757,50.30387742
752,199,142.6018232,177.3461753,2109.937705
868,199,302.0751983,123.4163757,1627.760572
720,199,565.3584255,57.16022745,208.0458648
776,199,218.695071,54.9118078,188.3711255
552,200,134.646908,54.78448022,361.2271155
454,201,1008.555635,65.46992557,122.2808835
1853,201,550.2045592,74.63775972,470.585053
1713,201,1182.658842,94.62155093,390.2333325
1073,201,539.4160236,76.72689467,253.6796904
644,202,149.8594526,337.8202409,17186.72559
256,203,100.6051159,72.24276408,947.206543
295,203,1062.645007,16.75715771,8.786709213
1204,204,1050.099938,29.16133825,162.4403214
857,204,609.8074011,66.24116932,678.6006535
747,205,681.8958421,27.88055891,47.35684135
1268,205,187.0332182,40.95841841,91.70762607
529,206,626.8812743,178.5444326,2462.340753
375,206,535.196487,122.8942666,825.7891174
512,207,418.892414,189.4086201,932.0689289
1703,207,369.8359877,129.0245804,1850.226496
476,209,654.3082649,79.7787245,1568.873353
701,209,381.3283241,38.8055168,640.8252963
420,209,249.2360129,131.6267975,4067.181573
1414,210,276.8923422,9.94190589,4.962899943
1207,210,397.789706,34.95572327,64.92099137
1481,210,355.3244599,85.37403955,407.7835698
1056,211,396.3515444,81.31221239,687.0744939
238,212,550.0465466,48.33094137,57.78219125
596,213,685.6646955,29.72743372,61.05001036
1001,213,561.7326431,21.28866578,23.88413818
344,214,331.0817861,89.40622335,732.0393115
1443,214,164.488574,21.31978714,39.40513734
1668,214,157.4163516,32.29832438,50.84205679
1839,215,65.64691401,33.38825244,136.6060632
1031,215,236.0345599,30.60595566,68.73171855
1875,215,266.7629033,71.22224312,199.3934139
518,216,233.8016437,31.5914426,73.41993825
243,217,277.7837356,112.712349,1744.882771
269,217,330.4178154,89.99917137,859.6234042
347,217,1106.600826,22.29524751,49.76764102
373,218,692.1381772,95.44131585,7841.869651
822,218,306.8026256,45.6106059,67.0406852
1180,218,683.9834798,78.78461685,572.8260012
564,219,522.4413971,40.11892631,46.25379213
457,219,406.1391091,49.00349175,158.0455202
998,219,405.4469996,58.91120335,466.7338801
1823,219,362.5421336,99.67973251,864.7212855
363,220,292.6555522,42.26608085,34.2197036
325,221,297.9644774,91.91787445,1534.032723
725,222,362.6073537,41.98398283,99.62989763
274,222,196.7739341,44.03270719,237.1357428
398,222,416.0111819,50.34888074,135.4687346
485,222,290.8233659,40.11480802,132.0452102
567,223,455.0400788,42.71180842,148.4050953
1339,223,1292.936406,37.73188428,38.24194728
1014,224,276.9563468,21.31691969,43.85530035
874,224,504.7456495,25.64193674,30.20040732
329,225,225.8890994,46.44606167,244.2637207
264,225,421.7383005,103.5853156,1139.580044
402,226,156.3548186,31.72530675,230.8680812
903,226,284.508718,29.36183633,38.42593991
1623,226,1234.234482,41.0145318,330.2927964
1044,227,67.1048322,9.25859106,6.100605375
1322,227,375.3284333,23.26432032,21.05997258
1609,228,1055.552618,55.01270926,132.9482181
807,228,494.4236049,33.1410366,50.09120464
1277,228,260.4852653,36.21334964,91.14469571
1185,228,366.6556595,40.35992964,48.51414511
509,229,221.7950418,13.4339079,4.399550549
868,230,259.5193221,108.1138148,1466.366781
752,230,202.1136228,134.869364,3125.393651
871,231,588.2107767,35.71099753,45.20281429
934,231,306.0025953,28.43194947,25.4219884
418,231,193.8310893,33.55096482,47.791172
969,231,365.0273145,66.91110987,617.4340491
1283,232,155.8463457,71.93228852,837.6864543
1145,232,422.1405494,53.28257375,66.64082237
1005,232,206.5600204,57.43982138,209.2888769
299,234,429.010321,54.82418271,100.3993365
521,235,491.4043861,53.92713683,196.2913386
684,236,445.697783,105.7159134,1379.191943
1508,236,624.9805001,44.05924285,124.1985066
1116,236,63.05385226,52.69256722,223.6377641
1320,237,53.08455433,24.2137098,28.70491402
1105,237,465.079489,68.79193023,132.6841487
1290,237,176.3278725,30.84595917,44.56635837
423,238,384.3641556,50.528098,61.53463744
712,239,273.2144727,38.78353112,79.10998832
1092,239,436.4114861,55.08081119,146.5875338
966,239,105.3428476,28.29299654,47.85816036
737,240,233.941464,56.93659527,211.3795064
1596,240,449.1910293,82.78016974,371.6212351
1852,240,216.2887441,48.1250164,137.8190485
785,240,494.9364364,105.8523895,600.8360649
1417,241,235.9404691,23.7017732,79.17039684
1143,241,597.9198269,35.87406635,69.86046237
1867,241,877.3222695,68.46184137,576.6104247
294,242,113.957383,52.51295978,214.4600943
482,242,267.9780642,48.62445742,305.6529972
626,242,257.0011816,106.2415274,828.8741268
1039,243,391.2296547,244.5078863,9808.633689
282,243,346.78701,174.2015384,1014.898486
864,244,770.4082018,63.64088951,213.754741
348,244,309.2503307,37.81233485,61.85787333
794,244,502.1111475,39.54454453,101.037738
739,244,300.6841826,33.07231039,87.43741069
511,245,226.0905621,104.2709451,1267.571243
1199,245,388.6469014,97.2297333,1758.395956
1133,245,351.1385161,192.2083553,4854.505165
268,246,172.2389552,84.97799147,349.3380727
576,247,345.7876087,80.98509226,242.423122
810,247,405.9579217,25.74910711,65.91774496
313,248,68.50174549,21.59393916,32.44696965
376,248,1259.065087,18.66592152,7.076205516
1076,249,179.7084974,23.07210144,109.5272717
880,249,385.5342511,22.35177007,45.78398259
860,250,268.654657,42.85282353,83.91467842
411,250,238.6672197,70.98466238,348.1526437
1310,250,186.3356176,82.80140983,315.3172149
307,251,195.8858017,278.6474524,1986.666954
317,252,198.6725851,37.13372956,166.9778735
470,252,232.116189,49.44858021,159.4905151
1015,252,264.0017055,36.45178955,27.10068662
497,252,330.0351497,25.59578628,51.52945836
876,253,243.0296828,43.67699958,60.55915944
1392,253,366.6556595,27.46507753,57.84865858
858,254,666.8420956,26.21424937,65.49466482
481,254,117.7829497,17.9769224,39.99118379
1717,254,567.1874378,41.58508185,249.8553221
268,255,451.9024524,30.94471762,75.35827626
680,255,204.2516645,29.61295864,39.7435607
545,255,98.18900417,60.97571801,110.2559213
822,256,408.0733968,377.8220484,19515.98531
836,257,198.5438166,56.71955588,1141.54837
962,257,173.2781747,30.17630253,110.7691346
1053,257,196.181938,17.69697638,20.20167956
1103,258,294.6685619,37.60037094,175.7718723
646,258,291.0831249,38.68332879,90.75436584
1247,258,560.0473473,53.61212737,180.6702749
324,259,465.5672047,41.63940156,17.53244436
338,260,343.5423865,330.6562285,3536.621322
503,261,88.70577189,38.52750671,28.33503115
817,262,112.4717457,48.0618361,229.0585769
1426,262,275.0018723,24.53274279,96.09232065
1643,262,352.7862801,58.44015234,1417.070949
874,263,52.53905504,51.68237048,113.5884094
685,263,552.08201,21.16075806,44.88337996
401,264,209.1566914,95.39487175,949.2020301
433,264,224.9339936,119.6320068,603.3742388
1064,265,222.4971754,24.97257264,19.25249524
391,265,233.4363503,34.12260695,46.63424652
551,265,194.8399982,101.2782159,3174.758407
1443,266,175.9906607,36.53112781,147.6882174
507,266,207.4714213,63.4175499,381.8394201
1093,266,189.4880062,92.3159079,356.3613005
1372,266,247.8195303,110.1716534,775.4904771
954,267,350.2059925,18.29722427,14.11206956
1837,267,168.8362632,30.15595724,84.11451176
652,267,908.4289056,31.67377135,78.5927547
394,268,487.6965485,33.38301051,141.9307171
715,269,858.5732829,110.8491991,331.6947946
707,270,964.9894002,45.10619473,322.0275712
1156,270,119.3578063,39.88884685,184.4433551
1126,270,401.3222458,31.13650479,101.9855714
618,270,366.3525489,124.7288135,572.9956722
879,271,485.4980327,42.10943413,126.2852483
565,271,431.8556487,37.24916578,118.798619
1258,271,194.5120161,74.45625902,858.6579366
320,272,384.3382001,39.87823499,324.3098062
1472,273,309.7643485,36.42341179,58.53758915
364,274,146.9511223,27.30090695,36.13691207
717,274,228.0972339,37.49832209,125.1710927
709,274,100.7554867,27.14924014,90.58434515
1526,275,376.4096772,15.67266728,10.71030104
594,275,325.2346725,33.0737642,139.8445799
936,275,1027.354652,121.3709671,410.2391946
1201,276,470.6226902,46.13924813,19.45318104
541,276,140.0576135,24.35592285,27.35028642
1350,276,224.6265588,57.82564155,485.338078
1029,278,421.9323369,32.18930695,92.38730169
768,278,302.557852,31.55915291,39.69895552
847,278,832.0641513,44.87882258,183.9008352
1050,278,590.29758,30.03382626,52.90157459
1842,279,789.598833,82.19285523,425.7332958
1569,279,207.4071355,25.46706531,44.48415743
1573,279,191.0871895,82.92687103,662.2964477
1266,279,171.0153683,23.75730848,40.79658895
1582,280,236.8384633,29.40544797,289.258416
1080,280,569.6720827,19.96492235,24.00481186
346,281,176.3519447,84.45771396,444.6967463
608,281,423.5021802,30.66009949,42.31908258
417,282,355.0584151,85.06230098,58.51350202
618,283,323.9710536,33.65849274,71.40339788
1025,283,623.444819,95.78922932,807.9666111
1115,284,540.0478393,23.05242244,45.18515971
601,284,467.2752251,31.94062507,98.70560139
448,284,319.5457936,38.77281449,72.96610736
673,285,931.4646503,28.54464793,114.6394798
338,286,549.7765404,280.7632648,2408.499524
593,287,641.9236199,31.32063547,26.85125492
420,287,737.9344877,89.77289495,525.0902808
1207,288,525.6174909,26.89843602,31.76418148
789,288,369.1700553,52.40553692,178.787602
1402,288,200.0700202,28.63543039,14.09505074
1177,289,333.0035313,29.5513046,117.6950391
442,289,39.97393983,61.78284128,296.6351951
1414,289,328.9953959,38.15692456,108.4104905
818,289,156.5678457,39.84544035,218.9779053
303,290,179.6202945,67.85548811,219.4306543
959,291,309.5487818,17.83033324,46.28076432
773,291,293.2852593,28.04721993,144.9308628
352,291,359.1506418,57.38332765,290.1385911
1740,292,458.1481365,47.44483278,166.4687711
1548,292,436.5838356,37.62407063,336.1410502
959,292,473.6901755,33.15341993,57.84431599
1648,293,509.629512,76.9999327,147.8976344
1627,293,2285.848059,75.16778473,541.9689931
1257,293,332.0120067,29.97378102,95.37611413
1332,293,370.5602899,51.27946318,269.2269814
1161,294,235.4939053,134.1012971,572.4343595
544,294,313.4265779,201.9734795,1162.159452
801,296,333.0035313,33.65024356,69.9238927
942,297,225.4638964,63.74600803,283.2187206
991,297,270.1366188,28.22603892,88.04512484
1263,297,248.1534678,36.19773917,126.302819
363,298,183.0073139,85.56129693,190.0108608
337,298,243.9825856,50.88796484,37.82777712
1550,299,149.972783,72.13568954,325.5769902
674,300,211.9033815,36.36953735,90.65383186
749,300,623.1866319,55.90587833,169.6170692
1607,301,319.5457936,33.27630528,63.69917339
1334,301,458.1481365,49.18351002,146.5843803
1463,301,165.6644771,42.6327727,269.60412
442,302,304.5300069,75.37051556,293.0341196
1411,302,80.09770767,73.65684283,274.3769762
1195,302,301.6235329,12.55183666,5.10273319
390,303,363.934158,51.47178222,183.7856175
452,304,259.7371898,65.82592069,316.2770809
1036,304,39.81267684,79.04422903,996.2973184
784,304,512.2641865,49.59345434,274.4406595
677,305,198.9224164,73.42362562,221.1337627
1820,305,163.3458078,22.30632463,66.11465006
1504,306,364.8012134,28.20581935,34.64736788
1757,306,315.8952014,48.63848063,177.5001812
1675,306,332.9671468,29.89248127,79.56040006
1841,306,262.0354496,48.74987907,127.239237
644,307,506.4234417,198.607215,414.9009373
334,308,246.0498051,31.43123766,71.35255353
868,308,112.4717457,64.66625165,418.8015263
815,309,240.9484857,41.21127006,156.6715892
672,309,502.0930578,40.92713746,162.8019433
809,310,193.8731916,28.14680526,119.4028803
601,310,277.2412394,16.10740576,22.24642861
921,310,379.4436216,38.86260134,63.11023636
324,311,640.3378561,82.4581395,52.07219338
376,313,296.9386811,17.92760071,7.302178321
557,313,521.7516803,23.65297495,14.67438368
1254,314,285.1681367,61.40654309,168.4761058
1434,314,444.1879317,31.95198982,40.8875274
923,315,132.7687755,40.1878048,91.48254397
916,315,192.3210884,301.9106273,33755.51471
1091,315,365.2373645,50.28103824,50.98337231
379,316,178.4685047,167.0102624,592.8071616
1042,316,200.0120628,87.44855019,529.5753495
720,317,914.1837157,46.74577716,143.751061
760,317,693.0624025,65.5423061,368.1279485
641,317,468.7319331,57.85722588,471.6493094
1527,318,383.3429916,3.837439307,0.436747441
1788,318,247.6208231,29.37068644,18.3132653
1408,318,284.2427263,24.46358192,26.29841436
1855,319,367.5642411,24.26718995,15.22864029
1437,319,484.4924959,23.44430082,8.755157392
1747,319,494.9364364,15.52377733,22.31915138
1781,320,234.1682854,19.47757677,25.1820489
347,321,188.032783,123.1958072,2111.041245
360,321,242.7171832,121.3159018,520.6580899
892,322,219.6289768,32.54580542,98.35649116
1144,322,119.9866129,28.61556189,35.61931005
1235,323,441.5596409,45.9246151,65.63095494
1278,323,464.6200432,25.49330917,20.44132433
398,326,85.36926859,67.96408032,162.8359605
339,326,40.1955532,95.7876658,669.5791595
1502,327,342.7623639,40.12586296,99.64145121
1508,327,388.4226488,33.65359092,98.62796765
1604,328,321.5269798,186.7221995,2198.810349
1007,328,470.6226902,19.36897704,18.28859172
342,329,153.1367922,33.02307906,63.20697549
1022,330,323.1423428,45.56846453,110.7938441
515,330,216.5947757,43.88670965,122.8445291
1036,330,312.9263622,38.78030643,118.5380799
1079,331,231.2503812,27.99445867,133.7988412
1436,331,266.3361724,67.40758591,597.5354317
443,331,289.8960949,45.71458472,143.0545534
1722,331,364.468426,39.8337665,164.1378909
1692,332,132.1916283,60.59368137,341.0730495
1397,332,490.5255466,34.76546372,88.42671645
918,332,561.2759955,24.35130747,87.8161244
572,333,512.1917406,46.12352263,110.225882
931,334,169.2053212,43.68097111,117.7458481
1198,335,702.9666312,25.05011461,84.13149118
699,335,35.17514746,34.6925291,57.54158798
691,336,229.5704148,90.80638538,651.7313946
795,336,254.0327086,27.27898333,150.9380232
485,339,303.0450021,34.17319514,59.25626175
1055,340,461.9462637,93.76966096,1733.332494
803,340,362.0874831,48.61403281,73.83936218
1358,340,169.2053212,110.2637906,1735.511307
1679,340,367.5149852,43.66590661,237.881899
972,341,288.5198866,28.67612306,44.45251077
1153,341,343.855049,81.34767354,409.6467493
412,342,271.4517207,53.99676355,74.52019648
605,343,561.5491197,21.61444979,22.08214995
798,343,266.4956245,39.28799136,84.0547177
875,343,211.3874654,28.79510587,71.40365202
645,344,175.8291427,71.10849743,226.9269956
696,344,225.8981921,67.27067264,394.9957669
1465,345,69.5747415,46.2933479,108.4213712
1751,345,272.1732689,5.655791583,0.781877549
1441,345,291.4508707,28.68163245,53.99288552
635,346,224.5111459,139.3434199,775.9122654
384,347,360.5712309,43.87833425,116.4424899
1138,348,337.9165302,63.59011407,844.0373541
1162,348,678.214597,78.31391454,241.8607655
1102,348,395.8115907,40.87644592,110.8028771
795,349,517.6338569,14.19450529,24.38187012
949,349,547.1455093,60.83444119,250.0778228
1047,349,311.6035031,39.02169389,187.2280526
872,350,296.8561054,77.2540453,434.6076689
838,351,210.5720139,48.52082872,283.6693633
717,352,351.3492495,20.09722506,20.80436428
1158,353,364.6226101,43.14181727,191.9412047
1637,353,378.2537959,34.78569066,142.4155102
1493,353,160.0988055,17.04592815,21.19465641
1183,354,321.8918562,33.16152982,108.5350444
422,354,229.3955227,40.19526479,242.8604685
623,355,490.8955597,123.9807461,276.8848717
733,355,142.7582269,119.1096166,676.1455124
994,356,142.7871993,38.38254985,173.1448995
847,356,27.24439479,35.11145986,234.1379202
1832,357,378.0199534,36.7114514,43.64611729
1738,357,580.9071547,27.53275322,124.7395514
1239,358,216.4567285,88.08918992,382.2091861
1723,358,384.3641556,32.1072177,104.6671911
1657,358,248.8159216,9.441316831,1.939221585
608,359,414.9188463,54.67155314,528.5049188
406,360,255.3728071,74.34901626,429.7437791
997,361,161.5537713,32.88136134,110.6240183
582,361,238.4485683,70.80734175,356.2241753
1333,362,303.7401244,29.42649752,40.83711429
1343,362,623.0297404,69.54458603,130.333442
1217,363,224.5953135,56.61504011,66.25017925
764,363,490.5255466,60.10564814,81.44653973
551,364,142.6925323,21.89056131,38.69818118
725,364,375.8547106,48.10772964,385.4060785
1438,365,175.0510587,36.85900794,145.8618588
726,365,192.5309698,50.59951976,169.8661041
1673,365,401.5531654,55.5065469,145.7923221
1613,365,478.3520148,29.37427157,30.69005997
719,366,136.409658,62.49164916,343.758461
1411,366,91.92910085,54.60705218,141.7720811
400,366,191.8857738,80.26933945,355.8299923
390,367,297.6242794,75.15046072,698.9669889
412,367,468.117835,71.92266303,307.2296599
987,368,192.806527,34.18557421,29.19643473
1742,369,139.0199589,31.0985721,121.320598
1578,369,433.0777914,55.77588112,254.1750471
1710,369,279.4454997,78.20338133,711.00179
1698,369,255.25075,36.62849268,103.5033484
1385,370,217.7648686,37.44982926,101.3468858
1660,370,883.1558153,26.13372227,45.13231011
1657,370,665.3374352,34.7562444,65.07187532
680,371,1278.074796,49.70789326,161.0154432
384,372,512.3204759,125.0363548,1032.398498
417,372,230.2660143,31.7479551,47.27261224
707,373,140.398656,179.9222189,49888.6229
878,373,218.8597011,29.56009267,68.93688598
942,374,284.1048662,37.38157581,65.16843
1263,374,290.2479704,56.53543109,87.63232439
1313,374,194.5120161,33.6062268,155.7750072
584,376,106.2880955,133.9962023,1199.124313
431,377,416.2501855,39.25542094,120.1525051
1454,377,180.4126342,38.15750881,120.9221508
853,378,365.2373645,58.90451384,139.7202663
1330,378,175.9195987,47.57408992,146.3231976
759,378,198.5985543,54.22416355,224.7848991
1350,378,199.1673978,58.00187769,186.2655184
488,380,479.7356302,35.45020119,57.32319526
515,380,129.9732715,32.0145468,77.61085711
1118,381,239.8968548,15.97082093,15.78652762
1647,381,353.7171055,34.72295013,45.08804924
1790,381,583.4441876,60.33846075,98.75944356
926,382,359.5430798,30.97262239,19.82052288
1838,382,131.6088084,49.57907893,176.0256983
1510,382,169.087035,36.05346066,167.8386261
554,383,183.4471189,12.59816172,9.710645995
545,383,190.1381143,58.59951423,269.0965204
536,383,166.7717293,47.57150275,142.3728756
691,386,213.3143218,64.05883392,783.2311556
397,386,59.8680053,41.86559137,110.3453867
593,387,326.3905838,83.72637578,792.3080972
692,387,197.6261759,32.10770467,170.5477447
1418,388,387.465959,79.64306482,248.128913
943,388,491.7983331,27.35595105,38.4109254
1703,388,471.329341,30.02422344,34.84467257
1305,389,192.7918389,72.39454283,102.8358865
422,389,435.8298837,18.85781365,16.4966711
1320,389,359.7984005,24.41527503,26.51010057
614,391,170.884252,29.37073827,139.3134701
430,391,306.871314,106.5622787,1236.550137
1446,392,565.3584255,33.99346694,48.40975314
1798,392,569.6720827,20.50620007,17.82980626
730,393,311.2149282,34.93605947,246.0923778
1678,393,259.9764319,43.47411455,136.2499111
662,394,328.3305018,53.70134956,429.5481768
446,394,169.8605248,83.48974474,3632.226508
997,396,209.1443872,79.2172683,319.8371755
582,396,223.1740739,52.37014827,212.3345478
628,397,333.3012712,27.68954028,45.7966181
725,398,173.5197291,70.99775422,603.0464902
476,398,516.4972621,129.242717,482.9014013
1580,399,327.6628171,39.73914878,52.0662944
1619,399,509.5452933,51.6415507,161.1463748
1140,399,250.0881637,26.05752799,44.19767954
797,400,460.5331752,35.66346676,93.92991361
1077,400,142.6018232,31.29283908,56.65874053
433,401,374.8065205,126.4886364,585.3748275
760,402,241.7852368,66.82654991,576.7776708
1051,403,373.1021372,12.55240049,27.41761504
1130,403,331.346377,66.27652689,100.1899929
1891,403,165.0925261,24.95408847,87.55222848
1005,404,524.3790054,53.36837007,82.82129174
1293,404,193.3238535,97.02569881,649.7757206
1717,404,267.19042,24.88587772,38.82614579
482,405,117.2556025,88.30797836,749.0005355
500,405,730.2875808,36.17545701,83.21502581
626,405,593.3136126,60.53123857,132.0917657
527,405,186.1432985,39.28900591,104.3673641
755,406,367.7027492,35.59671916,108.9361164
990,407,290.2760773,47.56068698,113.0613587
591,407,421.7226665,43.53883771,264.1009467
501,407,267.6115036,45.16776154,107.4166365
1120,407,300.7351383,49.10296815,217.1821205
816,408,364.8012134,38.47408346,69.22660574
538,408,658.4608274,50.06875864,127.8541217
1163,408,619.2347922,60.19308977,95.71110316
620,409,311.8275242,31.57479449,51.07193291
1083,410,488.0512947,41.24008761,78.97504645
766,410,126.5451723,27.3799045,47.53740642
1165,411,242.316158,34.994458,73.39631169
993,411,226.8988817,40.82635616,137.3976313
659,413,228.986509,61.74063353,147.3061447
704,413,219.7756159,41.35375065,65.6473326
903,413,345.1055575,97.46826021,821.1627043
1560,414,150.8525007,22.77589899,29.42983978
1524,414,153.1713089,65.17342278,347.6164379
932,414,211.4165834,27.35797489,26.71380784
863,415,219.6636563,38.18863273,53.26722076
571,415,271.007246,39.8873476,73.96564656
535,415,565.5537975,71.03597585,281.9172757
509,416,253.7318697,29.80597621,54.41107227
1835,416,356.8069472,32.78680557,158.1282685
617,416,292.6555522,19.0619992,8.253853425
1210,418,506.8925873,55.98352534,116.355368
779,418,1033.325213,28.92708857,49.28468796
1139,419,1125.188288,12.48018692,15.15093199
802,419,441.1701308,26.7889567,405.6195337
772,419,1710.720489,30.06514128,106.4938083
692,420,662.8742857,26.4655406,39.75423291
531,421,247.3664703,27.06169898,160.4883858
1517,421,1128.16522,31.7713844,19.05150985
1499,421,414.1344437,37.23711274,111.6667174
1034,421,316.353673,46.11216316,79.3905368
1431,422,448.4981114,3.887711362,0.387355379
523,422,432.8706539,38.88793742,184.6869501
910,424,109.0673339,60.10334283,567.3840077
1071,424,458.7979694,101.9733226,1936.184392
623,424,351.9118393,357.1798887,7422.459728
1766,425,363.8910957,36.26256952,118.9474953
588,425,553.4677936,44.67042338,121.9808895
1563,425,265.6652349,77.06211218,357.703429
1166,425,436.4114861,80.1347584,293.8803402
1823,426,277.2412394,85.99691292,373.0411216
1792,426,464.2773981,41.39485953,134.2739558
1875,427,925.2190875,45.07463229,241.3913768
1056,427,397.9340822,100.2093719,797.3619872
537,428,157.8530021,43.33089697,242.9902875
1108,428,675.6650836,40.93307384,215.3286852
864,428,363.640878,47.21221007,204.5561324
948,428,521.3567152,42.20212808,74.36571735
716,429,99.25144125,97.89503706,903.6380347
872,429,273.2753307,37.10794059,138.7435306
765,430,245.1370777,67.86628779,317.657285
1386,431,154.6465621,43.87453059,232.3771399
831,431,228.0938735,37.22521549,58.16167911
459,431,225.70321,43.02065461,73.78976172
832,432,267.0575518,29.74148163,118.8491631
1117,432,267.2583303,26.1884543,19.7696489
1071,434,550.4416999,227.0040139,7246.756646
812,434,33.5412434,60.35587388,313.0603668
650,434,216.4492789,56.75910806,361.6158708
805,434,509.5934374,84.61129805,937.9647478
1736,435,78.80695507,31.32096105,110.7148654
1677,435,613.4618001,48.0513188,118.7686634
1828,435,169.2628635,20.58581337,23.00886353
1307,436,394.2664607,14.04504738,19.61733153
1809,436,343.7570411,60.49288645,124.6124633
1773,436,255.3599632,40.75480441,180.8708848
545,437,322.6038876,31.12472612,56.37750211
671,437,243.8332702,19.63434252,25.12804052
1240,438,295.6367042,21.00850644,47.18572418
465,438,218.825391,12.53760171,7.859006606
1011,438,188.9808136,24.86894696,77.28795209
830,439,653.154712,73.63505273,269.429418
837,439,1297.333344,16.45680281,8.10946506
1011,439,416.7287928,33.31077385,72.73549807
458,440,291.4508707,157.2640475,1297.399329
1484,441,518.7394218,56.98377591,111.952689
964,441,252.4825789,37.57094801,184.7988443
1514,441,705.3001686,44.62411383,84.20944256
1523,441,428.2885069,49.70056997,96.46174779
1084,442,291.246986,10.49322819,6.164787493
1050,443,482.5098221,19.38572554,5.297970186
605,443,178.4684952,24.52004279,19.92718832
1572,444,207.212196,31.58850612,250.5661599
1800,444,308.2528451,95.92829326,1530.380595
1065,444,243.8332702,24.54134127,97.05335868
1705,445,281.3872696,27.50906596,28.77619615
1504,445,360.8360859,30.53718274,23.47316251
1272,445,525.5226886,29.08999326,14.16915845
1675,445,240.68207,28.91018952,34.15069689
1663,446,161.5078242,37.43085943,279.3452393
1450,446,164.7646902,12.49340503,53.32140264
1114,447,318.9586978,27.09437243,88.26336278
1168,447,464.9588651,63.99279429,215.100301
699,447,255.5746297,17.30244279,16.23840927
836,447,162.1233455,35.2243413,81.95210313
555,447,171.0089466,79.47704455,221.3826426
1026,448,378.0199534,27.05159675,32.02462195
1288,448,132.9276698,28.51174588,66.61161762
1223,448,245.5339831,24.04113589,58.48734837
629,449,531.8086827,203.8556364,5916.918494
512,449,668.6211778,24.77008759,24.30936132
1445,450,419.1587525,33.04238303,84.32231671
758,450,270.0120595,25.18962973,72.18048144
1218,450,157.0425144,51.84017063,267.9571411
1407,451,206.7078728,32.20386019,170.2555962
1265,451,133.0660216,22.27070246,15.2172389
1021,451,225.8981921,54.60637412,225.3947485
854,452,331.8277685,53.4735701,262.3576324
542,452,263.5666066,45.82559239,394.8749964
705,453,240.2172069,19.58551235,14.40898841
1726,453,273.5881396,68.58647402,223.8580242
995,453,515.1667446,21.30565125,34.06572403
1389,454,259.4707753,41.85205779,147.2197076
1373,454,575.2355721,63.40698144,184.0119329
1534,454,290.8620661,86.53397382,444.8145297
536,455,506.8925873,18.98070145,6.465591019
941,456,129.3977951,160.9904386,2667.810176
555,456,353.8926153,59.2714767,632.7092309
1732,456,132.6995449,71.87584992,112.2891065
799,456,310.5509927,123.2382912,1820.604046
1229,457,365.0273145,50.27587136,208.3476088
1061,457,431.8556487,28.14022491,81.01898567
781,458,133.4223073,200.5743911,4319.040243
665,458,203.862154,125.5943062,1681.517946
1454,459,213.9600738,39.53150018,55.31442115
1541,459,282.5114686,30.03289206,21.77743952
1153,460,236.2037848,43.296269,175.9270283
1335,460,363.0218572,253.7357725,10821.14619
468,460,183.9708818,114.7016783,2989.480535
1641,461,211.6694912,127.1537272,1058.355316
669,461,273.3032235,44.63522479,224.411252
1118,462,325.6817751,54.35789094,307.6192651
1336,462,366.0146793,63.26347547,117.984351
1388,462,175.0677146,57.17628866,205.4726206
1296,462,2499.055757,21.65733328,71.29788387
778,463,444.3495387,78.57327825,1364.764884
1805,463,615.6853378,52.56215799,154.0325715
730,463,373.9964236,63.98292536,604.6950136
877,463,185.2001801,33.52702011,102.9353975
698,464,235.0038754,78.31945857,191.4879996
608,464,294.5838901,36.52963182,48.37343131
830,465,263.7923888,27.60094509,51.67564047
1241,466,558.2127839,44.36470812,78.39244624
700,466,641.9236199,14.22760164,11.87629824
476,467,363.9178076,27.93261863,39.53359606
1685,468,373.465262,36.82316018,214.4012103
1700,468,293.9807589,36.45176358,63.3998315
1391,469,178.9006734,39.6896042,65.62961072
703,469,352.0180966,70.19663783,412.7734403
923,469,214.9886571,73.80690798,456.8838203
760,470,219.6289768,43.63826628,89.17432544
987,470,151.6435643,32.3879719,63.32404393
1891,471,287.0060595,53.45565905,266.4700368
1782,471,579.0514479,17.75263735,23.3283407
1669,472,236.6580219,47.13029357,151.379043
1369,472,687.8360725,48.26243284,186.982969
1561,472,556.9343313,42.15807086,65.36980557
617,473,628.6257362,27.8850713,32.57036151
518,473,222.4742108,26.8704463,68.43604018
1198,474,375.1184116,43.58462535,198.3373774
1096,475,362.332511,37.4294981,264.982918
724,475,265.3601771,27.43716363,7.812167639
1205,475,199.5338827,15.32218931,10.55199673
1515,477,408.0733968,55.74191071,233.7597103
1746,477,203.7975913,22.11017202,113.2614624
1408,477,145.3780304,76.03066933,228.3119857
922,477,360.4333489,44.90304877,115.8596228
513,477,213.0852745,79.96209166,1090.095376
979,478,412.4430027,24.44138257,77.79365006
1387,478,254.9241698,34.19947139,149.0317677
685,478,158.4023268,25.97442365,17.52812513
945,479,132.9276698,41.8098364,59.95371131
966,479,236.2037848,43.32037251,41.21093283
819,479,461.3054735,7.5038561,2.382978767
1047,481,493.8019149,35.8602121,118.4774226
1570,481,377.9841447,69.92373136,226.9399119
653,482,240.9484857,104.2559364,1029.338588
969,483,480.9057184,34.95138617,128.20106
928,484,946.4150827,17.39333765,22.85837516
963,484,832.0641513,92.55381291,301.9283471
709,485,297.4371296,43.40899142,201.3490186
1274,486,775.0086228,26.82480104,58.63643045
593,486,422.4853881,86.13610774,511.2446671
1159,487,623.1272975,29.81858165,120.7104792
1591,487,194.6769792,137.4826257,676.7361346
1243,487,170.1116038,20.50281169,59.85555925
916,487,291.0021815,74.27679883,57.58527677
596,488,609.2264249,61.02400088,154.4045079
1022,488,444.3221833,32.46174784,106.7382603
1706,489,320.1338172,34.12096998,66.14248671
1009,489,564.5744045,73.52735116,733.2182864
1602,489,340.1581551,40.20868147,133.5437255
1016,489,388.872583,25.58124689,72.68767109
1716,490,201.4251449,27.95327536,73.20697176
982,490,296.1030508,36.04329422,68.87278224
1257,490,293.1300936,3.878580068,1.60542249
671,491,417.5756659,46.20817442,587.2908183
581,491,106.2880955,24.96747671,46.54502023
502,493,436.6823745,30.17249417,74.90546431
1089,493,313.2438909,70.30937284,223.589931
748,493,889.3523211,73.33078675,376.9121817
530,494,570.5966595,100.023752,730.1051813
665,494,847.3250267,96.68535602,756.0640175
1299,495,1073.645512,101.8298841,1066.39625
1279,495,313.437054,58.69683409,141.0996238
1274,495,330.3006646,38.51995323,228.7406029
1366,495,265.523103,100.5183432,834.7389606
1402,496,471.8861878,53.65158198,227.7994821
818,496,348.0515964,42.28802489,137.4893603
622,496,213.0852745,41.87712403,241.4796385
667,496,378.0341955,33.86102873,133.4687925
641,497,245.5339831,40.43734985,65.95518979
1092,497,216.5569085,37.16702822,37.85656617
712,497,192.8683508,28.78616929,132.1196657
1786,498,308.8625764,28.44664899,86.9335698
897,498,261.7396422,7.66671534,2.725053082
861,498,213.477024,131.9089648,1394.464186
1825,499,296.8924869,53.30985663,190.0541009
835,499,166.3330078,16.21514075,35.19797432
722,499,446.302781,16.94009755,32.85859097
1737,499,338.5388773,38.96772397,123.5843592
627,501,675.6650836,34.12924843,92.69017104
885,501,407.1407467,95.76683499,336.3898448
547,502,505.3501363,111.7191946,1633.207568
1068,502,668.3247262,57.91695527,899.7250031
1139,502,114.5981634,35.01989394,687.9848234
602,503,209.4380693,18.20825556,16.37815598
1248,504,494.4690868,57.08273649,217.0933757
1194,504,97.04557151,42.77621025,197.2322654
1182,504,616.3124407,67.94339573,360.5167657
759,505,844.7026092,17.07728289,9.545252459
694,505,246.2823304,46.78131029,106.9846429
826,506,808.8014416,40.02767402,102.6459958
623,506,126.4330825,114.4270312,1278.752566
552,507,641.3544503,31.92256031,25.69301528
1214,507,573.0752289,5.738113728,4.65478772
1549,508,1259.065087,24.59830916,28.21458369
1094,508,119.7730366,60.18497266,116.1947541
1787,508,134.6960658,52.09757143,158.443286
731,510,461.9066001,39.23123999,114.0024575
843,510,228.3722807,102.952546,3270.919824
893,511,293.0218828,19.35349751,118.6507866
565,511,244.3404887,136.1853956,2362.375282
691,511,160.2111162,58.00760322,396.1767658
647,512,132.6995449,122.7907174,1062.264693
1236,513,388.872583,53.3975357,403.4261527
1520,513,297.4541047,24.61072845,67.87898196
1457,513,723.4211976,24.81132293,85.65525128
1249,514,131.1495224,39.9116257,109.9500726
1270,514,369.4097262,30.91040835,42.13062605
604,514,475.0766387,19.89435106,15.71396997
1098,514,348.1679614,44.39177047,110.4186547
1099,515,415.7874044,41.67195207,66.93844371
1860,516,315.0380857,51.0236579,168.9770133
1791,517,360.5712309,51.41761269,365.2616736
1003,517,454.6575978,55.21158893,653.5090109
562,517,746.6731035,31.38553111,480.9826208
1312,517,291.640521,53.10020418,196.1229259
689,518,310.7910098,33.99536276,37.56524482
671,518,42.90143123,47.06187643,177.0128186
1132,519,321.8918562,44.33176,240.4335716
591,519,476.1285209,54.89127589,387.1923823
990,519,445.700541,38.34480212,91.33522881
851,520,261.4719247,199.1609415,2041.385448
547,520,455.0742964,80.66505293,75.28569014
756,520,271.007246,178.7827883,3800.02952
942,520,181.324511,128.5273796,5168.285213
602,521,290.3158797,90.48196466,317.968003
750,522,241.6442947,30.16847574,123.0606727
1355,522,266.3361724,36.89659173,123.7317726
1146,522,260.1592847,65.4553249,1070.576594
1320,523,304.8073555,36.89881556,166.9738262
1146,523,416.7287928,50.39437046,176.7648496
1153,523,310.2824611,51.29345929,111.8906719
938,524,209.1566914,57.27989548,347.4075555
632,524,162.243029,49.36042253,321.1908866
1641,524,156.4262643,50.85262133,189.6438556
1766,525,63.55659027,38.24078801,171.0384106
1884,525,218.3823809,87.89670225,462.7456083
562,526,756.1053196,19.69254443,36.20891295
1459,526,318.7366277,52.83233987,129.3671297
1373,526,157.4163516,24.59682058,110.5474643
1126,528,93.0879467,37.19015315,51.33764074
636,528,349.0634894,28.15659375,17.12575363
899,528,476.1285209,50.80899289,137.0635704
851,529,235.2999851,107.2194485,625.1345591
1151,529,402.4812684,62.53909708,202.452097
674,530,434.4642783,83.96077189,2070.907975
647,530,240.3174388,61.51426839,695.3752652
1370,531,232.05714,43.69589489,219.5714308
1176,531,85.36926859,52.54957579,706.1448983
577,532,157.553437,15.43346578,10.7676336
825,532,325.171265,19.2235637,13.13455208
1249,532,271.3491026,28.6672118,41.26151217
752,533,249.9088715,76.66486103,345.9183617
840,533,270.0120595,72.08123475,167.2553386
1276,534,150.9818112,25.8693817,31.15908562
1816,534,275.7908357,26.36353407,27.09306124
1772,534,39.81267684,26.63870294,116.817759
1357,535,520.6072071,44.75938244,25.90937962
899,537,371.0090891,32.97652342,61.22819688
636,537,78.80695507,71.45037748,357.0096242
1138,537,308.857987,37.70397182,243.9964171
556,538,431.0930951,35.7101921,88.50315441
991,538,343.7570411,67.38052901,130.8273668
1298,538,389.6741548,47.29517239,240.8467343
611,539,228.4788358,32.34927606,91.14222298
656,539,308.7220713,36.64565543,35.31011646
1625,540,242.316158,28.69985208,34.81020141
880,540,250.1123158,78.49774369,533.7144155
1577,540,212.8187239,11.66835038,1.887234011
685,541,302.0751983,19.7597908,9.336606997
613,541,194.4876167,45.04496253,377.9146936
952,542,272.0009025,59.56248117,212.9216497
784,542,196.9410506,77.03542541,294.2051494
1860,543,126.15615,44.18739816,132.5824314
1420,543,209.1443872,31.68827617,73.37276222
1866,543,237.1350352,26.11108634,122.0478112
1889,543,153.6166738,73.0393662,478.08385
1357,544,255.5746297,122.9152224,1716.527303
989,544,432.7638555,54.08707852,209.3950724
1875,544,178.1734333,150.135819,2196.208876
689,545,268.0395683,75.61920893,690.8147559
731,546,521.7516803,83.32898368,195.9435682
1168,546,746.6731035,4.144682255,0.363310686
1114,546,269.7031656,89.53353323,291.8094135
1075,547,597.9198269,61.58177179,175.1114026
575,548,311.7984745,28.39829994,23.73603902
683,548,260.5056325,27.72171357,18.60872833
1635,549,87.8722986,47.11478697,255.6819227
1804,549,163.8579231,32.180274,39.27700071
1505,549,226.9515391,86.3523464,555.0873589
1382,549,226.8988817,109.8286049,904.9445229
1399,550,231.0326626,39.18877345,56.00447992
1141,550,278.4021645,28.86517601,30.37806158
560,551,353.2450586,52.47700769,564.3007833
1008,551,431.2349607,28.42934577,131.9672647
1351,552,134.6960658,21.6994147,133.139657
1443,552,673.5888892,35.27206485,124.1526206
1823,553,89.98096423,75.5717496,279.7449123
1615,553,173.320963,103.0941388,1438.036991
680,554,127.8212461,68.40634491,336.4399209
1263,556,190.465174,19.11695667,21.45520647
1318,556,205.3293807,30.4212732,18.4901492
816,556,338.2452817,44.50061425,92.91330819
741,557,329.2418329,18.89081742,7.884864413
1116,558,373.2936321,42.49918482,142.0107315
1508,558,131.6088084,62.47468776,462.474121
1589,558,203.7975913,24.20568929,18.45155962
1655,558,352.9601232,43.22538476,111.2990754
1231,559,371.4615824,33.75306038,69.83189467
909,559,363.640878,50.67770917,406.3934099
568,559,308.6322849,61.08154863,171.6324875
1001,560,179.7670643,32.13636644,52.70360105
668,560,173.320963,20.64402827,42.5394831
1683,561,212.5972994,43.86925673,212.1227447
1824,561,220.9492292,28.29935604,97.69770909
1677,561,452.5730792,33.5346039,45.32530494
1389,562,489.8710869,58.0376848,502.0608732
1291,564,301.4289481,24.43831054,155.4080389
708,565,364.7385995,86.28066,1401.161477
1274,566,191.1436769,70.26599738,652.6743972
978,566,351.0632951,35.71105037,193.3250386
749,567,579.0514479,84.6194394,387.7065043
1463,567,158.9866846,63.23276523,156.4862445
1667,567,575.4347967,55.79165263,101.1908969
1183,568,182.4279611,55.89702181,359.3002089
767,568,1182.658842,55.31913818,66.07952985
650,569,858.5732829,39.527679,64.2058106
945,569,273.5881396,45.03666647,121.0124189
805,569,217.7158719,83.40352389,1073.45627
606,570,525.5226886,27.58410166,69.92194264
1714,570,306.0372569,22.77942526,26.04344224
1868,570,332.2770811,33.09069675,134.1630036
1221,571,309.2799252,28.94852751,20.20096045
1357,571,472.1895863,89.19003258,378.6568902
1011,573,303.7401244,25.6138717,35.14611836
1348,573,322.2312508,64.4001329,448.4987299
1060,573,181.2781944,22.30061729,36.00440211
1019,574,211.4165834,10.71068688,19.87230651
943,576,380.3083831,117.6292296,528.1206927
1213,577,78.45539329,30.05100306,30.52365869
1049,577,310.9380791,36.34907736,30.38882766
668,578,297.2870218,31.81210652,85.33232044
728,578,64.18869342,42.86012604,150.7315407
1620,579,257.4093228,16.99890364,12.79721464
1380,579,346.8276777,53.71887691,85.11796141
1602,579,580.2083918,21.30002213,32.74522097
926,580,352.0180966,31.92722431,77.74209334
1847,580,182.7565812,51.85875159,346.0903028
1397,580,311.2149282,35.28039775,193.9781259
1507,580,430.0905982,35.04214304,65.11974016
653,581,393.1233908,122.1626538,820.8009826
609,582,136.0172764,24.17685801,36.1053807
1228,582,181.324511,42.75356411,175.2164152
1187,583,547.5176035,41.14899344,47.29022234
1235,583,399.819279,30.8932226,47.78991941
1278,583,706.9015351,49.50979552,179.6270547
683,584,1664.859868,79.2689475,411.0993943
1062,585,315.986651,43.37552077,73.96127082
957,585,193.0036362,35.46596112,136.8024699
1128,585,271.236828,77.29193865,773.2755781
1383,586,158.4659146,21.09288761,10.37880577
937,586,199.7437476,70.45507798,240.1366739
1367,586,142.3240728,101.3081657,1563.039103
1392,587,180.7566584,39.41590883,51.00667696
768,587,226.6451581,10.03869432,4.178959819
624,588,307.0681031,34.07704949,113.1066874
1291,588,233.4373266,68.17756835,1351.538276
1795,589,178.2929619,108.7456989,295.6031129
670,589,326.6158913,20.78229031,13.65407572
954,589,223.661327,24.15844262,12.64023848
1239,589,171.0052479,102.8261002,857.4989065
627,591,148.8402194,42.38619978,459.1102953
935,592,235.2999851,36.39272888,63.07054732
716,592,478.1998569,108.253574,545.1327424
630,594,419.2282833,39.4201428,219.5128394
1349,594,436.1160175,53.47763084,162.7183718
1679,594,381.3283241,186.5522684,3624.619975
694,595,229.4301945,46.66714133,137.2674776
1350,595,209.0161457,63.92713555,1048.070111
965,595,320.9529957,37.26573138,483.1963874
945,596,244.8029721,139.0294732,628.0197183
994,596,338.1936844,55.07998632,88.55605606
1790,597,190.3644855,19.38403109,19.81105812
1474,598,290.2479704,68.92233088,253.1667307
1877,598,182.7565812,39.50291377,39.95402891
1669,598,325.6090627,52.11617525,49.20107373
1173,598,561.2759955,61.45455408,181.426479
723,600,407.1407467,42.7378428,157.4501139
1288,601,401.5502994,39.92916496,63.00104715
1676,603,360.9261362,39.85305072,103.307119
1122,603,273.2753307,29.21851681,66.53650069
1325,604,245.983783,30.17148949,9.221925461
1295,604,359.9666165,25.22946481,46.54423375
867,604,228.5793319,38.90664004,138.9520852
1050,605,360.0314543,18.75926493,31.95731158
1190,606,461.692006,21.02208315,36.16490113
988,606,37.16157929,62.3500127,181.6362791
1023,606,215.6588456,38.25018044,73.2441961
1149,607,417.5756659,95.05344637,1390.635994
1017,607,338.3261344,35.57179366,14.65655631
1131,607,436.3894861,20.44607373,3.431597197
1827,607,274.4955191,71.69694724,1037.946841
787,609,116.4536333,69.15918391,455.1088452
1004,609,226.733857,18.6987659,42.33022813
1323,610,392.6668864,29.50209219,115.5851631
1353,610,229.5751436,28.94321689,324.5202369
1157,610,120.9532605,38.46975737,159.2895918
620,611,169.087035,38.48674623,41.91591558
1170,612,145.3780304,35.11859001,200.0717086
1128,612,468.9801651,22.30531028,35.34924582
950,612,465.7265379,47.34870248,158.3583433
1387,613,446.6209014,57.61409279,215.7105658
1237,613,840.7492009,37.53483877,62.43083099
896,614,193.46244,16.97363285,49.5361893
784,614,377.3276336,71.33341997,335.6348583
1388,615,250.4579211,48.38209337,107.536104
1412,615,146.3248441,39.41968357,71.59780949
1857,616,147.5826488,78.67398079,549.2347985
1337,616,1250.137312,40.19862608,211.0089128
1342,616,206.3071156,39.16022767,123.7324035
968,616,157.8530021,55.38200054,347.9004583
689,617,464.9588651,46.75481022,102.8200213
1107,617,405.4376708,35.06627731,51.54371486
878,618,736.0948352,18.62136568,23.65825178
1121,619,220.944462,58.53277754,316.7785219
837,619,144.1296845,55.47319413,201.4872339
724,619,237.1350352,68.82719477,623.3230187
701,620,182.0563059,50.36843156,88.43398154
1637,621,215.3147626,38.22809459,38.82442997
824,621,226.564955,72.79802864,429.0522955
804,622,172.0416514,50.5329104,181.8222194
930,622,217.4732705,85.40681536,1734.611565
1766,624,381.8613171,37.25584933,56.81336303
1773,625,311.5380371,38.54151816,174.1219213
1681,625,157.553437,66.55722771,271.2314716
1821,625,133.277791,70.3219197,798.9646884
1067,627,255.1288461,29.30284163,54.02132445
1033,627,209.3926731,25.779258,28.73971323
1308,628,666.8420956,22.09517819,36.76987736
1133,628,218.4487002,13.37047477,11.27981851
665,629,333.3665883,34.22224911,71.93479759
647,629,230.3455076,24.71392683,72.52600377
675,630,224.0087819,144.1340364,1095.719306
1460,630,355.1349344,17.65133163,28.38069813
1070,631,195.6758962,30.57377958,50.11349887
902,631,99.50670832,87.26394833,386.7535114
1135,631,65.5562048,30.07902292,39.8819577
677,632,319.3018043,62.07039171,430.0716734
904,633,326.9525347,34.24030425,146.6352011
862,633,350.1370834,31.74482869,79.05283517
1533,633,192.1393817,33.63567174,247.8697692
651,633,79.61011847,42.90739418,315.7658585
821,634,43.10862155,40.30301111,59.40551907
1725,634,534.2055542,43.79940548,167.1448317
786,634,470.3230375,87.4138887,487.2415016
808,636,355.8332463,41.42231767,53.92554371
756,637,232.2351497,60.45446962,316.3500627
1343,637,437.604509,74.79488687,461.7173051
1217,637,516.4972621,240.8876334,1675.63526
717,638,140.0193622,38.9212407,283.2506437
1478,638,247.2161626,42.51127071,233.5766698
709,638,233.370582,40.42934902,28.69217778
1013,639,127.6770045,37.51850276,93.68908134
929,639,349.507551,49.39542272,97.89381264
1378,639,478.1998569,33.78786918,194.1373206
1406,639,272.4641234,28.46088066,63.13210297
825,640,443.2576751,29.54403237,23.57556762
1249,640,174.798879,23.46798779,39.30280148
1270,640,406.1750909,31.81799924,76.46758358
855,642,964.9894002,32.57879499,55.37723125
1341,642,190.9435949,40.71427324,281.726906
1446,642,297.880416,26.76176284,50.32744672
1890,642,573.0878425,62.65369288,359.0410626
849,643,177.4167256,51.46698326,296.4331208
1654,643,224.9339936,29.13455347,76.17408732
1053,645,260.5781451,51.91984625,64.61104842
1234,645,54.45037656,106.7080136,1215.287159
1205,646,389.0097565,23.62485676,63.12693441
1103,646,337.9165302,43.1278717,37.6460812
1418,647,185.8481412,177.026436,4127.808151
929,648,173.7443974,39.01791529,43.44762889
1309,648,322.5496574,30.56536578,113.1873184
1406,648,401.2949579,53.74305468,146.3903004
710,648,419.2282833,38.8634466,53.80531527
1255,649,230.4845608,87.11203091,534.8961127
1363,649,401.7579184,32.10227771,70.02313782
937,649,210.06636,29.00516591,47.12278288
695,650,543.9867244,61.48927264,216.3904413
945,650,139.768161,70.07849456,1127.190499
841,651,365.3021892,11.51007176,4.457389972
1560,651,655.5253337,32.65581414,59.98307161
1579,652,359.0602097,23.0414013,42.74455751
1642,652,436.2835308,29.65998483,78.2236915
1444,652,179.6871226,49.76575171,200.4071202
948,654,229.3277673,52.82850052,451.5786253
983,654,272.1220643,34.93898163,52.47062923
1222,654,153.6166738,19.57779584,8.682659528
1181,655,87.70236731,67.33104555,563.813751
1532,657,213.477024,55.80069029,60.41650493
766,657,273.1481969,33.58150357,43.92135162
1189,658,373.9026531,41.86407714,177.1460759
881,658,168.1160787,70.48291359,468.3321933
931,659,222.4971754,39.67802899,135.7069299
1043,659,246.8908187,43.54471671,67.13417707
1712,660,202.8528379,33.53747143,180.2943619
1752,660,133.4917396,39.29037294,261.1419437
1405,661,327.9089221,34.52536251,59.85722053
1627,661,309.8606787,17.31225858,14.99779555
1639,662,183.9754773,56.09158207,350.0807227
1150,663,188.1125543,16.59446392,16.46040912
920,663,206.0965752,32.16704001,23.09904391
1095,663,285.6313402,63.80866179,80.73437606
682,664,592.1280878,27.28096553,23.77461975
1054,664,136.6603375,39.43696944,71.0443799
817,666,125.4311527,47.07294491,89.78834722
930,667,90.72935611,55.29075116,463.29082
833,668,288.4706731,44.2103474,60.72726334
791,668,617.9361295,49.55457646,244.9616771
1124,669,593.3136126,76.50771357,312.2405786
1125,670,526.9643699,64.99022281,377.6497497
1369,670,142.7229606,33.09279808,73.77472036
1621,670,344.4107303,110.2212294,1152.917319
1186,672,144.3851658,39.90029898,139.4511716
771,672,437.0810983,32.57137651,51.98120546
723,672,109.266746,35.57980066,80.85784706
823,673,335.3831085,6.871304921,4.591679509
692,674,124.232046,43.27004405,138.1665535
1366,675,271.1658856,110.1929026,277.0245973
1670,675,425.7217866,57.78715371,278.6261352
1511,675,281.387117,110.9544619,915.2575501
1063,676,403.6988235,58.40932745,350.2960557
1681,676,215.2489947,96.57271262,1405.550306
1159,676,407.188637,33.69025693,74.45770321
1275,676,349.5513005,53.54833864,253.2136637
1629,677,77.06165691,33.68742787,45.11456776
1720,678,224.102953,17.85203302,23.8167415
1893,678,238.0516,41.6486931,212.0493344
1686,678,331.680824,49.51751539,165.1984847
1747,679,304.1354992,72.43179632,506.8483539
1817,679,289.8960949,153.5616014,1869.221193
864,681,219.5580875,29.14753366,28.29693963
948,681,231.3100941,36.99278952,53.44092905
739,681,222.6732767,69.71843545,160.6218489
983,681,100.7554867,53.90960354,580.076602
1303,682,227.0197702,46.72605247,102.7226991
879,682,520.8336374,34.82074689,53.49360044
1253,682,102.5726045,49.12628196,399.2819409
757,683,177.4167256,79.89616349,119.4909906
1502,684,340.4914895,53.66555621,209.3696317
910,686,380.3083831,42.97695441,419.2748015
736,686,401.5502994,56.90679424,202.1760118
1065,687,125.9860167,84.14383438,4156.33034
1774,687,300.5571136,32.05145256,58.56689978
1440,687,468.117835,42.0362047,824.709475
1870,687,310.9380791,49.13749864,451.0015651
754,688,327.9089221,18.10971382,13.93150781
1795,688,624.0356267,20.76748928,16.6483609
1125,688,619.1076603,44.91007886,141.4830608
747,690,157.0425144,64.78900824,519.5301985
707,690,366.1637996,73.09617718,483.3037607
1132,690,188.0975574,49.09500605,103.9940109
1128,693,379.0605032,56.28921646,155.3681785
1454,693,397.8612813,25.73134828,56.24686977
1538,693,228.9557312,37.61241521,69.22637687
832,694,56.73875603,16.14069916,50.84296396
812,695,527.2409087,67.0065533,474.8562753
712,695,418.6414886,73.78669682,856.5960884
1659,696,135.8142701,36.21934646,108.1132107
1671,696,394.6998468,76.8964985,470.967311
1639,697,450.5168961,22.05085846,23.99726575
1456,697,613.4618001,18.48064973,37.94754045
800,697,147.115181,22.20344099,14.25853479
1875,698,83.70083354,121.3943956,1316.350616
976,699,160.2042889,73.35015748,634.7593602
1293,700,293.0218828,20.84143074,12.8608526
858,700,79.84547441,2.465790193,0.113445245
1463,702,105.0625162,32.96650477,16.37149067
1334,702,218.825391,41.08896643,382.8313553
1544,702,252.2814082,29.03324699,49.6455951
1285,703,377.3852395,41.17695236,112.6685592
1403,703,199.471172,63.31917478,255.5565022
1189,703,73.45162392,17.85801691,31.11997702
941,704,113.9476218,209.6241423,875.0764905
1732,704,561.5491197,91.2438842,645.7196215
1887,705,174.8263326,29.35017094,68.42247606
1599,705,303.5026595,36.65169525,179.976074
1621,706,349.1433554,49.49890187,141.4840998
1495,706,736.0948352,141.6683026,1572.960428
1723,706,229.8198915,30.61848173,148.9419786
1258,708,239.032545,31.66948875,128.8985603
1574,710,698.3434451,26.83733169,98.02374642
1319,710,267.6487565,32.43363139,130.4493089
1295,711,170.3639099,41.95216602,114.3999401
867,711,207.7167499,80.39028969,216.7768378
1305,711,213.1285298,137.4661452,859.9126721
945,712,150.5712968,41.35212661,530.7475059
1360,713,337.929925,41.34571167,60.53932632
1850,713,309.8162877,64.45597559,93.97427488
1576,714,205.1709611,29.19861158,57.26924499
1185,714,182.0563059,31.91710354,21.29728365
1039,715,194.3947913,9.513368149,10.99727992
823,716,160.0071722,17.65632959,7.867606969
1235,716,351.4324351,35.80130269,33.82834066
773,717,138.8510248,34.99758034,155.9445523
1314,718,394.8262584,52.04453371,143.9177053
1269,718,213.1285298,41.86686821,62.00623601
1731,719,160.2835448,49.71238409,172.1674533
1483,719,426.6785023,51.65636889,160.8782081
797,719,255.5581052,79.81141559,354.3406843
1412,721,174.8335651,19.54586917,36.84598767
1836,721,43.10862155,32.27014654,53.24538073
1545,721,314.4173764,34.38902373,235.5044079
1477,722,371.9397429,63.50180653,322.8989629
1267,722,187.3304693,72.25538035,319.5832932
1709,722,342.4038846,41.04100348,91.75061227
763,723,430.0905982,29.68872607,30.24588528
1348,724,128.5858497,76.72375778,363.0043548
970,724,489.649266,56.66196528,406.7698953
1310,727,185.0591174,4.446667451,0.454643928
791,728,186.9244155,26.89339193,27.59002696
980,728,192.1580615,55.73520083,205.7308555
1008,728,367.8769472,27.66373597,218.8548575
1812,729,537.0465409,16.19374779,5.711820128
1208,729,207.7638298,39.19455814,91.78614532
1811,730,583.736897,50.95671323,167.9227846
1180,731,266.0299366,41.17407935,117.870538
998,732,371.39422,23.46864333,31.20478523
1247,732,178.2376267,27.05612887,11.30200007
781,733,444.7725155,188.4387575,2425.107262
1476,734,207.2705401,75.75664178,645.524551
1340,735,244.5961223,32.7506191,115.9488051
1439,735,64.76008361,117.5217324,1043.586839
840,736,248.6309867,73.78768466,153.540247
1071,736,288.2871533,64.05027365,275.248479
1728,737,231.9120538,22.01375589,42.63629882
946,737,375.198357,52.98817054,107.7365165
1471,738,147.115181,23.34481247,44.86391048
1783,738,357.5976308,11.81863357,11.16402211
1843,738,588.2029864,47.34737039,169.3101163
1033,740,254.0940805,31.65386178,50.82849993
1517,742,87.8722986,96.18455546,143.9381086
1248,742,317.5138636,72.49192398,315.8527534
1499,742,834.4591962,28.12346186,56.40831753
1496,742,681.8958421,40.98378096,62.39182075
895,743,265.3543884,89.4307264,684.1253096
751,743,181.7405365,275.1339273,5209.248718
805,744,208.7901995,165.0576862,4350.83191
1106,745,293.289081,56.01946009,484.4492117
1874,745,590.6079178,38.78563182,281.7725148
1624,746,737.9344877,49.90950725,233.9291478
1251,746,702.9666312,30.92103268,79.0432643
940,746,551.025639,63.81645637,527.9629455
1067,747,515.2104813,51.71764383,161.5175806
1253,748,385.1798218,44.55729936,194.2661991
978,749,364.6226101,62.20680547,686.8071213
1475,750,557.793825,20.2040003,14.57914004
767,750,308.5269538,112.3987405,1521.343804
1129,751,429.1016293,65.02985304,104.1262388
1563,753,273.80019,52.17278593,439.0294871
1792,753,223.5203052,49.18654943,153.0334465
1756,753,429.1385636,2.895729762,0.101923945
1287,754,169.1415537,54.15035828,409.010725
1480,754,363.0218572,31.16636559,197.2298153
1252,755,184.2386681,72.12224555,358.6959487
941,755,308.8657347,124.6619428,1374.260244
1151,756,366.2891095,103.8439801,268.7699141
1333,756,508.5857965,27.9695784,93.1830418
1329,758,174.8263326,21.10894347,20.82163576
1720,761,217.9040005,21.89157718,15.77033846
1656,761,371.39422,50.93117117,279.9159005
1157,764,158.5035476,67.41504662,111.6366817
952,765,197.435632,86.78265008,413.1848622
1230,766,348.9631013,32.54943183,53.64170303
1431,767,346.0063643,25.94310218,18.61184732
1521,769,121.5519876,20.16374658,13.71302902
929,769,537.6552034,34.13890114,97.80687774
1309,769,583.736897,35.66643083,107.1398637
1594,770,169.9984921,14.74786484,17.79835372
1191,770,529.519934,42.00233815,105.1781612
1060,771,173.3499564,49.84976713,177.6511284
788,772,123.3912942,22.99792253,130.3925868
1608,773,99.82069604,35.54181275,101.8017941
1478,773,535.6265217,42.18332631,321.2488185
845,774,590.29758,56.48876501,198.4261027
1475,774,420.159762,43.06137721,176.7143042
908,774,359.9021833,87.79579232,914.6471774
1010,775,128.5858497,26.94968972,50.69771544
1177,775,135.6962011,53.14326077,182.4442769
1084,775,309.5487818,24.24749491,72.24883848
840,776,99.50670832,204.993174,1929.774992
812,776,176.5290593,49.0654608,161.9298644
1653,777,322.5496574,35.54948741,175.2941446
1727,778,23.19129935,33.72180158,187.9727302
983,779,457.5318851,24.8382507,15.676832
871,779,258.5427268,27.23483199,12.82200363
1241,780,244.2100091,29.53804569,30.66133844
1382,782,669.8970705,48.49630029,300.6213022
1580,782,507.5159509,12.27300746,29.02675857
811,783,382.935062,19.19396527,30.64177457
1141,783,600.3521143,30.11862761,16.4344205
1614,785,448.4981114,11.39237672,20.09522835
1644,786,323.5660561,28.35188477,84.04308114
1200,786,277.6931987,17.40955029,13.04389868
1177,786,389.4559332,31.36371679,114.5317883
829,787,245.6525398,40.20798228,102.2009572
1074,787,257.0011816,36.65500055,12.82786163
802,788,216.7469263,30.86739939,121.4953911
1026,788,218.5492369,14.41940131,9.08487837
1121,788,173.3034235,27.88991232,40.92767128
1481,789,105.3428476,16.84484576,9.99868924
1553,789,165.5471003,23.44897492,21.69673769
1035,790,206.3634369,45.34200117,85.32320475
1091,790,169.1446138,7.727173812,1.391712091
1419,790,588.5777404,28.74288813,26.62686858
875,791,238.6278746,55.59119587,244.8621205
1065,792,139.9419338,56.21197509,210.8633898
1404,792,191.6409795,69.91339387,221.3061779
1774,792,461.9296024,53.43935844,521.496514
1131,793,729.6873066,118.1018984,3374.279722
1851,793,812.2037884,34.74837386,46.58096682
1102,794,303.9795021,34.23534388,73.80050516
858,795,877.3222695,34.25045001,89.85494733
1457,796,446.6209014,42.93504505,125.9776825
1048,796,598.7199941,30.67706947,98.35649379
1265,797,235.7206866,39.49943805,177.6978062
853,797,145.3556476,66.46273059,306.4899286
1722,798,221.0540974,38.5106148,59.28897994
1220,798,204.8096738,31.52409627,19.53846975
1234,799,84.12079746,72.50727919,108.4111135
967,799,528.1202201,48.09442371,151.8502203
1501,800,335.6030833,53.08584534,328.3461905
892,801,208.6295318,51.96936926,250.5118479
1115,802,345.0401214,30.70448548,40.98135927
1075,802,199.2089648,90.13175674,1381.990093
1375,804,224.0190593,7.006212329,3.581583618
1057,805,239.2014238,59.0803614,326.3578793
1100,806,226.0457242,47.04707065,80.12572748
1488,806,543.9867244,48.04630379,181.0016081
1282,807,235.7206866,29.34637048,71.81774879
1088,808,118.711583,45.87599529,85.07311497
1162,808,287.763438,51.89682756,29.38820809
1138,808,265.3543884,74.54939306,611.3184133
1181,809,687.9839436,33.50318411,95.48306634
1115,809,261.5753554,35.06969345,173.011483
1204,809,794.1630163,22.51468066,232.9861904
936,810,357.5976308,30.42796958,73.23467035
1264,810,65.79172506,9.739354618,3.597018801
1399,811,535.5904369,50.50225847,91.97663973
1315,811,515.1667446,24.06618185,18.70498075
1856,813,256.671606,28.79999345,32.01323498
1883,813,370.5602899,23.32279722,36.71838144
1615,814,379.4436216,36.24620554,443.9113066
1292,814,273.1481969,42.9088399,93.78052716
1759,814,284.9899833,69.19368255,116.9093907
934,815,240.2178584,68.22719065,785.8909288
1011,815,229.8198915,53.14339749,125.8895034
969,815,343.6968208,28.73008624,148.0086484
900,816,174.2833943,35.78403634,58.56388226
852,817,190.094371,36.87978268,69.66661331
1195,818,388.4872031,92.25682459,1364.527285
1207,818,592.1419628,24.55475937,40.5890213
938,819,286.2638424,9.449640764,5.085215956
1250,820,239.032545,12.00657144,14.08575025
1512,820,721.0450059,27.69281227,73.89921371
1808,820,192.5446616,55.99270815,110.4043714
1779,821,356.833513,36.02029937,38.16610717
1699,821,184.4806029,34.65941081,32.27416903
1039,822,183.9708818,149.423366,3149.370319
1157,823,158.8588976,46.47139222,229.783541
1344,824,372.3959911,64.11272588,297.1494606
1248,824,329.2418329,53.35036867,165.3956201
1091,825,308.0896668,144.9029388,5823.72489
854,826,355.1349344,43.39077525,79.93225861
924,826,204.0247754,30.99367467,26.81620097
1782,827,172.6089563,9.634178209,4.756080016
855,827,262.2700241,23.73814389,35.69421292
1540,828,405.0706705,26.32809522,74.06120771
961,828,243.9645892,44.7012731,114.1925173
1771,828,392.6668864,68.7634021,302.5385108
1861,828,557.793825,27.78801094,45.88088172
955,829,420.159762,55.21695765,693.1967908
1053,829,274.9991019,55.43150634,245.9388145
921,830,266.9297442,14.04726729,7.615457001
1223,830,282.6980403,41.83454172,127.8423382
1363,832,596.6118113,48.04543518,282.3431801
1001,833,615.3432036,25.92908196,111.6515567
1500,834,351.1385161,16.27194671,45.52951907
933,835,729.6873066,58.03143296,118.1094634
1287,835,145.9190187,26.60934105,21.06073855
1795,835,188.4418958,47.84855991,42.08121102
976,836,315.8952795,63.83289538,802.221124
1348,837,506.4348279,50.92704693,131.5028452
1703,838,267.6487565,51.554589,165.115498
1035,839,732.8718697,31.68448209,28.96868881
1419,839,471.2193394,49.50834581,154.5648559
1379,839,193.3663786,45.34264184,83.77467665
1894,841,363.934158,70.4099419,470.7599129
1503,841,308.0896668,40.43204376,54.25671281
1819,842,429.3251195,40.38902601,159.4903984
1531,842,474.2868375,26.59594384,112.0739983
1063,842,267.6115036,24.28237076,43.28231754
979,842,475.0777077,97.2204255,2832.398989
1025,843,301.9912155,33.84512672,36.47824675
1168,843,220.9728617,28.48419415,41.56107649
1278,844,435.8298837,67.00030173,951.0899424
872,844,250.1123158,8.467644302,3.798860778
1199,844,280.3013313,52.52349065,171.5631772
1622,845,269.2993226,61.79075279,183.659747
1475,845,289.4732103,72.82823659,869.0067818
916,846,47.0931073,62.03130617,208.9008274
1056,846,227.0197702,115.143071,725.3180364
1085,847,119.8550727,35.35984311,37.37765961
1154,848,214.0170429,53.698793,323.3992621
1650,848,416.4919821,45.42974831,152.8057758
1610,848,280.3013313,38.18537909,71.423473
1729,849,474.1074256,74.92618236,1347.523056
1131,849,229.5173671,30.80487154,41.65868533
1877,849,285.1267412,31.46663183,12.90989303
1268,851,374.2233224,71.81703347,188.7553887
1224,852,206.7817728,40.0319943,204.2330887
1553,852,555.8898734,39.89152152,52.70385432
1171,853,252.2194652,51.71643608,231.0646679
952,854,342.5584141,46.84683735,100.1908592
1238,855,403.1586695,37.30904347,131.1879711
1100,855,265.3601771,72.41620257,271.3687512
1859,856,297.3743471,15.86889419,9.784730683
1413,856,180.5880068,12.25040858,7.785893822
1731,856,142.6925323,32.20435907,47.42107981
1240,857,521.3567152,58.63045126,1103.455302
934,857,430.6985869,51.81696306,253.3797293
1898,859,291.1754312,75.04376006,194.736188
985,859,150.7319641,19.20932627,20.60699566
1661,859,198.0014115,25.63482809,49.92587698
1359,860,182.1806897,38.71036322,206.4039979
1165,860,267.2583303,55.29670586,122.7677569
902,860,173.424408,79.17385809,546.2478262
1015,861,311.4766587,47.26681012,229.6582887
1078,861,136.0031233,50.75564281,114.5024365
1828,862,198.0121079,46.3036694,91.65871603
1824,862,165.5151902,68.06769248,463.8968483
1894,862,223.1740739,57.43130219,243.4463508
1851,863,215.3147626,42.35946701,30.46456441
1066,863,184.9187684,33.96680589,129.1170437
1221,863,68.03218618,45.02047504,226.3716024
1138,864,201.4251449,33.99524034,88.18991386
1343,865,303.5026595,28.0278814,21.7930494
886,865,359.0957098,25.71988681,74.35778141
1628,866,213.3037616,42.4931629,259.9100281
1299,866,212.1300154,45.95402329,59.11841722
1259,866,451.6068618,28.2062057,27.45953031
1098,867,129.7246327,25.45763694,29.53012435
1340,867,172.8914334,34.16837557,230.5604145
1043,868,325.171265,50.24705897,84.53189921
1683,869,107.4526092,30.13921811,147.3135391
1677,869,425.9140946,42.68832533,320.5112248
1736,869,85.96193792,26.65299707,47.26807257
1707,870,328.9953959,57.19070342,153.3521063
1672,870,451.376803,46.9890854,216.0070859
1555,870,385.6960962,39.16895561,131.7384721
1715,870,211.5440323,48.40570695,233.6608746
1046,871,130.344717,19.86037388,13.13069858
1246,871,235.7656418,22.92175112,53.44551803
971,873,466.8448321,30.1275927,35.49463101
1688,873,432.7638555,47.12223399,96.0842191
1628,873,218.4487002,64.51266554,526.8593252
979,874,157.6792198,29.49264845,65.11277959
1220,875,36.33843609,39.91955597,125.0831882
980,875,181.6454605,26.88624313,48.96536524
1124,876,218.3823809,13.8827873,13.19659115
1536,876,203.3274229,42.88835302,81.45819381
1811,877,422.153996,41.00029351,136.642496
1687,877,366.1637996,20.02776851,24.60552432
1313,879,837.4148353,37.79576861,127.7602062
900,879,401.3222458,45.51656064,242.9854805
1158,880,182.4279611,27.25643445,110.9369596
1345,881,54.92324282,35.74899705,84.54717037
938,882,168.1898184,73.467871,676.5580156
1085,882,109.0673339,111.7945121,1371.879078
1734,883,228.9557312,71.6480182,660.6867283
1449,883,422.4742469,55.37562446,76.9924302
1456,884,220.8072402,41.66390362,156.7010089
1501,884,369.1700553,28.0134779,64.71617919
1835,884,877.8040475,45.04570969,120.8592668
1102,885,206.3634369,36.65610379,90.04185973
1204,885,315.8952795,78.06225712,1775.352976
1328,886,263.045384,34.41463386,141.9839092
1323,886,983.1410724,31.06443293,40.1631777
971,887,437.7910577,41.27539747,158.1208845
1111,888,480.5709836,45.5011445,142.7532364
1435,888,120.5868686,23.27802609,13.95817785
1057,889,416.0111819,29.13537144,78.41953157
1784,890,297.4371296,9.823356312,22.16046567
1692,890,229.5751436,41.40177519,118.3829094
918,890,536.8307915,69.38830921,261.2359828
1813,891,179.7084974,38.35711524,77.71291972
1393,891,262.400298,21.28877105,33.63017684
997,892,411.0247426,27.7625015,58.46817564
1353,893,112.2062894,66.23386934,1104.787781
1169,893,367.5149852,62.23035668,950.2612862
1628,894,546.0513157,21.57823329,12.03976077
1568,894,117.7829497,29.39727768,32.05554141
1259,894,151.2145152,54.14746119,261.0042985
986,895,417.3778846,66.95333721,537.8950061
1300,895,384.3382001,82.63400474,391.1497595
993,895,230.4845608,145.3981491,812.4634378
1036,896,552.3083759,25.98227535,14.89757817
1064,896,77.06165691,47.48338157,152.6477831
1888,897,134.565403,50.83842921,178.4504381
1827,898,360.0314543,28.22015182,48.89662799
1851,898,386.2123804,102.6366133,363.7520863
1025,899,96.23678547,79.4889572,263.608896
1108,899,222.3496414,28.87473738,144.7309684
1318,900,203.862154,48.45647675,93.86139054
1661,901,266.5969192,27.91526122,10.80362651
1438,901,291.0021815,21.45984753,13.42381578
1319,901,116.4536333,46.37994736,100.609595
1732,903,187.0304169,35.95430131,64.80598665
1539,903,197.3779818,65.4179439,250.5365135
1512,904,333.3665883,32.7582775,111.4614564
1518,904,373.9026531,42.94867471,129.4956312
1185,905,264.4056949,31.25674824,53.00554685
1745,905,136.0388933,21.87338135,22.40321405
1705,905,309.9800513,28.15558523,59.25574407
1504,905,272.3314862,28.53240692,11.96597652
1885,906,336.6565142,41.07869219,542.3146184
949,907,288.1919027,33.34659639,264.7920981
984,907,543.1076246,49.760267,200.5256487
1047,907,85.95583234,33.94408206,104.460356
1546,907,403.3678156,73.29315349,349.7463352
1358,908,59.8680053,131.9862079,1305.739428
1395,909,184.2386681,42.63002234,76.2972478
1622,909,169.0112505,129.0308805,1125.195249
1614,911,207.7215093,8.446213949,6.068753326
1780,911,246.2823304,63.87133963,234.1577925
1900,911,470.3230375,21.29354509,36.47112332
1073,912,301.3132414,30.11851154,101.8264974
1471,912,248.2977713,13.78743173,32.43623847
1519,912,272.7143568,24.83713021,178.1117969
927,913,315.4688993,53.46377175,1810.86775
1210,913,189.8031349,42.89691162,368.2486432
1192,913,341.6175937,26.58390798,57.31984479
1223,914,142.2918038,11.91785511,3.166880705
1643,915,567.1874378,54.0633221,167.2717996
1875,916,411.048334,159.1453965,4550.215746
1057,917,136.0031233,51.17209663,196.7202145
1022,917,203.3274229,25.45057651,25.14180958
1569,918,546.88406,47.33536924,214.4008831
1573,918,93.60051923,43.08251338,197.5446983
1781,919,119.8550727,33.55891209,60.83651426
1639,919,316.3795714,30.20560355,41.76576437
927,920,179.8530481,40.69179885,257.6565552
1288,921,168.1160787,17.18258541,16.80454943
1240,921,463.3485895,48.57682688,185.3385078
1804,922,67.54240776,81.59899204,680.7966017
1505,922,89.68328444,26.84595651,28.1252361
952,924,364.4378115,58.94829097,178.212379
975,926,932.9795716,10.06994732,4.990824579
1045,926,317.0501664,34.2096537,92.98714144
1075,928,315.8952014,29.16862677,26.34064024
1551,929,749.0030862,34.9741688,98.5176734
1383,930,231.0326626,69.16984889,465.4358043
1371,930,84.12079746,140.4830942,1657.527216
1701,932,195.2502728,62.18987595,428.9816848
1876,932,347.7028268,62.51118429,291.6914481
1009,932,333.3397906,47.63726138,228.0696539
1833,933,133.277791,47.92783553,34.69577836
1825,933,87.70236731,20.17811552,33.81789209
1246,934,494.4566028,43.59731918,246.3465126
1353,935,266.0299366,49.58778713,306.6854753
1169,935,98.15316266,34.31016456,88.52548741
956,935,227.3709787,53.35745591,131.3269659
1550,936,317.9769691,97.21817703,1311.721894
1117,937,479.26032,69.23822351,179.9945499
1420,939,270.3154592,12.92888248,12.64105257
1575,939,40.1955532,43.66213974,331.228509
1149,940,732.8718697,50.59588476,202.719901
1729,940,303.9309738,34.62854706,87.39662459
1131,940,783.4679732,78.52801485,417.420964
1068,942,291.640521,18.19695604,9.379299724
1152,943,449.8409031,72.02775259,1249.255349
1219,944,206.5600204,38.2926702,53.04910576
1295,944,74.64159246,16.28287547,3.49373501
1545,946,386.3014545,70.99762761,87.45631985
1864,946,539.4160236,40.90178054,69.05005098
1614,946,252.2194652,30.4485373,27.78316797
1347,947,498.4205476,24.45710382,71.7533711
1552,947,174.9291595,32.26608862,67.23470403
1197,947,119.5049221,29.37138402,73.18660868
1216,948,285.1681367,29.8496007,40.46787663
1308,949,451.376803,34.86035649,75.64884705
1041,950,521.858277,50.02762285,84.45762258
1398,950,384.0532947,30.13501593,59.68918133
1390,950,381.3131091,48.03268467,118.8146812
1091,951,84.50477683,18.70752447,40.81324276
1419,951,308.8657347,23.87145517,37.39128612
1846,953,433.0946594,34.12920156,34.124982
1737,954,379.0823482,103.1786023,393.2810196
1579,954,571.5129566,32.73426123,109.9600684
1187,956,188.531461,32.79798699,35.31819692
1235,956,280.3753136,50.64121666,326.9164803
1362,957,252.1376521,40.72584897,207.0096153
1547,957,330.4178154,35.59723473,74.28912986
1183,958,192.0974179,9.590837676,2.336407409
1305,958,156.3548186,54.51330614,161.1990265
980,959,565.5537975,17.59635002,25.30415508
1008,959,262.0605862,27.59060733,97.41996178
1101,961,655.7430854,84.92294457,531.2859842
1317,961,228.986509,42.80267721,210.7481192
1429,961,808.8014416,79.4370044,324.5654739
1095,962,195.2502728,24.19518821,20.38850141
1127,963,158.5035476,37.92115547,98.28978161
1115,963,169.1446138,38.97740671,58.47477361
1422,964,364.9690961,52.27607,255.4731694
1676,964,206.5923685,56.61454923,182.2960053
1117,965,311.2551407,98.37014276,978.8516741
1367,965,250.2074962,74.84188102,1716.336098
1078,966,461.692006,38.12672536,33.37578062
988,967,386.2123804,70.31511912,357.0186473
1468,968,292.3479732,17.71512537,34.0411242
1407,968,273.4911032,52.07958895,202.1613495
1192,969,402.4812684,34.15942576,261.1814063
1109,970,242.1193503,61.30167108,349.8436733
1103,970,288.1881173,38.5840871,62.42465931
1242,971,347.2602902,28.97663419,126.8601426
1406,971,239.9090691,59.82956417,114.3205779
1290,972,194.4176342,50.61118903,128.1936948
1436,974,177.3788564,63.27507818,180.5435675
1740,974,129.3414543,65.18989049,181.0871315
1494,974,332.9671468,37.88781487,53.92580454
1365,975,262.400298,20.45041851,47.42422824
1095,976,442.6111722,51.47139899,232.8869851
1781,977,516.729278,26.04205125,22.23219912
1451,978,150.7177595,61.05321593,605.7775688
1463,978,240.8326967,43.2775451,277.8039221
1285,979,296.1030508,92.05431739,847.0012872
1136,981,192.1947587,34.95816471,141.1671346
1798,981,120.2346813,39.60313728,131.5216875
1826,981,759.6472394,32.09778281,61.29212442
1585,982,484.3072559,25.49668396,23.14232696
1648,982,707.8222892,19.53126669,30.06076473
1046,983,164.5701772,29.58218354,17.74422154
1133,984,165.6612501,20.73839827,126.6610185
1327,984,296.400922,34.77055972,118.1060546
1226,985,295.9341185,82.11819851,589.8975711
1097,985,310.7910098,48.59099863,162.8342254
1165,986,212.6288749,136.1443354,793.686253
1015,987,203.6268237,80.29380139,1181.107177
1250,988,286.001407,36.09043452,130.9237735
1024,989,178.4685047,38.62017108,111.5139312
1088,990,173.1105499,55.74294482,37.81415524
1162,990,367.6673525,40.61309619,219.3157127
1040,991,421.1430197,31.00857683,62.31510368
1328,991,297.3743471,30.5183466,44.40634757
1697,992,345.1284077,74.90073956,268.4590409
1170,992,201.99432,33.42568518,52.08616857
1568,992,490.8955597,56.20104477,182.7051742
1129,993,380.0374362,72.63286117,898.4880451
1085,994,121.5546234,15.87593633,3.443880706
1593,995,212.5972994,79.56721822,813.9039532
1331,995,178.1734333,19.00968149,44.43809861
1636,996,188.1125543,45.53367176,555.7962218
1861,996,406.13416,29.024315,97.02783118
1672,996,436.1160175,55.89315129,221.7697679
1707,996,242.1193503,31.31659348,52.82648978
1205,998,453.2407947,42.50073721,229.2010821
1304,999,348.821482,42.59943001,107.9148869
1315,1000,151.2145152,86.89240908,688.6288558
1359,1000,119.5049221,64.5222086,129.8544005
1165,1000,187.5564271,37.49492376,197.0632172
1099,1001,197.1452485,57.8316047,356.8303895
1160,1002,188.0975574,36.05773325,70.6575906
1888,1002,397.9002526,85.92572868,731.133022
1820,1002,393.3975505,61.28227317,221.9956807
1845,1003,258.3630147,25.65168494,136.612144
1018,1004,336.6565142,31.54669413,60.30415249
1329,1006,491.0600093,64.75919002,560.2261432
1028,1007,289.9981091,39.1720592,155.4767524
1371,1007,326.9525347,26.17936412,91.84853399
1336,1009,394.6998468,74.87386474,859.0766863
1542,1009,309.8837454,41.76761215,130.3362472
1462,1010,265.5468273,25.11766106,169.5224276
1537,1010,205.1709611,49.39142916,171.0570038
1260,1010,205.6161214,18.19067212,15.40377759
1338,1012,61.01116025,69.76175962,497.168007
1245,1012,202.5600685,41.81842556,37.1374975
1058,1013,600.736249,43.70886179,210.9971922
1092,1015,315.6747602,58.86404268,125.347145
1830,1016,255.3728071,85.95439232,750.5302171
1647,1016,359.7984005,27.01859275,59.372672
1174,1018,474.1074256,12.12180551,8.677269869
1109,1019,265.1027488,52.63705416,74.14963201
1529,1020,360.1234879,68.13896478,178.3426428
1472,1020,147.6014535,87.25170611,713.3839183
1171,1021,255.1288461,31.96091522,87.23139004
1808,1023,235.6236818,34.49701379,58.17733077
1816,1023,174.2971345,27.36508592,50.73406429
1276,1023,217.7667406,30.73433898,73.84400943
1849,1024,529.519934,88.31500739,1025.586078
1279,1027,173.424408,24.75895799,69.89917819
1390,1027,162.243029,53.60608412,148.2288334
1426,1028,227.3709787,50.26641812,165.0994801
1085,1029,449.8220414,55.61543959,365.9048323
1368,1030,180.2972627,16.57099865,30.08384321
1482,1030,242.6223644,43.46358679,87.66771122
1428,1030,115.4691097,41.72812473,144.451564
1591,1031,183.9086609,51.75834173,149.6621005
1168,1032,120.2346813,49.22855782,183.8167201
1222,1032,187.5564271,42.18414463,83.11766787
1198,1032,138.3653967,14.6724254,39.19408611
1090,1034,218.695071,35.84957397,202.3230758
1484,1034,521.858277,76.44536333,163.2794349
1399,1035,170.3639099,65.69710072,215.4175268
1099,1036,345.0401214,43.93094137,59.11996071
1814,1037,187.0304169,62.80621596,129.1508875
1087,1037,685.5480784,64.32019836,405.4165965
1617,1037,461.29248,47.92160683,118.7179395
1470,1037,187.0332182,27.82495165,64.35518019
1696,1038,373.465262,108.3338985,1079.339481
1719,1038,687.9839436,43.10913626,231.2515126
1203,1038,335.9269365,38.79374017,201.6955039
1170,1041,295.8768103,22.04250411,32.71249324
1565,1041,289.5651337,24.02643363,41.18215815
1300,1042,481.4511858,24.96605406,23.9837352
1656,1044,626.972133,44.29903353,78.53164479
1758,1044,501.413837,48.89433238,97.31107124
1477,1045,452.5352497,51.00225064,77.62054321
1847,1045,373.0802071,31.64524074,75.72618271
1490,1048,317.4143893,10.05482405,2.824966049
1562,1048,789.598833,21.41617003,56.15328716
1325,1049,837.4148353,16.84998927,3.957836024
1738,1051,558.3018389,38.16629352,39.86846202
1567,1052,518.7394218,11.18250234,4.121917057
1489,1052,231.8067288,18.52798447,14.0411481
1074,1053,249.2431119,26.23361318,20.26976237
1253,1054,362.931564,30.46606357,79.3705053
1349,1055,245.983783,124.8466304,1221.86564
1487,1055,276.9632741,21.03789611,40.36804114
1548,1058,543.3340304,31.03556301,122.1111376
1608,1058,433.4806221,34.29155594,65.79781075
1881,1059,240.68207,66.82132621,405.5238688
1757,1059,236.8129198,48.23741307,314.7986585
1863,1059,295.7785775,43.41397323,201.8255651
1096,1061,119.4115022,24.52912053,30.78960542
1205,1061,194.3462435,38.11523402,205.770198
1697,1062,181.8802626,49.51247717,1253.391504
1362,1062,173.4019806,30.71999179,99.48810104
1170,1062,267.044376,75.11369134,375.376855
1179,1063,389.0715425,34.70367823,208.4849597
1099,1064,308.5269538,42.66316498,102.39376
1603,1066,292.3479732,27.07537587,68.0571417
1132,1067,176.2882066,74.25276897,912.3850642
1303,1068,126.8696917,54.51924895,64.8238191
1140,1069,195.336973,37.90133627,78.56184392
1520,1069,331.9189396,66.24698077,320.6566801
1490,1069,249.2360129,16.76027774,37.37121331
1497,1072,331.6213277,37.82751779,99.66774277
1209,1073,648.108398,73.33578819,1122.699474
1474,1073,390.3773495,20.79380718,42.28576909
1610,1076,1763.386917,20.45972558,77.02661639
1595,1076,382.935062,89.10740974,559.4960561
1411,1077,246.8908187,76.2520444,836.4941476
1255,1077,212.1300154,29.22917805,116.5738084
1363,1077,357.1935553,54.38526482,160.3428045
1092,1078,317.9548827,37.43875375,19.4526236
1392,1079,533.6401359,29.46140216,26.67411007
1094,1080,980.7063535,5.618258577,1.046583636
1174,1081,480.5709836,10.18354296,3.878549598
1211,1082,508.9401881,82.68863528,424.3365421
1175,1082,191.0314798,23.42828599,44.33212944
1273,1082,65.64691401,93.73156923,838.9617013
1283,1082,129.3414543,29.76215163,52.26235905
1370,1083,230.5115871,32.12666118,85.25699507
1532,1083,229.2882337,38.5625462,28.18650688
1260,1084,289.5651337,32.44918758,113.2603964
1479,1086,231.8067288,42.89438348,146.3546954
1558,1087,324.7243547,41.1114205,71.17699986
1139,1089,389.6741548,20.42090824,95.23174513
1499,1090,404.604918,54.96208351,362.7307911
1430,1090,423.565812,34.59470991,80.45931601
1422,1090,796.2967673,30.40684576,23.16159537
1668,1093,313.437054,48.92791782,244.7675851
1824,1093,379.710862,51.08838209,196.8049193
1768,1093,273.80019,55.85528391,279.5604599
1469,1097,261.2699314,30.25324866,115.6520612
1583,1097,190.6074406,42.96044917,378.8611173
1427,1098,187.4831483,26.18970314,77.08117222
1311,1100,291.246986,74.805506,1424.831382
1136,1100,226.6451581,32.99131458,242.5865522
1433,1101,229.4301945,46.45960644,399.0729322
1805,1101,471.1184585,76.91033365,379.7679857
1120,1102,301.4289481,74.11096671,265.8050249
1439,1105,306.0372569,25.59865689,29.28213727
1578,1106,497.2524457,31.90099341,191.1680496
1698,1106,231.7631415,60.10402751,400.4472126
1835,1107,239.6687178,18.40795392,5.917069143
1216,1108,658.4608274,41.38350902,80.45429518
1122,1110,202.3150389,63.34117889,189.4705306
1502,1110,324.7043452,31.42958888,71.00960387
1284,1110,147.5826488,75.32699793,323.6383517
1159,1111,337.7397836,40.74724657,476.8609478
1557,1112,230.6699168,37.40827167,151.9033272
1346,1112,317.5138636,49.9631298,286.179329
1507,1113,600.736249,9.099713828,12.56712096
1267,1113,184.8482131,49.08813863,201.685284
1297,1113,172.2389552,28.95030846,109.6526372
1164,1116,150.5712968,28.29628359,21.63538034
1542,1118,96.23678547,29.58190371,29.8970916
1773,1119,308.6322849,25.37885014,43.55235793
1821,1119,351.4356002,47.66018691,338.0624864
1749,1119,177.9770438,30.19338575,91.54074822
1162,1120,637.1693347,45.31746058,209.7795774
1634,1122,56.73875603,39.47698761,110.861091
1315,1123,115.9472542,162.3401191,880.7697551
1300,1123,534.4137894,126.900706,477.3315479
1326,1124,238.4113748,56.0609258,119.4141702
1489,1125,463.3485895,30.87204082,34.13134617
1181,1127,236.8129198,32.50013717,42.4877727
1398,1128,252.5996352,35.1737601,102.4916707
1310,1129,374.590421,31.79216024,266.3085153
1335,1129,445.700541,42.71905806,131.2964914
1899,1130,177.0384233,47.25992826,80.46944613
1782,1130,207.4714213,51.32630197,261.2459124
1631,1134,200.0120628,90.18848072,272.5270235
1280,1135,188.9019845,38.08411458,36.48611411
1890,1136,364.5744015,31.32620246,64.49639688
1769,1137,330.3006646,22.57758832,30.32045356
1757,1137,526.9643699,23.52454447,22.25278204
1504,1137,600.3521143,60.59941677,381.0384587
1571,1140,363.6314208,65.16867837,523.2122759
1178,1142,263.045384,28.10935969,37.51129372
1880,1142,193.1793316,23.66126619,86.87390796
1573,1143,357.5418123,22.72480198,39.23340018
1381,1143,294.5838901,16.24027475,67.5337107
1273,1145,236.6580219,26.08052391,10.48914905
1685,1146,247.681827,63.33879216,428.9489886
1225,1147,361.4377406,57.84940762,236.4147253
1285,1147,1375.671187,28.32374404,28.53939978
1391,1147,290.389597,65.33803302,120.4386284
1665,1148,450.7025223,23.90037031,50.8015839
1802,1148,213.9600738,26.31905151,20.74808795
1281,1148,231.7631415,92.95055742,540.0178605
1624,1149,77.68142189,66.03993452,286.3931981
1409,1149,188.8080619,150.2312079,2785.697456
1667,1152,201.2208564,20.63974007,22.22574419
1511,1152,203.2810056,81.59572544,428.4242281
1425,1155,187.7401673,38.15542325,498.5033213
1678,1155,240.2681057,24.25220337,24.89463193
1721,1155,317.9769691,28.59275158,26.73048887
1382,1158,193.1793316,24.5440448,52.87912806
1682,1158,367.8985108,9.390910773,16.32885303
1629,1160,248.5542772,42.70395759,271.0005934
1827,1161,247.681827,94.11149711,270.7608877
1851,1161,291.2689636,35.6895476,112.7543032
1298,1163,156.4262643,42.48466542,34.98381898
1592,1164,202.8528379,59.58946849,163.7643283
1726,1166,309.9800513,40.40429275,108.4866532
1756,1166,193.3788619,65.41946841,253.1282871
1630,1167,262.9349518,27.31834771,58.90325534
1763,1167,59.61637085,42.63913795,208.8790189
1187,1169,445.9133441,45.25442037,32.40062448
1330,1171,209.9648436,57.8586142,373.1960364
1623,1172,445.962037,27.98879754,67.26318999
1789,1173,261.4719247,74.99151729,150.9450041
1755,1173,461.4879763,67.69067424,185.218982
1258,1175,193.4954925,42.97913418,98.73630736
1532,1176,198.6725851,22.51667501,25.2201321
1304,1176,169.0112505,96.16762562,830.4718291
1236,1177,203.2810056,82.13167963,766.0202606
1897,1178,182.8543638,18.50912328,37.56337801
1396,1178,205.6161214,77.17575458,1184.751637
1536,1178,83.68299612,79.5923207,384.5788953
1531,1179,482.9838012,31.86314418,194.1958755
1821,1179,458.7979694,64.16727642,341.9338739
1694,1182,348.9631013,25.63941376,97.55170793
1559,1182,270.2586661,42.41700984,208.7859537
1367,1183,165.1214109,181.7731516,1479.031731
1593,1184,166.7717293,19.23258192,16.35721193
1734,1184,251.1476902,60.32345689,107.7001992
1814,1184,361.4377406,25.31882581,27.2754789
1711,1185,187.6538421,35.12409515,72.35533364
1770,1188,229.3277673,96.17633286,990.4819585
1610,1188,546.88406,71.66673975,166.9778517
1595,1188,355.6431265,21.83604989,53.65140606
1445,1188,141.573317,96.93263186,355.4077792
1345,1189,184.9290569,81.09784185,378.5736959
1846,1190,434.4642783,25.72844193,73.53994456
1747,1191,272.4641234,37.49866821,53.36657599
1229,1193,223.5203052,21.29118253,16.9576937
1458,1196,266.72183,45.71450497,119.4297482
1776,1196,351.9118393,48.81302122,177.3242132
1380,1196,346.0063643,43.55087812,88.60845264
1467,1196,242.8317595,43.8213621,101.1615008
1779,1197,147.7734406,30.93429284,183.8701844
1699,1197,166.9479883,43.8007274,187.4196582
1409,1199,443.2576751,92.19195213,365.4290657
1456,1199,379.0605032,119.4147869,2469.760753
1587,1200,276.8923422,58.13693152,220.7307146
1330,1201,508.9401881,58.00490819,166.7576624
1271,1202,493.8097046,34.56794567,125.227503
1728,1202,328.3410563,54.68538754,160.0117552
1596,1202,220.9956852,84.25902051,812.7866829
1480,1203,253.5573664,15.72536491,17.3166568
1240,1204,223.9545091,33.5547967,109.1666739
1670,1206,184.5621388,90.68424782,391.1085959
1523,1206,168.0767401,56.46084381,193.5624945
1349,1206,685.5480784,87.13623555,312.3316263
1896,1208,287.2043926,28.18203415,111.4398013
1281,1208,290.8636252,84.28752252,397.0185952
1853,1209,208.9353201,39.32647634,173.7301193
1729,1209,139.768161,40.41946853,666.9079962
1877,1209,173.1105499,71.06787577,1874.338677
1222,1210,188.9019845,32.16499507,177.3045253
1338,1211,417.6863188,90.47171602,474.7688034
1513,1211,225.8890994,98.80044652,436.7905944
1589,1212,123.8118697,37.98053742,103.7452415
1219,1213,426.6043255,51.13255322,89.95569557
1818,1214,204.3966949,21.70071708,50.2846682
1581,1214,288.1919027,38.3864902,201.0748494
1525,1215,420.8822456,60.6535343,152.3952254
1222,1216,145.5910052,45.02493094,42.16680469
1547,1218,309.7643485,57.85299687,217.3267048
1740,1220,588.2029864,34.36848593,48.80382364
1851,1221,729.2562404,25.52475369,45.11449037
1562,1224,355.772862,50.09243991,433.1483752
1387,1225,355.0584151,9.532494258,2.341929691
1870,1226,678.214597,34.14647703,137.0785254
1898,1226,351.4356002,28.49789174,81.78990892
1638,1227,317.2509976,40.40110799,220.3035758
1615,1227,208.3333427,33.06343406,60.09225051
1292,1227,318.1792328,59.34090229,416.721268
1878,1228,228.3359391,79.01092248,802.0241128
1348,1229,623.0297404,34.82723404,64.85183414
1547,1230,145.3556476,51.95165767,224.2042891
1304,1230,1289.528685,69.69749416,940.1284437
1395,1231,714.442903,82.77376225,324.6952045
1887,1232,330.3261364,26.20685041,67.29722993
1626,1232,238.6278746,62.63499757,466.1728854
1272,1233,422.4742469,61.78844897,207.2035164
1699,1233,270.2586661,37.36582126,111.574827
1645,1233,400.5904883,31.70927832,48.88448735
1902,1234,385.5342511,59.2890088,51.21501235
1810,1238,77.68142189,19.71514193,29.05589554
1341,1238,123.3912942,43.71681395,184.7908665
1621,1239,120.5868686,8.295212884,2.74601483
1385,1239,190.3866487,17.77972215,35.88349384
1478,1242,179.2475238,34.77563146,72.56705458
1378,1242,252.4825789,33.81656607,111.2375457
1428,1244,293.289081,89.86873128,1306.001972
1261,1244,268.7115101,95.22020692,530.335957
1247,1245,586.5620605,14.10907376,3.086243604
1513,1245,59.61637085,57.05710071,463.3817589
1803,1245,87.91891936,3.066956464,0.123329696
1594,1247,221.5894798,40.78036961,108.9578082
1493,1248,417.5015831,98.07890298,353.0266276
1325,1249,275.036403,30.82404257,17.06402167
1316,1250,122.5245309,42.25482539,62.89484469
1459,1251,265.3293422,48.64630825,130.4254635
1373,1251,359.9769757,41.75278757,76.64439727
1729,1251,328.9752251,80.06993149,657.6338899
1514,1254,360.9340037,45.02511981,258.9286495
1375,1255,479.7478001,33.61062913,92.83108779
1830,1256,248.1534678,23.99584788,88.64966371
1647,1256,223.9545091,44.2554167,57.44883455
1322,1257,527.2409087,44.09607294,248.5635061
1658,1259,139.9419338,29.38567491,47.53548353
1731,1260,404.604918,75.24542354,397.4696392
1411,1260,440.7880496,41.69825482,178.2860504
1572,1261,190.4208117,19.06646699,25.63639308
1873,1262,323.5660561,34.48720078,102.3521024
1787,1262,357.1935553,30.00514774,110.2028883
1483,1265,175.9195987,78.91889972,447.8604153
1847,1267,118.711583,37.25373008,191.0908229
1767,1267,367.6673525,47.98094879,190.2005929
1427,1270,173.4019806,37.8673256,43.51143043
1356,1271,461.0406423,18.8740166,38.67692032
1889,1271,240.4600735,75.32918589,568.5796078
1753,1272,324.4893922,30.55624454,31.00622121
1743,1272,181.868571,28.47400309,46.1876543
1435,1275,185.3371688,32.83409274,42.78631963
1403,1275,168.3546689,23.24792337,25.88331481
1714,1276,208.4203538,26.16110087,80.74206503
1797,1277,457.5318851,56.76910477,241.6461889
1606,1277,261.2699314,9.883228454,2.763258932
1658,1279,115.9255709,44.07310615,109.4288115
1565,1279,675.6140046,44.60596014,128.7398355
1416,1281,291.0831249,48.4431152,145.1918809
1899,1281,267.9153336,46.27652785,268.2624701
1393,1282,403.6988235,31.95205953,62.91953117
1576,1282,187.2315886,39.84832675,62.92905553
1453,1283,216.7469263,63.86633228,390.1375278
1901,1286,405.0706705,63.01142587,328.9535453
1780,1286,254.2968848,36.06974833,53.72744789
1770,1286,673.5888892,49.51880326,119.9490509
1833,1287,28.74746286,76.39602925,384.7828954
1472,1289,235.6236818,81.04503546,460.6818065
1563,1291,122.4514347,23.162251,17.73804939
1814,1292,264.9869195,101.8261142,997.7582066
1690,1292,54.92324282,102.796687,837.8899271
1390,1294,203.6268237,42.21191943,75.11890369
1398,1294,343.912667,31.54870975,31.00037716
1631,1294,359.6266167,32.94142561,66.14440708
1412,1296,186.6504078,34.477214,150.738476
1767,1297,198.5985543,45.37825608,331.3746329
1377,1297,187.7401673,44.24224631,169.9540597
1630,1297,178.2376267,137.7156944,1092.44153
1328,1298,364.9690961,58.92076706,281.8415971
1530,1301,449.8220414,52.3277167,136.1105136
1850,1301,357.5418123,55.42637609,227.7922957
1588,1302,445.697783,20.80589847,20.58085869
1713,1302,609.2264249,77.67732236,540.0258595
1719,1302,420.8822456,58.99590405,515.1723809
1439,1305,497.1539143,22.48499509,86.81569487
1572,1306,25.73839799,61.7164254,157.8505248
1364,1306,421.7383005,81.08121051,260.3401588
1404,1306,411.0247426,61.81003277,468.5139521
1429,1307,357.4694262,35.62875769,165.2291832
1775,1307,336.8158621,39.12727112,94.4033088
1574,1309,188.8031216,33.82537522,48.25484153
1388,1311,265.3293422,9.055130498,2.298825076
1488,1311,220.3793376,84.12915523,516.7188415
1389,1312,283.9259829,43.37880494,127.39619
1318,1313,654.9590477,31.255308,39.82033969
1490,1314,385.5321041,40.55466778,177.5308675
1379,1315,209.4380693,52.39483409,724.2816609
1858,1316,194.1451883,119.4452535,1642.604332
1671,1316,206.0965752,81.77219319,785.5292583
1736,1316,172.3249935,34.28342226,54.56195976
1805,1317,187.5659269,60.71204196,224.2067883
1687,1317,214.3053235,41.34232738,163.8624812
1809,1317,266.9297442,30.09811321,128.2472331
1673,1319,202.2388926,28.11183019,68.84873832
1410,1319,284.508718,57.40218275,293.2712062
1439,1320,127.8212461,57.4655106,92.92427329
1394,1321,547.5176035,60.17649645,380.0345601
1347,1322,169.0187841,19.41328902,49.69659952
1361,1322,505.3501363,37.12822205,78.9028168
1386,1324,65.79172506,31.89201638,123.6875933
1484,1324,289.088139,24.11344049,74.45201801
1880,1326,127.0599661,36.67563039,35.9579905
1409,1327,198.0014115,37.73219666,107.8064726
1546,1327,311.2551407,68.75614714,318.1764631
1370,1329,209.1068497,22.55096304,21.24176106
1599,1331,202.500837,33.04822463,103.1943313
1704,1331,250.714191,35.60381192,144.4751308
1516,1332,255.25075,67.2694882,140.6971892
1347,1332,253.7318697,40.63425585,172.4055563
1552,1332,445.9133441,29.14114813,28.01817397
1876,1336,570.1147208,38.58867265,229.9818663
1831,1337,231.7111229,35.90471534,151.2488953
1702,1337,366.9143986,41.92683718,377.403941
1667,1339,348.1679614,45.15016833,38.14204646
1415,1340,268.9371816,35.55222411,143.9820771
1822,1341,209.4900167,29.05005392,155.8186511
1702,1342,194.3947913,27.86985623,70.38028946
1819,1342,184.9187684,70.82390585,423.1038134
1407,1342,168.3546689,91.44989019,1172.32385
1571,1344,451.9024524,49.18876171,214.9749595
1403,1345,374.8065205,37.15242723,95.69761848
1435,1345,298.5352416,32.49724738,86.15086377
1888,1346,597.8811793,56.4901871,469.0902568
1854,1346,347.2602902,54.54686323,166.5415175
1360,1346,287.2043926,27.57878271,18.8009004
1592,1349,233.2586384,37.41690769,104.3720644
1878,1351,260.5781451,21.02782234,24.52236206
1789,1352,224.2027644,53.58389435,102.4045328
1755,1352,504.55078,55.99196529,529.659624
1600,1352,312.5007547,30.47389816,66.4135059
1640,1354,250.1775177,69.02810762,117.6269194
1577,1354,315.3813339,42.83092158,44.88578214
1370,1354,307.0681031,90.38382463,507.4916573
1431,1355,369.1366858,47.79510931,127.053834
1826,1356,449.9545,66.12146732,465.3079112
1685,1358,199.471172,36.96739549,250.485857
1700,1358,245.1370777,36.1021988,182.9774921
1862,1360,243.9645892,58.88535711,870.4398449
1801,1361,276.9632741,27.54190446,44.24689679
1466,1362,233.4363503,23.11036009,26.53754857
1428,1364,444.7725155,55.65934868,323.9261228
1764,1364,180.2972627,58.15253555,123.4534896
1864,1364,224.2027644,81.69592042,522.2041839
1759,1365,364.0320042,25.25824681,33.76581189
1787,1365,707.1449913,86.52308269,494.4051516
1631,1366,83.68299612,126.7067001,155.2644265
1607,1366,176.9975815,44.28435862,235.4333547
1400,1368,193.7785227,18.49209467,34.57984551
1489,1369,189.4880062,51.96057601,176.5006527
1768,1372,150.5714891,65.43285898,429.3681647
1853,1373,517.1541842,29.71673536,21.9391415
1643,1374,241.7852368,36.61916065,95.02770792
1395,1374,338.3261344,123.6271318,485.4084199
1622,1374,146.9547283,45.47704816,56.84357558
1383,1375,231.5828176,69.48616874,665.0851334
1710,1376,198.0154805,42.83983116,122.6269559
1698,1376,81.1072442,50.2376019,98.54003674
1897,1376,54.9352341,57.89948239,227.0194433
1417,1377,309.6744128,20.44106876,41.91295893
1662,1380,426.6785023,27.16580361,22.09211473
1708,1380,60.91020231,26.96891289,23.89007537
1585,1381,335.3831085,33.58152092,64.48002138
1424,1384,57.21044854,39.76201418,174.4930061
1718,1384,374.2233224,85.2183001,867.89811
1635,1384,190.2139105,71.62511138,702.924623
1804,1384,461.8731119,43.77629345,237.0160627
1579,1385,551.025639,43.97738469,216.0291649
1444,1385,408.8815963,24.53253164,54.35062851
1684,1389,214.0077479,44.18935899,56.62995383
1565,1390,254.5667925,43.30304892,145.9580479
1465,1393,335.6030833,24.07166092,36.40610482
1441,1393,74.64159246,50.47042497,254.9079486
1649,1394,386.3043426,38.68339756,69.87642018
1583,1394,175.0510587,66.47779534,408.3711896
1510,1397,494.4690868,11.94256493,5.981425906
1616,1398,134.565403,37.30589184,51.21379952
1790,1400,188.0676956,12.43081038,4.136227472
1750,1400,92.7202324,88.69102331,274.5735868
1763,1401,624.9805001,24.75886242,59.7053801
1405,1401,444.3221833,31.11438246,53.04137774
1797,1401,471.2193394,36.00704702,84.76342777
1553,1402,501.413837,36.59900264,59.71060699
1695,1404,417.2953069,62.54422297,448.1104128
1648,1405,129.216138,49.04471302,158.0540066
1688,1406,89.98096423,33.1991402,74.90205702
1587,1408,398.7211986,25.13717904,68.18789675
1688,1410,140.0193622,31.23339081,26.12913426
1482,1412,515.2104813,57.23395193,569.2336741
1857,1413,408.8815963,42.12572527,84.56997989
1483,1413,211.5300381,48.99401903,92.1409321
1427,1415,262.598445,21.19083663,63.48556699
1503,1416,442.6111722,63.49321792,140.441755
1899,1416,99.82069604,60.66912287,103.2624593
1763,1417,121.5361988,111.6509514,1100.020073
1840,1420,220.944462,25.64463794,38.86821842
1809,1421,721.0450059,30.76365352,79.8297441
1687,1421,202.537869,24.04077391,57.16114052
1879,1421,591.5561868,19.55599683,6.63574664
1773,1421,118.7153404,41.38831543,70.17395062
1461,1424,271.8671735,76.12418638,297.1617923
1455,1424,87.91891936,47.20690763,102.7081511
1650,1424,204.0247754,49.70687423,98.51577091
1687,1425,206.7817728,25.62546578,45.97514356
1879,1425,355.1775893,23.38850863,18.05149769
1482,1428,326.3905838,51.58436874,235.997001
1861,1429,190.465174,50.51384116,230.3061833
1672,1429,214.4162569,37.63991467,71.42395107
1598,1430,128.4185079,66.01562353,537.7035901
1634,1430,278.4213024,82.35142244,223.1551841
1780,1432,292.1981577,52.20441523,172.451203
1600,1433,47.47870099,16.53722284,23.03007262
1556,1434,128.8478408,67.25793428,498.0151002
1592,1434,842.1301113,35.51305234,72.01652891
1536,1436,75.3913012,44.56775471,161.8805536
1800,1436,492.1675524,109.3421644,1321.834338
1815,1437,840.7492009,42.72156056,27.9548418
1691,1438,192.8683508,20.19126529,11.97649459
1494,1440,343.912667,76.21351056,1660.89609
1794,1440,150.5714891,27.96478542,192.6298897
1576,1441,204.5835141,40.62242346,133.9439771
1498,1441,134.646908,33.22417877,95.67264383
1618,1444,144.3851658,20.57320803,23.67571288
1660,1444,489.649266,45.3563557,106.6018281
1583,1445,35.17514746,37.83900883,259.5112304
1601,1445,244.2100091,50.02858198,274.5642691
1554,1446,306.151458,49.77988066,220.4927453
1842,1446,283.5724244,28.58847298,37.0395041
1525,1447,499.7699857,19.58432578,8.29379863
1655,1448,240.3174388,47.04645707,109.9886326
1501,1450,429.1385636,6.9650452,2.928068244
1607,1451,399.3886062,76.81581296,574.0526568
1791,1453,450.6081625,25.88766279,99.19442789
1720,1455,482.5098221,65.85615532,514.7677422
1718,1455,497.1539143,33.82806658,143.8583471
1481,1457,266.5969192,23.36240436,33.03526943
1772,1458,264.6919504,40.11610337,193.3020179
1892,1458,258.6585258,7.74197059,2.976451453
1871,1459,333.6727219,26.19149956,16.10558427
1526,1460,130.344717,36.45337523,112.5571461
1596,1461,749.0030862,49.96456069,269.8956849
1852,1461,364.0320042,69.55667812,221.2823363
1725,1462,371.2646003,22.64979855,44.03709139
1543,1462,216.6409876,83.53286519,628.4642952
1716,1464,361.8827805,35.8971736,136.4830811
1618,1465,178.4684952,14.21745299,8.582023531
1613,1466,233.4373266,30.23063534,147.2161136
1601,1466,119.9866129,45.00426305,67.46391194
1547,1466,157.6792198,60.45136123,624.6251188
1708,1467,217.0565691,28.59491316,44.42986777
1680,1467,515.8008297,43.76019264,137.0720027
1857,1468,331.9183729,39.2365845,57.97819055
1483,1468,295.3729134,55.25643564,459.5621183
1760,1469,331.6213277,44.51500957,116.3904021
1649,1469,128.9108704,40.56405665,138.6493964
1838,1470,384.0532947,17.18687523,35.58923885
1700,1472,264.6919504,52.82736148,210.9713708
1802,1473,210.7439153,36.22194353,94.57913154
1783,1474,254.1594452,64.44151638,494.434935
1748,1476,208.3369127,78.76100702,431.4845212
1870,1476,165.6612501,34.276876,73.98789822
1597,1477,177.8232773,12.0584239,12.93539646
1825,1477,692.1685752,32.49039021,85.14767638
1818,1479,268.654657,37.74375883,86.04978912
1567,1480,619.2347922,43.1343497,191.5592233
1836,1482,377.3276336,18.38523384,13.4980822
1586,1484,306.151458,48.62084346,64.22044698
1866,1485,191.610028,43.61974395,100.013766
1653,1485,188.3873173,27.95788523,130.0570108
1720,1485,207.2705401,55.80812485,337.8123055
1741,1486,590.6079178,70.53714869,416.7382813
1696,1486,55.09816775,7.829385819,4.928934555
1588,1486,801.2480006,38.73355333,78.24799162
1655,1487,707.1449913,64.40441167,261.2186742
1509,1488,156.5678457,20.46976018,43.53969038
1774,1491,231.3100941,36.55660893,169.8660262
1577,1493,219.9617365,52.10730996,188.245757
1517,1493,282.5648445,19.40089094,27.02733301
1548,1494,343.1122796,25.59969409,79.18625409
1551,1494,687.8360725,27.55245151,27.35307523
1561,1495,156.9191198,27.42869101,21.88731171
1666,1495,496.9226817,19.33729978,18.50117122
1499,1496,373.131886,27.6094295,108.3709364
1694,1496,338.2898817,18.22937626,32.09808459
1656,1497,265.3431224,38.4589322,232.3203067
1881,1498,391.2296547,28.00474337,43.40927164
1769,1498,151.6435643,30.96156197,55.46713206
1782,1500,172.6089563,72.93057042,321.3835278
1802,1503,217.0565691,97.83217574,2212.686636
1524,1503,533.8246763,29.71305245,152.1469176
1619,1505,477.2200282,34.71513377,188.4068876
1520,1505,471.5659986,70.36917991,728.0192561
1816,1506,475.0777077,37.06164884,61.80006652
1518,1506,132.1639888,62.6451028,182.8873877
1754,1506,424.9001471,31.96160784,79.38878208
1776,1506,292.3245898,95.46040829,863.7897542
1545,1509,393.4139868,44.04845114,187.5255995
1728,1509,140.9939866,88.89408068,503.9819149
1692,1510,224.102953,46.28442739,97.96220653
1544,1511,228.4313563,29.25557289,39.22510851
1736,1512,436.6823745,46.93480478,863.7734126
1816,1512,171.230722,52.53953132,929.4678544
1791,1513,573.3650639,77.26029352,1391.907974
1785,1513,165.7847642,92.15761655,1252.223932
1676,1514,692.1381772,46.53736484,209.1283481
1556,1514,85.52590926,81.96574216,383.2289409
1718,1515,225.8665103,36.60502678,231.6738375
1686,1515,216.2480569,41.50222285,125.0100793
1804,1515,546.5316574,43.50836171,64.40335925
1627,1516,142.7582269,59.70597316,184.5805674
1606,1516,451.6068618,33.26335301,72.52963654
1632,1518,193.3788619,29.86326875,88.47764624
1713,1519,263.7923888,50.63867136,94.10028283
1719,1519,239.9090691,40.45691307,110.6275131
1898,1521,291.2689636,26.02987474,61.83480393
1661,1521,228.971762,69.10092789,119.4389273
1793,1522,239.6687178,12.31711343,11.01965171
1735,1522,258.6585258,18.91895723,20.58952801
1556,1523,246.3397872,57.12761392,477.9370669
1876,1524,486.2760089,23.20945847,21.51432596
1848,1527,524.3790054,49.15727461,224.8800723
1746,1527,115.9472542,72.79545609,306.9171697
1803,1528,294.5395611,22.94121129,14.29727127
1855,1528,313.6144504,94.5758481,151.6489939
1700,1529,523.6733744,63.75281671,73.89964476
1679,1529,167.8305591,40.85084158,134.4616475
1883,1530,224.7686089,34.57426438,66.94670277
1892,1530,125.9860167,63.1136086,285.6033335
1742,1530,289.088139,35.80269207,61.65631367
1749,1531,334.0390916,28.00190074,129.2569276
1632,1533,262.0605862,29.66764089,106.9689773
1590,1533,570.1147208,27.60860412,173.7821752
1741,1534,177.8232773,22.83357927,38.89265228
1733,1534,580.9478058,35.36653054,69.05488501
1559,1535,136.6603375,62.76254338,192.2872138
1543,1537,190.2139105,33.3227628,105.9263069
1859,1537,515.8008297,33.57784647,187.6589191
1731,1537,360.4129294,21.27045527,34.17307075
1616,1538,493.8097046,15.36304462,10.54785794
1786,1539,121.5361988,34.32432315,57.35082691
1666,1540,180.7566584,34.97431376,74.41129257
1743,1543,397.9002526,20.19653024,35.7501767
1667,1544,187.2163337,76.56687347,402.8234858
1764,1545,351.0184233,9.457033905,32.15345262
1869,1549,359.9769757,35.80587136,155.40608
1794,1551,72.80137814,93.50021021,435.2800733
1562,1553,489.2829804,43.90384555,246.6661373
1822,1554,195.6758962,20.7332302,29.27587575
1796,1554,355.1775893,21.78179115,9.918564627
1775,1555,209.6838488,40.2075268,92.17725451
1749,1555,263.3073136,66.67266073,378.8014329
1762,1557,452.5352497,32.69504432,67.54444247
1590,1560,242.8317595,57.81794802,327.1982977
1789,1561,461.4879763,60.32259741,176.3774094
1621,1561,240.4600735,109.5647101,316.9605966
1823,1563,230.4534382,77.98117293,361.1528331
1568,1565,104.1724733,35.08482861,70.44184221
1902,1566,135.5061889,48.34022501,252.8367034
1858,1566,184.9290569,47.79605383,176.3396086
1612,1567,260.6296374,26.12510619,29.45352763
1658,1568,196.181938,57.43501113,46.92983692
1784,1569,202.2388926,44.7638584,144.5907608
1796,1569,342.4608015,30.75551495,27.798119
1624,1570,187.4754102,37.60209584,39.53553264
1871,1570,217.7648686,51.07249053,503.8004548
1646,1571,258.5427268,52.88862923,185.4451201
1765,1573,176.9975815,35.13276703,37.66084691
1661,1574,141.5105432,23.21826255,22.0965243
1611,1575,668.0776837,16.74580062,8.962885862
1769,1576,328.3410563,24.86581404,33.44124545
1680,1578,489.2733294,30.77396756,72.36935725
1830,1578,432.8706539,71.38048368,421.259889
1882,1581,324.4893922,60.54463454,233.6945449
1626,1581,373.131886,50.87309434,503.9337065
1807,1582,254.1127514,20.77601406,26.81764738
1869,1582,267.747214,42.96262245,288.1486733
1891,1584,680.4449547,6.292506584,1.001167181
1810,1584,306.8026256,26.92642214,61.38411002
1611,1585,149.972783,38.63990253,135.6945802
1867,1585,264.9215759,47.30715992,206.7540855
1670,1586,401.7579184,110.2379792,457.3842192
1752,1587,453.2407947,8.351563754,3.027519005
1733,1588,423.7185614,88.92505669,499.9164804
1701,1590,323.9710536,33.76224096,102.7022493
1681,1591,454.6575978,54.92348927,165.5721457
1735,1591,412.4430027,15.51428952,39.18484079
1756,1593,221.6576455,86.12525758,447.1085355
1638,1593,377.7116309,30.42226581,165.267064
1652,1595,202.3707534,26.68547743,48.81016132
1787,1597,669.8970705,25.4825315,56.47293907
1694,1598,214.0077479,16.3005819,14.27237801
1634,1598,217.3714357,67.62286612,338.0130685
1806,1599,178.8512672,45.25406151,190.1427513
1666,1600,70.09905097,23.34057332,28.82164946
1708,1602,506.2930459,44.17771226,128.498171
1727,1603,297.2870218,39.18963589,206.6435329
1654,1603,309.8606787,51.23578071,281.1661918
1711,1606,207.4835165,29.42418806,35.58789628
1900,1610,705.3001686,42.62211077,314.6026406
1716,1611,269.2993226,69.33134904,367.9400373
1697,1613,99.71412546,74.99962626,275.7226047
1807,1615,221.0540974,118.5153995,963.913755
1631,1616,72.80137814,29.92753621,54.58091749
1891,1617,334.255527,47.24839345,103.6578615
1662,1620,213.9587435,38.94124477,108.9780938
1706,1620,209.6838488,48.66396647,193.8771846
1786,1623,204.0945777,12.55676653,70.19156788
1652,1625,263.744653,20.56261258,57.86502078
1665,1626,359.9666165,60.02258185,205.0692008
1812,1626,257.6165547,35.95336201,85.22788337
1837,1630,378.0341955,50.77117226,280.3673111
1754,1632,221.6576455,55.23403462,160.5680042
1765,1633,178.8512672,56.94816227,352.7830454
1676,1634,233.5138767,60.83345522,465.9522064
1650,1635,184.8482131,33.06558003,62.35368776
1771,1636,328.9752251,44.17721651,42.3310048
1831,1636,345.9457422,30.0612205,31.11992271
1682,1637,668.3247262,22.93006132,27.26702459
1792,1638,317.2509976,70.71790092,531.2333338
1664,1640,286.001407,25.28098273,15.93258158
1897,1641,204.5835141,100.6597942,1351.625455
1813,1642,187.8496967,29.18845186,39.84588658
1752,1644,397.8612813,36.79526842,126.7508493
1865,1644,187.2163337,50.87962501,167.8987146
1743,1645,457.9463294,56.62093759,133.5067026
1725,1645,422.153996,32.26558102,67.03756137
1852,1650,169.0187841,76.48682546,389.4783596
1664,1652,223.9757753,32.74089912,20.3781206
1840,1653,504.55078,61.8198375,471.2891355
1712,1656,377.7116309,37.55274487,166.4067146
1881,1657,346.428343,44.71279345,85.80019516
1693,1657,190.094371,98.69565642,1127.094065
1902,1659,235.7656418,49.24110296,140.7907785
1751,1660,346.864784,44.50635524,84.38652791
1776,1662,377.2787873,31.54878875,87.84301347
1754,1662,408.4159668,76.22447296,571.0061364
1723,1666,198.9224164,56.79265543,108.2740518
1683,1668,215.2489947,33.15312278,231.4993689
1843,1669,185.8481412,68.34754631,189.1295106
1789,1669,342.5584141,62.18896617,181.0774753
1683,1671,268.9371816,31.80307392,56.50496579
1775,1672,206.4148079,44.15947684,137.3984438
1697,1673,192.5309698,30.31502089,55.83585531
1894,1674,346.864784,25.29074241,33.16135474
1743,1675,270.7760379,28.54668404,41.16029542
1811,1678,303.3538764,43.43138044,89.83626574
1892,1680,802.9901462,26.49306757,47.3005755
1742,1680,419.0126428,61.59182707,310.6164236
1721,1681,1256.785563,69.76183325,940.5664422
1741,1684,1094.768275,37.15448566,102.3191257
1893,1686,1347.101366,28.52776761,86.03109433
1746,1686,361.2263483,42.6011713,290.3636091
1704,1689,185.2001801,45.96572419,139.1986593
1832,1689,135.6962011,41.7161296,170.7226923
1863,1693,494.2698699,27.12143535,67.36241021
1730,1695,460.0505267,64.05350691,808.3361473
1833,1696,433.4131552,21.8019662,22.00246774
1725,1699,623.444819,36.34851768,134.9087057
1754,1701,506.4234417,55.47434779,255.5700099
1706,1701,170.1116038,38.21535381,173.9480482
1707,1702,529.9806573,27.04101607,48.2737191
1715,1702,178.2929619,53.02306145,216.5183826
1734,1704,209.0161457,13.51730907,13.94522907
1711,1705,183.4428966,32.78712038,63.74597276
1753,1705,263.5666066,24.191551,64.73893285
1831,1707,384.2466743,47.40288555,303.0262444
1830,1708,160.0071722,34.32056402,107.7504547
1737,1709,315.6747602,9.657268611,3.507142636
1767,1709,122.4514347,47.48466515,109.9445836
1844,1710,385.6960962,71.86416818,250.4758391
1778,1712,376.9232366,14.4130478,12.84260329
1733,1713,486.9886092,53.46722488,255.5515858
1845,1717,175.0290221,23.22791426,45.62091875
1843,1719,277.6931987,51.00079403,624.1318469
1849,1721,346.428343,38.69822863,37.97200539
1839,1721,643.5875973,57.6515323,513.0525867
1740,1722,235.8986614,33.73890845,71.0993319
1771,1723,219.9617365,40.05924223,58.33942645
1886,1726,373.1522537,20.15469813,20.5829541
1755,1727,301.2333071,60.82344637,652.9133785
1864,1730,529.9806573,50.58942689,210.9385272
1901,1730,418.0323562,34.38548536,84.64031011
1795,1737,123.8118697,18.5888602,35.94422394
1896,1738,486.9886092,31.79097565,24.94187385
1757,1739,209.102316,23.76792028,41.63790431
1863,1739,132.7687755,33.55432541,51.11830074
1841,1739,333.6727219,39.9186841,42.25983212
1850,1744,468.1656135,36.88587064,87.05981929
1844,1744,671.3528571,30.02800755,42.78099178
1769,1745,254.9241698,24.53321732,68.24647323
1881,1751,568.33417,19.16352146,13.00936268
1801,1752,473.9405049,68.89253205,673.654009
1805,1755,416.2501855,68.84707349,320.4021078
1846,1762,171.230722,25.09214999,33.24929051
1867,1763,386.9601822,22.17480162,45.13277794
1836,1764,214.0720687,39.39434774,61.23733585
1837,1767,292.1981577,123.9613622,1411.687251
1872,1768,135.7444148,47.72276364,179.4935229
1868,1772,312.7803781,60.85650466,194.7787914
1776,1772,36.33843609,42.77270533,245.8217961
1807,1777,333.3397906,68.94888968,753.3862876
1817,1777,54.45037656,157.8424932,1270.371044
1848,1778,389.4559332,27.25008008,60.25435559
1801,1779,317.9548827,21.23310606,17.52454774
1838,1784,312.851384,22.5470019,46.45981957
1791,1785,190.6074406,90.48380158,1506.486949
1855,1785,141.5105432,31.08901865,84.93723584
1839,1793,359.5288499,12.84758207,9.19791399
1898,1794,270.8857278,30.5997296,53.35070436
1842,1796,119.4115022,57.99998882,284.4258476
1890,1798,206.4148079,44.16578622,89.27291471
1865,1801,362.2485348,36.98971272,100.840157
1815,1803,191.7025627,27.10404327,14.72163872
1887,1806,176.3519447,53.46767635,178.7260737
1812,1806,275.036403,44.02558043,144.9831819
1832,1806,210.7439153,44.42520305,158.9581036
1838,1810,246.3397872,79.14800349,792.3031159
1822,1810,113.957383,33.81763262,456.7758864
1896,1812,455.0742964,24.24239505,25.41925755
1837,1813,707.8222892,33.98494679,77.72484802
1884,1818,230.4534382,33.3368653,88.40419195
1850,1820,521.1901335,44.50557453,98.91687499
1889,1826,163.3458078,25.00658716,20.57969255
1896,1832,173.3499564,36.97360165,96.06692759
1866,1840,202.537869,27.44813366,89.74502997
1859,1841,424.7857158,9.83397937,1.910384448
1860,1842,259.9764319,27.44738266,50.59943411
1897,1844,393.1233908,30.86770398,69.15402655
1893,1848,234.4148446,19.9892582,16.17899194
1862,1854,411.048334,32.58305785,96.49237244
1868,1854,219.2840124,37.09536251,132.3942115
1862,1856,373.1021372,26.77869035,98.80292257
1883,1868,208.3333427,52.02204776,296.2699362
1873,1869,468.7319331,67.1521675,452.7283138
1894,1872,289.4732103,44.70733605,77.29036334
1885,1878,360.1234879,45.02616132,591.1529637
1886,1882,256.113864,83.38132999,727.752384
