From,To,Length,Cost,Var
1,49,921.0410139,147.9969687,3753.83565
1,65,1179.207157,49.28494096,59.06165444
1,17,620.9053755,91.3037388,616.3901698
2,1289,467.5522935,117.7556373,1620.558533
2,312,730.2875808,81.7101918,345.7584904
3,19,1343.253385,94.70698006,253.9101817
3,50,3962.074577,309.5796594,26745.22287
3,35,2157.007237,387.0526286,17920.65528
3,67,2847.913944,205.8217993,4001.950929
4,743,768.4620807,368.3742053,9616.421244
4,128,4181.143453,82.71882628,247.6379971
4,20,1538.935186,107.702302,1627.95247
4,52,2662.134322,548.713049,81098.65798
5,409,443.815225,69.30808926,571.3685677
5,656,121.2443022,32.36763617,119.2673247
6,196,124.7648613,24.03810267,32.65493938
6,621,121.1557126,24.05442472,52.92036379
7,902,180.6695447,13.94114949,2.240878483
7,727,150.5741881,15.39120638,3.387090897
8,212,524.5509497,52.6643111,53.30381578
8,423,674.1569701,65.93529818,596.8170937
8,367,521.0576293,64.47892881,451.4655495
8,342,501.773329,73.04608223,130.8946253
9,917,219.1141492,42.81129556,101.7258101
9,889,397.8707718,88.56993549,974.8652177
9,488,262.0547376,46.80461229,129.2730478
10,1768,142.7229606,34.9985134,99.33882967
10,1473,295.7785775,28.75801174,70.63244764
10,1674,231.7111229,70.73326943,320.5483049
11,1654,314.7466556,61.17625929,357.1953774
11,793,301.3254122,51.2048615,194.4948014
11,1066,393.3975505,48.42971978,51.18419943
12,216,278.1529173,30.40388913,131.1449568
12,581,239.1655126,29.2007866,23.63891616
13,29,531.5645307,51.56184783,140.4301837
13,384,272.1300849,145.0117826,991.480597
13,91,1229.628076,34.95058162,51.434538
14,794,430.2623322,37.05600981,132.019981
14,739,320.8957553,54.50681788,244.1107239
14,204,321.9945508,45.49591649,328.1439339
15,1217,906.1380717,38.40853504,60.69751129
15,764,518.9610531,61.41164059,170.8757846
15,610,436.5838356,76.91886405,656.9547983
16,337,1119.4482,56.17749692,294.7115983
16,311,370.0824554,31.3911784,36.91374573
16,164,503.3719165,120.1198691,549.8491647
17,81,921.0410139,103.4750656,374.8558641
17,179,964.822029,146.0389624,1116.816652
18,221,1371.854501,78.13206812,141.8853223
18,66,447.9160573,322.851211,12623.78172
18,50,1933.671041,63.28940859,872.833103
19,66,643.6417399,67.40615952,216.1992732
19,460,1343.253385,166.048692,1094.205778
20,128,747.6592605,237.7263059,4720.351598
20,433,2558.887309,142.5816929,1799.026007
20,36,768.4620807,275.1077324,20345.16372
21,467,2397.625728,147.3179445,1221.796991
21,83,1877.861688,108.3964397,708.025966
21,458,1672.884115,125.2478956,4966.97467
22,1164,792.6168708,44.59122585,86.64864919
22,1655,941.1702069,62.21156885,154.5069821
23,1371,1304.912095,28.85245408,156.2597207
23,1367,297.9644774,35.02727847,77.04404346
23,1231,491.0600093,74.58194791,265.5024155
24,290,640.3378561,57.11519546,485.7193419
24,390,126.4330825,82.77797152,683.9043294
24,156,297.4541047,62.4211187,301.9079673
25,744,662.8173793,86.17484825,976.3564746
25,1022,477.2751353,116.8375312,1188.450144
26,713,744.8007551,46.25157209,119.7256083
26,1862,534.7262649,26.04797893,59.47099766
26,813,1087.243613,24.9631063,29.68630871
26,1301,344.9470654,70.69729992,406.3778578
27,1080,233.7971718,18.54815923,16.90436899
27,1817,414.1344437,11.57684951,5.798561056
27,1799,257.6165547,6.28891325,1.038248353
27,1696,120.2890328,18.12029074,5.387404351
28,44,177.9770438,49.78325578,118.2670332
28,333,47.47870099,99.98578131,226.415909
28,359,55.09816775,311.9775058,2338.186946
28,635,395.6032631,70.84080324,352.3227663
29,119,804.1917262,61.57723347,296.3287009
29,230,1712.154667,215.6390207,3653.298289
30,763,516.7491094,62.6789256,371.1210977
30,1060,531.5645307,20.39954765,8.444745698
30,457,598.1445228,83.55611113,559.2728097
30,564,1158.521852,46.47233802,62.54413303
31,655,471.5487556,35.30407527,64.05270736
31,484,419.311019,34.84919177,196.6153352
31,1127,439.4701222,59.20660046,196.8583871
32,64,248.4815623,56.90915246,135.4836044
32,337,198.6988912,58.04154607,181.969805
32,285,205.6812406,67.00928807,286.6868911
33,733,358.9538853,164.3144835,85.51410025
33,440,442.5338513,253.2593244,2217.72806
33,65,641.1616517,87.12079976,134.8340077
34,166,421.783258,27.65011615,62.75585335
34,152,1557.607396,132.7487435,943.7491755
34,82,2356.527401,62.52190172,526.6609596
34,194,3932.226913,61.67306443,2394.344842
35,751,633.6067313,507.9507316,23465.89402
35,51,824.5702416,245.6376946,9104.910342
36,68,221.4271661,254.8718811,2086.816994
36,52,618.1188471,309.141721,24869.90831
37,387,3962.074577,57.07332283,268.8123417
37,566,2352.605615,47.6846233,228.4135058
37,674,3705.554474,20.96903191,54.65664542
38,1212,2397.625728,41.55158005,19.8812735
38,908,3382.064279,31.11105129,112.2339641
38,803,3231.919547,81.04020248,1108.819558
39,595,347.1260675,77.15835071,773.9809259
39,315,476.5458367,246.1735823,2407.457609
39,825,290.8539716,38.80816141,24.67220713
40,412,870.2509514,79.34036661,234.8355953
40,390,289.0479444,66.48474064,235.5173443
40,156,525.6174909,78.95781559,129.7027426
41,87,1568.99986,38.25543376,89.66500928
41,143,468.6458284,27.58714204,157.3880357
41,833,534.061291,15.75050341,10.13679618
42,799,868.2777382,256.1965603,2130.181535
42,953,646.8891553,30.70181593,57.5824393
42,1112,713.2862675,26.99159789,41.84273063
43,1877,256.210622,28.40768407,130.1968655
43,643,211.7407755,33.01969529,27.53399651
43,1173,124.1066729,60.7968473,284.2090146
43,1727,848.9314547,35.86428218,66.48172045
44,202,289.5094766,52.93028417,508.8485781
44,572,230.317022,96.47381022,267.717346
45,269,369.6500203,47.10232447,27.35091342
45,715,429.010321,129.736969,423.7262015
45,1252,426.6043255,48.26046198,66.17245046
45,147,494.2698699,54.20682768,149.5051476
46,739,395.6032631,40.07228203,261.8019392
46,204,389.6542203,16.7866512,5.105820156
46,1046,766.0010004,13.88671202,1.337066964
46,1246,424.8850094,17.44492376,24.98894912
47,914,684.6502382,31.97025841,33.06248106
47,1026,1020.176889,46.34853691,41.89745259
47,1121,395.8115907,14.99209969,6.060139643
48,233,316.9564225,75.30124283,391.6862135
49,151,437.27896,152.5618413,3383.013949
49,81,260.2348094,96.86261608,215.3925256
50,325,229.5704148,55.48249039,787.5760816
51,52,205.4299773,98.9868562,310.3614852
51,67,280.7455374,473.8445808,5336.402048
53,665,113.8159393,269.2125622,19402.38758
53,449,922.6154733,21.68343378,51.81138691
54,300,1179.207157,141.3403313,1792.100004
54,223,949.7687465,25.5001791,65.46521233
54,1418,1042.151102,52.32699827,62.24036839
54,943,2157.007237,107.3437772,1092.132011
55,1111,447.9160573,51.8765707,288.6458005
55,1243,260.003546,35.26781031,67.81316432
55,881,2352.605615,23.07082506,10.13004568
56,198,1099.377533,47.57709003,153.3601807
56,170,5178.755161,42.4803879,48.20976671
57,861,4181.143453,18.01993886,14.24693008
57,897,3382.064279,80.58558011,232.6523407
57,1629,1099.377533,60.55390557,129.2721546
57,819,175.2258277,101.874892,373.7028422
58,1372,1387.754926,71.60195198,348.5060997
58,1665,174.577126,24.07647654,19.69380462
58,1473,878.2173475,60.76163978,372.498492
59,1038,681.411241,42.03579014,274.7722203
59,117,399.819279,46.31284979,178.1632866
59,472,215.9173046,29.9322112,52.95567375
60,464,217.6304248,142.0558653,1199.762247
60,599,364.468426,55.17471417,451.1192019
60,307,640.8767311,247.732863,14500.05844
61,256,587.8169162,162.7468197,1322.87219
62,190,1120.459658,36.29178679,154.2952613
62,344,63.4009281,26.72741253,25.17138262
116,62,1083.884355,30.78375337,89.79541724
63,362,280.3753136,55.20092957,203.3866946
63,1040,369.4097262,34.34578223,80.83502621
64,764,344.4107303,98.99940766,535.7948791
64,298,138.3653967,70.24858749,440.7038084
64,673,245.4249467,57.50153393,228.5077695
65,109,313.9204424,117.1106968,837.9628024
66,312,207.9239017,85.51360304,261.6865214
67,138,2896.260247,185.0462621,1749.589556
68,401,1233.652182,169.6009494,1044.209768
68,251,1072.394654,283.3144161,1804.37703
69,261,769.663418,20.80505013,7.882064861
69,391,274.1133533,107.6193547,2788.585311
69,476,266.2771936,85.91309943,199.6283404
70,1410,304.9521499,26.11539935,44.64410423
70,1673,224.0604964,71.42634772,269.9956303
70,1628,442.5338513,44.64167499,396.8051792
70,992,556.1092987,32.34922959,118.7976723
71,1423,506.0911374,32.22282611,47.98022006
71,1419,667.0150371,42.54281645,122.177165
71,1379,620.9053755,32.9224688,318.6024882
72,198,1557.607396,55.0684639,124.7815992
72,277,2179.281715,48.71653986,58.51463496
72,423,1933.671041,83.24601278,278.2166916
73,368,747.6592605,12.73233982,11.73281403
73,1172,680.9342629,32.10468224,60.99386502
74,1396,2847.913944,36.37209826,154.7200109
74,1874,5178.755161,39.4837164,102.8519265
74,102,2514.976447,73.98262883,759.4355465
75,778,3231.919547,115.667643,1209.830989
75,535,3561.461404,35.13256058,163.6359607
75,730,2556.670043,49.6783348,195.9764785
76,394,233.2483219,59.80768634,228.5446683
76,255,1044.207014,40.12167561,76.72621457
76,509,1103.828643,97.84200436,1737.669234
76,689,335.3540978,46.26141003,93.447535
77,282,217.7158719,118.4373656,192.1582381
77,395,433.0946594,204.8349052,7931.095758
77,910,543.3340304,138.1092949,2630.4638
78,1032,260.1592847,12.43341643,2.96453051
78,927,315.986651,12.42727254,21.35510517
78,474,171.0052479,24.60477474,20.9574768
79,1067,513.6855656,50.39142111,41.2577019
79,205,518.3521345,76.82737832,5311.838053
79,1268,686.2321224,54.25037337,182.8174623
79,740,66.08638951,65.15087581,693.0888492
80,324,155.8463457,57.44747896,158.9742543
80,136,490.4980126,122.6017238,2816.074023
81,123,269.7031656,132.7204956,425.4222053
82,96,270.7760379,113.8879577,272.653796
82,312,244.0320835,177.8657474,15458.65212
82,208,343.7264565,124.1069073,1267.947547
83,656,645.8292508,66.96687201,79.95879376
83,494,367.8425915,25.02223395,50.40370533
84,1487,333.8853966,60.27510022,543.5838682
84,1448,494.3112084,57.41184378,464.2547377
1442,84,403.8793365,24.67229391,34.78909805
84,803,1348.923914,51.83961538,136.4168484
85,1407,1662.937701,45.16204198,372.0776951
85,1021,2259.420999,40.13224648,132.9374695
85,1201,176.3622819,40.63188519,60.02830527
86,170,160.9066087,151.000103,1702.806857
86,212,299.4921877,46.50874379,390.0499959
86,329,698.8963881,79.45316813,522.6815011
86,316,464.4351601,152.0388477,510.6890852
87,356,402.5694056,46.44208386,176.0604282
87,973,883.1558153,22.2179186,19.55222938
87,213,987.1946311,58.48180682,249.5713963
88,1762,766.5512676,23.15778383,19.89893333
88,1190,964.822029,24.9815176,9.790112405
88,570,949.7687465,22.78032127,31.75692387
89,1453,1234.279989,76.81689315,277.1057726
89,404,633.6067313,43.71669015,122.5865098
89,1845,619.7093779,22.60264988,102.4633398
89,1003,711.2274612,31.77918111,105.5871243
90,500,1080.785337,42.49803682,134.9034939
90,527,792.6168708,64.94499805,102.7999175
91,321,214.3025008,53.56628881,125.1572575
91,308,269.0872958,61.54033068,664.6106517
92,878,363.9071631,15.5441009,2.796267867
92,283,520.1873761,48.76666592,201.577394
92,1180,418.6414886,63.80619944,156.9578894
92,510,209.2367022,55.30839245,131.0165962
93,664,366.3525489,20.84139584,72.77772626
93,271,364.7385995,31.61800199,31.28722837
93,574,1658.984337,54.10563596,56.96160423
93,1211,477.5222472,141.9465142,497.5599008
94,220,1769.885404,142.8913499,4345.417212
94,259,460.3875534,61.58582666,58.90938699
94,337,256.210622,51.3785378,320.7426853
94,311,443.8111945,62.26177327,107.2193537
95,123,232.8683491,102.4823332,489.5518411
95,207,174.7956832,428.631803,67917.10327
95,165,144.6887032,89.28362721,312.0637567
95,137,198.5438166,250.7410612,3332.390648
96,1020,214.3053235,69.85832127,417.3161574
96,273,224.9325864,99.80287238,654.0985694
96,152,124.055725,216.6486812,592.4549301
97,181,437.604509,31.6863015,73.13146701
97,741,104.1724733,41.1101283,24.84470907
98,1608,190.9052235,43.94768018,98.65506934
98,1013,280.2382615,46.59630304,189.462458
98,1478,272.1300849,42.76833668,257.9487742
98,1378,622.3122248,45.96562753,92.31655836
99,276,537.6519444,29.02898956,72.62903159
99,1237,250.6598557,51.3267372,180.7480521
99,923,284.4441927,25.70124822,11.65691064
100,427,297.4542591,45.17576627,260.1900911
100,211,346.78701,60.38916132,59.97307656
100,170,310.8469857,71.69300476,409.1852645
101,1043,859.1051817,58.48708463,384.8829479
101,413,120.950215,44.26225722,203.5151524
101,402,931.4646503,23.90228492,14.18442774
102,1536,1083.881004,116.0267119,822.5712379
102,1800,762.4217694,18.63321576,15.17975435
103,998,557.8703401,53.55797307,173.6529748
103,762,365.5265608,78.04379579,442.2578851
103,553,881.2258787,18.02849072,13.82655111
104,333,2127.548928,139.159471,450.8440058
104,599,827.6900126,108.2823192,233.175025
105,321,2267.452804,82.1708674,777.8231991
105,406,619.7093779,116.9056156,1485.219246
105,334,592.1145424,241.2492444,5050.998035
106,822,618.8615534,47.78136007,1412.316039
106,715,304.8576438,125.4476267,3621.083531
106,546,138.1830066,130.1713392,1685.024896
107,1193,200.9250985,20.09345615,50.76514743
107,1096,268.7515305,17.45202502,13.50718484
108,233,290.3158797,15.55120853,30.46626625
108,1217,238.0516,49.99025365,195.0612582
108,220,301.3132414,58.32946686,357.1624232
109,179,254.7836353,48.08776716,41.53095267
109,193,372.02162,204.380507,1124.221434
110,194,234.1682854,72.46069157,883.3942536
110,208,963.8123125,105.5321091,2896.854481
110,221,670.6359917,86.23750999,2811.777702
111,709,495.6572492,21.21859792,29.03602917
111,125,230.078411,45.13902368,93.62615705
111,339,325.53111,58.29707382,230.3641901
111,1299,370.3952835,61.01052551,184.7732861
112,1870,490.4980126,41.27539139,401.5969055
112,734,812.2037884,30.48572524,33.12384939
112,1097,75.3913012,27.07583406,133.663565
113,1280,161.9954584,20.20145959,17.32841254
113,727,324.4906359,62.50953105,556.1379126
113,1335,383.5315126,26.46345103,40.58231421
114,412,1058.0009,63.83755861,132.3900258
114,225,804.0456248,72.55800302,208.785589
115,776,549.5478994,63.72233627,272.9154607
115,720,1085.589741,65.13198171,444.4532468
115,641,919.8431229,46.17140359,128.8678537
115,695,1640.565362,54.14813234,105.1569173
200,116,1866.193322,45.4565634,205.1032127
117,1203,372.5739333,32.70408107,89.14944038
117,1612,67.67788705,19.37918218,11.23443139
118,1017,88.70577189,159.9750035,621.537818
118,1107,534.7818544,18.36596947,3.620234671
118,473,107.0088861,24.6184028,60.5083043
118,294,473.6901755,162.7158691,2450.228628
119,189,2179.281715,30.52408393,133.1768304
119,372,775.7273466,38.66498784,237.5155946
119,175,3154.6432,150.1970428,2045.754336
763,120,565.2138329,63.23935303,407.1798318
120,564,540.5774824,39.90582741,30.19126682
120,906,397.2930404,39.67996116,34.72030537
120,588,382.8435085,46.08319025,236.5397021
121,740,426.6868549,69.66698005,145.9253893
121,1075,294.8788977,86.37637047,373.0558219
122,178,1033.325213,49.46222666,71.00150508
122,220,97.02682425,112.9518411,907.058871
122,259,169.5263733,103.9342654,697.310282
123,151,377.2787873,120.6460313,1651.047114
124,166,379.1506685,137.1937679,815.1198096
124,194,170.884252,139.0184649,1477.739415
124,338,175.0677146,236.5950743,1272.388171
125,638,541.0916099,35.47209566,97.1334188
125,1242,491.9788734,33.83050433,214.3604128
125,887,304.3038699,29.05295111,146.7418497
126,585,399.5874423,74.62990302,499.2555673
126,1230,440.0064418,76.73429559,380.6718673
126,1386,514.6940253,30.59413095,35.64731171
126,377,223.2688421,36.54306849,112.0583738
127,400,245.4249467,68.46429712,253.402955
127,853,146.9511223,80.58118792,513.4186842
127,1363,93.60051923,64.44677046,350.79826
127,759,1343.962194,64.50886365,147.7166372
128,1300,389.1891435,149.7853768,1606.103749
128,316,1360.418285,181.8520463,8822.30245
129,1029,205.9431244,34.85070413,237.8315748
129,253,598.1445228,29.78817228,98.57081161
129,587,1152.580029,22.44501898,25.13573984
130,745,245.8542348,26.63572497,25.63203896
130,1261,276.4329203,42.01278158,153.0886708
130,444,444.6381518,17.45003508,176.6081478
131,1630,290.5469425,22.94418744,147.0738917
131,1813,472.1494252,54.03252151,163.5214879
1761,131,689.9948448,30.99629948,64.20125749
131,1282,860.6192695,34.53878991,21.52645377
132,563,530.9788349,35.92491947,59.42982014
132,590,1122.026642,119.6198503,1095.25627
132,536,1158.153395,57.22140643,153.0839341
133,334,1234.279989,48.3360436,101.0896385
133,704,881.2258787,52.01134976,114.0014589
133,659,1007.20024,48.9408381,179.1074265
134,1156,749.885223,45.90814848,439.4186133
134,519,702.2276992,63.43242536,367.6422293
134,1088,1592.572846,40.57924164,48.29947302
135,772,382.8435085,80.04098312,660.5934745
135,574,290.5871016,44.42942898,242.006354
135,619,239.0985736,35.77434539,561.9223643
135,970,312.9263622,57.2260841,314.3081774
136,246,260.3460928,557.9877072,23524.97328
136,590,359.9913936,106.2697712,171.2100709
137,260,502.0930578,386.8417536,40571.6145
137,286,271.3491026,180.3875713,681.6735951
137,193,352.9318802,223.9067541,1166.00458
138,193,421.0464061,378.1373856,16316.1136
138,325,315.5116221,238.6279904,23272.40562
139,235,296.8924869,82.43132074,332.1617375
139,467,1538.935186,105.7593237,638.5485546
139,248,1877.861688,28.3472371,10.71249177
140,726,1561.121132,15.27137618,20.209885
1601,140,1710.720489,33.312061,91.92118436
140,1613,183.0300287,55.0733668,199.0970032
141,735,151.6410718,30.76286334,54.38527061
141,1070,237.0402654,28.64545239,80.65337022
142,277,152.5390573,72.80208675,670.0417504
142,303,424.3351096,66.91848265,181.9284943
142,290,224.5953135,99.66276628,161.2218101
143,973,328.3305018,52.64261865,155.4977219
143,605,192.0974179,62.28238814,421.0678594
143,791,254.1594452,38.56109578,120.5974048
144,1256,604.9681706,25.52056033,40.42188587
144,1106,321.2386193,38.13776041,127.6663281
144,1750,934.5742395,31.66489935,29.96429762
145,1785,416.8350472,68.63013536,715.2334093
145,1312,332.3477681,19.80191763,19.05996774
145,1684,512.3599603,43.51862612,1038.840743
146,350,509.2293938,19.94072293,45.12137766
146,320,354.8405378,26.51406318,17.30593993
146,662,397.789706,28.57040195,23.38425805
147,1252,542.0671848,59.84735542,267.5557309
147,347,335.5366158,95.55777765,1548.466666
148,296,807.9075937,28.77299986,48.32246552
600,148,424.2016114,34.98969815,64.36520247
148,385,987.1946311,44.88271819,133.9248126
149,885,2267.648197,31.41428296,319.3887868
149,1033,1197.465221,146.4624366,1121.865376
149,928,2127.548928,31.16991455,203.4286866
149,655,2179.590363,28.17695617,70.60658766
150,192,2345.110412,203.7615465,288.9486407
150,671,2095.434059,279.9902017,763.9528833
150,644,2514.976447,201.2518278,3960.927182
151,440,6002.490796,165.7347805,766.4431245
151,512,2766.271694,103.9944929,669.0985542
152,1679,450.5765588,57.10504006,328.4447558
153,430,202.4215131,59.95471132,109.9363051
153,261,1051.848713,26.34952579,6.784909879
153,195,82.58190296,36.37367676,81.97166071
154,887,316.3795714,21.34871791,21.74020479
154,873,148.7778925,44.73686227,196.2982775
154,866,185.3524974,63.60271073,337.8571059
155,1819,707.9021962,58.78974588,493.4764164
155,1014,979.1256531,29.52369207,31.25752826
156,251,675.9550383,124.9738762,360.9572971
157,973,211.7407755,15.34246171,15.77045377
157,847,386.9552079,27.71265303,29.24336434
157,1050,310.3407247,26.03021605,12.38311135
158,1744,245.578267,66.62361112,341.797958
158,1301,247.334841,39.33901682,106.5044229
158,1742,229.3955227,59.67801116,367.5186381
158,1710,254.2968848,26.8431039,55.01687624
159,1552,169.2628635,32.90030673,60.97508527
159,1753,324.7243547,40.56283327,74.62516341
159,1197,461.8731119,45.63648405,296.818304
159,1233,171.7090782,37.83946382,92.76374296
160,216,192.2927303,20.64233909,4.208073889
160,581,203.1393862,39.01393351,152.5015069
161,203,424.8850094,180.0963857,1190.201473
161,282,811.0468057,58.10838842,272.4349844
162,1126,517.6338569,41.62951116,101.2314044
162,1156,169.605448,40.8814587,126.1341054
162,1088,286.0144809,51.68686526,453.0617627
162,636,207.7138149,40.05027533,48.05271038
163,780,287.5102115,14.0610576,5.270761034
163,1175,304.7306833,59.78383807,442.8545023
163,1273,1429.612616,35.36389595,103.2903164
164,285,3785.284771,19.85416379,33.61439345
164,429,3630.189347,20.19109664,6.95783608
164,246,5555.625992,53.69930401,39.79081247
165,179,1042.151102,105.0620509,724.259982
166,247,1007.20024,318.5132441,27613.30595
167,765,1686.876154,88.15344284,495.9807263
167,575,1212.751048,92.35796484,387.9509429
167,355,824.5702416,259.5848721,8931.250985
168,314,592.1145424,32.13905373,47.20059822
168,236,648.108398,25.6999942,39.69631473
168,1164,498.4011262,58.72073537,176.5785695
169,667,456.4763158,46.55052056,188.1700307
169,666,758.9915608,60.60793082,465.2099938
169,1028,590.2740786,32.10932017,103.3477375
170,379,335.3455183,119.5667946,961.8706752
171,226,217.7945999,19.69181397,199.383476
171,1172,250.1177755,71.67689361,256.2409888
171,470,282.5648445,15.86870719,2.491225706
172,1889,662.8173793,75.22128551,370.6861264
172,1461,868.2777382,58.7119146,237.0725224
172,1455,1488.209222,48.27092849,123.6036366
173,1739,247.6028455,12.40956136,3.170184831
173,1492,124.9885857,82.8176311,260.3511758
173,1857,264.9908061,20.22622552,30.61927814
856,173,316.353673,57.62569075,162.5627577
174,371,209.9648436,55.21140488,158.8522502
174,563,440.7880496,47.59085773,137.4179584
174,554,461.0406423,41.74716538,66.51470691
175,395,194.8399982,26.36852652,86.16969382
175,230,192.3210884,71.97092272,510.2439147
175,533,192.5446616,135.9738605,523.8187677
176,335,359.6266167,79.67520203,627.6396291
176,474,187.5999976,43.26600601,195.9387092
176,1150,293.6547713,22.29244802,22.08868022
176,976,2332.882465,37.65198348,140.5556093
177,1241,607.8317277,37.34439467,121.6821249
177,1145,421.055211,26.60168446,17.95032603
177,1293,404.8263078,65.52898819,490.0049229
178,375,383.5351888,151.7571215,1128.790435
178,233,355.3244599,78.1017467,105.847811
180,351,119.0059977,125.9135193,2355.956809
180,247,465.079489,56.97264866,660.9352929
180,260,199.1673978,164.839268,3803.395936
181,757,1119.4482,122.7168191,912.6044016
182,1535,607.0437569,44.8777751,308.7493468
182,1269,237.384053,91.84257517,1693.58037
182,262,222.4363981,77.20203621,1079.013582
183,1415,827.6900126,25.01797693,18.62861497
183,1070,1273.221246,175.1211931,3300.256113
183,902,221.4271661,50.44745126,99.33053603
184,423,749.885223,55.45161682,240.5756895
184,277,2158.517894,55.36885452,91.43726538
184,303,2239.113637,87.22419539,1556.120511
184,367,733.8491381,52.40323597,172.5854592
185,1043,880.2680957,71.14398893,527.5538221
185,760,202.805409,54.45496765,200.4842753
185,720,217.7093658,57.51667136,134.3449192
186,1404,362.6073537,73.67778582,247.5188072
186,1901,340.0459077,35.78997267,118.5569652
186,1491,461.8181134,38.20019832,54.61530521
187,1516,246.5623188,38.86498525,156.1075942
187,1711,640.8767311,44.10821963,77.72048491
187,1552,1658.984337,89.44971742,544.6966024
187,1753,963.8123125,38.9952497,94.48097763
188,491,1357.614927,55.30322441,58.71916855
188,202,218.5365629,177.6871778,2317.626512
188,653,319.6698727,15.51639567,10.90532856
188,359,422.1405494,66.46220299,226.7066689
189,417,349.507551,6.974989825,3.334173854
189,395,401.2949579,141.310385,1029.894703
190,1074,568.33417,37.31743429,30.53997972
190,1004,551.763024,44.43821213,127.8799492
190,200,122.5245309,29.85412395,33.58529954
191,1040,70.09905097,73.71733578,382.4124112
191,362,391.1443351,21.11796125,10.9013616
191,865,234.484803,64.37827208,531.009011
191,1328,350.2268409,31.19645081,128.4423513
192,375,1152.580029,187.8399387,5296.323841
192,324,612.8852385,157.5064937,1233.043943
195,765,230.0838524,87.59235032,496.9269862
195,575,1023.613396,92.71380428,1013.794866
195,584,447.1794015,51.6213601,409.7198336
196,1682,344.1873759,20.91782273,95.44876896
196,1580,280.4339864,14.21073853,10.6760768
197,951,149.8594526,27.14689866,28.67559511
197,1423,99.16646842,16.38508727,12.48537578
197,1415,153.1367922,63.28444897,242.2135158
198,464,311.8275242,60.38851491,12.20634744
198,238,530.9788349,29.46596757,3.747048602
199,752,1027.36922,159.2364595,3143.762306
199,868,1622.907788,142.2663151,2535.546167
199,720,1371.854501,60.02755088,160.0670661
199,776,775.7273466,52.37882645,167.7775442
200,1081,1273.221246,36.76810932,22.00837062
200,552,429.7601915,47.15155387,125.830462
201,454,1423.545352,65.56439266,168.4452397
201,1853,660.0908925,68.93585094,352.2367018
201,1713,138.1830066,87.93079105,517.2275393
201,1073,517.3137746,71.02488771,135.9906544
202,644,668.0956507,264.8543168,873.5728154
203,256,512.3204759,48.34292388,42.54193569
203,295,191.6409795,16.68691461,18.98021204
204,1204,435.7195761,22.04736721,68.18675885
204,857,708.1282195,84.08661478,473.5307117
205,747,346.8276777,19.94482509,5.952076433
205,1268,638.6214367,25.73363272,2.890216163
206,529,700.0652288,178.8576751,291.7476038
206,375,522.8182633,74.32909653,825.6167726
207,512,520.6009924,191.9275858,3018.770678
207,1703,525.6727881,124.132576,2056.032595
209,476,484.2725668,51.43111345,125.5571978
209,701,531.3212946,83.87930451,79.37990525
209,420,352.9601232,114.7924498,1143.922561
210,1414,252.2814082,12.95835145,11.32105252
210,1207,219.2840124,28.37747963,63.95234671
210,1481,169.1415537,123.7346652,1699.249229
211,1056,356.833513,88.18718838,516.7451654
212,238,193.4954925,21.98759139,6.321873088
213,596,186.6504078,29.20787516,19.40361726
213,1001,1642.392969,16.9388968,7.577651719
214,344,745.0250747,108.5719695,953.7669201
214,1443,1099.55667,20.40805966,28.28943231
214,1668,183.7408367,29.96135752,50.03606812
215,1839,245.8542348,31.52405681,62.22845069
215,1031,1151.644154,28.02351927,11.69670094
215,1875,56.12003488,80.08278659,294.4390899
216,518,274.1133533,29.25781234,28.63600476
217,243,251.8647729,154.2417377,1176.564529
217,269,290.8412154,73.33652107,1199.148783
217,347,475.2483778,33.49657869,41.94835195
218,373,199.749515,40.34882065,57.62426711
218,822,559.1429178,50.86210494,280.0725115
218,1180,296.0129091,85.3782791,704.3327057
219,564,259.4707753,80.15414425,954.1468406
219,457,3785.284771,56.4071327,182.56293
219,998,2139.601077,40.62858101,31.11426176
219,1823,2011.063681,110.7644927,1106.98247
220,363,3154.6432,52.47608362,245.1038583
221,325,2179.590363,43.84614601,50.82874421
222,725,6002.490796,44.66441187,58.78133093
222,274,618.1188471,46.72556849,212.6596899
222,398,565.2138329,40.357107,120.9685948
222,485,702.2276992,42.66486631,138.3314577
223,567,498.4011262,35.04418762,43.54084243
223,1339,757.4978528,45.62727524,58.85991659
224,1014,528.5533142,23.32931759,28.93857525
224,874,784.7516748,17.29479001,3.726738337
225,329,124.7648613,34.18856601,29.8811222
225,264,107.4526092,156.3060317,4638.468989
226,402,191.0314798,20.9628814,38.61007894
226,903,227.001576,56.57637732,463.9072043
226,1623,580.2083918,47.3306281,597.6524228
1464,227,148.8402194,28.6653744,23.07442611
227,1044,587.8169162,15.14687529,5.404114814
227,1322,513.6855656,27.96494177,48.21075976
228,1609,680.5687301,80.42709112,522.7859932
228,807,1400.008339,30.11594787,77.90551503
228,1277,496.3083944,38.48703141,65.02688643
228,1185,1387.613862,48.2168375,307.6547373
229,1450,463.9731336,95.80276172,1656.996568
229,509,1083.740058,10.92037081,9.603655932
230,868,276.7374659,114.2870791,578.1901506
230,752,251.8647729,150.6341917,807.5862394
231,871,496.9132974,29.44774443,170.6155706
231,934,175.3875019,32.43422241,116.8081135
231,418,455.1286603,32.44207369,76.62117528
231,969,412.7881835,70.04905856,491.747643
232,1283,482.9838012,77.19999553,389.8793716
232,1145,423.7185614,51.88190472,73.91785092
232,1005,389.6542203,49.90577261,136.5044088
234,299,1642.392969,103.944028,393.4081924
235,521,3113.028242,70.70533464,223.5269868
236,684,2332.882465,93.2921897,317.2310523
236,1508,868.4444444,35.09975081,75.31473303
236,1116,219.7030029,61.62754422,262.8523987
237,1320,430.2623322,30.13325516,43.14197836
237,1105,316.9564225,82.14721006,214.4487271
237,1290,528.6883345,25.77834181,44.72507452
238,423,376.4096772,56.62293624,105.3099512
239,712,698.8963881,30.55780874,33.68432482
239,1092,334.8063591,63.7071982,141.9609484
239,966,665.3374352,39.2961802,331.6324907
240,737,1238.700369,55.39989454,152.1714096
240,1596,1397.328501,100.8549194,515.931136
240,1852,4023.798886,45.62654015,195.3820804
240,785,2267.452804,108.3709874,973.5823555
241,1765,1980.528202,39.89704043,90.79004761
241,1417,1375.671187,18.33320457,37.71660283
241,1143,711.2274612,40.20378042,149.2985051
241,1867,540.5774824,127.3056968,1839.27233
242,294,1223.809673,60.43484282,481.4573672
242,482,814.1403013,47.93779647,177.6477342
242,626,341.2004052,80.1692865,240.2389459
243,1039,207.4071355,301.8538367,10764.7375
243,282,64.18869342,117.4176325,3010.502599
244,864,520.8336374,51.05035302,73.44285694
244,348,670.6359917,36.21798748,119.3248015
244,794,454.8005442,53.022288,169.0081888
244,739,524.5509497,40.82254058,124.3489118
245,511,477.5222472,166.1501022,3263.537408
245,1199,501.210367,112.7060533,1774.877435
245,1133,443.8111945,138.3479358,3647.563475
246,268,516.574677,77.67793042,97.15542274
247,576,257.5711587,50.8255171,90.28408625
247,810,721.2610681,30.82138938,75.53973365
248,313,172.0416514,20.91049566,35.2693615
248,376,335.9269365,18.7542497,3.185240958
249,1076,305.1985315,21.59674897,28.72024579
249,880,360.4129294,18.96171683,30.47889424
1625,249,802.9901462,71.10811266,1054.897166
250,860,278.1529173,43.71404228,67.51571212
250,411,187.5999976,64.13988518,226.7459084
250,1310,333.2326205,69.30529568,182.6666077
251,307,937.9812508,212.5601773,5723.418024
252,317,772.4463271,52.04438288,227.0248225
252,470,202.2574813,25.36484573,5.026076935
252,1015,700.2356892,34.93119557,25.16163753
252,497,532.126541,43.93711764,191.1893373
253,876,770.4082018,28.49731426,48.78689501
253,1392,426.2283593,37.20444199,73.88657292
254,858,450.4908351,18.41597643,20.73809731
254,481,493.2938712,17.61063411,25.83494505
254,1717,533.8246763,65.3526671,726.3899809
255,268,1083.881004,16.54375376,1.634662003
255,680,534.7818544,28.45879636,16.28414774
255,545,1122.026642,17.01228562,1.574372866
256,822,379.5489489,893.4099412,360437.1356
257,836,643.6417399,48.87348643,1120.214248
257,962,397.2930404,64.23642287,589.5916243
257,1053,827.3383628,13.24211483,10.71276837
258,1103,414.8102379,30.81757247,79.71310346
258,646,455.0693512,33.47750748,52.85479684
258,1247,304.8027503,52.89608257,76.43762818
259,324,325.9436551,53.76847975,896.0464239
260,338,174.577126,405.2885729,17774.37025
261,503,361.2344827,57.75568357,331.306519
262,817,363.9178076,48.11754094,145.0215184
262,1426,150.4000447,39.52422386,333.2975723
262,1643,138.2294114,56.17733898,722.8706938
263,874,541.0916099,74.33683446,397.4248765
263,685,977.0657105,30.49796626,31.38495072
264,401,375.5020468,107.0962443,1551.265564
264,433,218.5365629,258.5186038,6372.741174
265,1064,336.4806058,27.86284169,34.60932925
265,391,333.3095775,46.1029552,246.5408256
265,551,449.8409031,100.923635,615.957261
266,1443,55.16065751,51.99280921,149.4898241
266,507,171.0089466,56.15493079,255.6428898
266,1093,185.4251035,94.71643067,743.4144704
266,1372,238.6672197,102.018522,527.6388006
267,954,213.3143218,22.55382729,43.29573553
267,1837,315.4688993,38.19701163,66.40970559
267,652,78.25206767,40.68334939,28.33907111
268,394,228.6861484,31.33580081,321.3500887
269,715,1158.521852,98.42373421,299.9297601
270,707,612.8852385,38.17908132,44.72730269
270,1156,1040.590722,53.05921169,358.8616933
270,1126,1155.872922,32.57465855,18.09643006
270,618,320.892888,155.8984772,2753.676094
271,879,315.2514771,38.56412308,94.19713498
271,565,244.7618757,30.74764406,55.09526248
271,1258,628.9813301,88.06840085,851.1585696
272,977,273.2214511,22.18473298,83.58403788
272,320,230.558335,45.29386153,306.3713567
273,1472,333.3012712,45.48241351,254.032785
274,364,922.6154733,21.61836925,9.317315662
274,717,107.0088861,38.96882576,171.8612116
274,709,1027.36922,16.62289844,2.683126326
275,1526,346.3613104,32.82063609,538.0524015
275,594,450.5765588,29.57425699,194.9744603
275,936,409.608127,103.4805778,563.3697888
276,1201,202.805409,50.22940293,102.2808319
276,541,583.5540994,22.5013111,33.79198785
276,1350,371.1478525,49.48738797,36.05171273
278,1029,288.2871533,29.30344333,62.04404871
278,768,432.8385295,26.23673923,22.78596032
278,847,186.1432985,44.10924142,178.1014385
278,1050,161.5078242,30.81753653,90.62749611
279,1842,680.5687301,90.60826664,452.6724634
279,1569,501.210367,31.25551789,207.1871907
279,1573,520.3990842,100.1190954,594.8174147
279,1266,261.5002682,22.01538698,61.09412137
280,1582,225.2335121,19.43851086,21.25373653
280,1080,370.7351602,16.58331854,6.084862182
1549,280,349.1738293,44.31981039,214.87962
281,346,702.4554958,58.56940593,67.49943498
281,608,417.3778846,71.08454065,277.7253845
282,417,264.9215759,96.88772482,259.1914094
283,618,212.2909486,35.54363656,237.9304204
283,1025,136.0172764,116.0205007,1193.687122
284,1115,170.7145316,29.81109977,45.23506416
284,601,457.9463294,36.37915103,200.0104238
284,448,363.779557,30.6221276,56.59998974
285,673,351.6685067,46.67394052,60.2717045
286,338,608.2677526,254.4473516,3585.145642
287,593,937.9812508,26.86314087,47.33980896
287,420,1988.594729,120.1419051,689.4254572
288,1207,2187.141314,33.1443444,143.7256732
288,789,323.7161354,47.33301697,134.2711912
288,1402,300.6409098,29.91194884,65.25501094
289,1177,345.9701209,29.55228387,54.47607323
289,442,556.4354364,63.23816377,311.1987188
289,1414,1047.798901,37.06579938,40.08577219
289,818,1283.383759,34.18692721,140.154426
290,303,908.4289056,90.42619797,753.2596963
291,959,2267.648197,30.40434526,52.52205118
291,773,607.0437569,29.02704989,45.76371774
291,352,1038.06779,51.16301362,160.0067379
292,1740,2158.517894,54.11009825,272.691927
292,1548,429.7601915,21.82741146,89.27515412
292,959,567.5876592,38.0322643,865.3685993
293,1648,195.793041,50.92186795,140.8955403
293,1627,202.4215131,98.8710769,755.6342523
293,1257,163.8661345,30.02147099,50.92110454
293,1332,140.8318461,55.84771617,317.7458582
294,1161,179.3469999,177.4189942,2851.359529
294,544,253.4618362,279.7905558,30006.95134
296,801,453.3683008,40.38253188,162.2524656
850,296,298.8760278,45.68151176,111.8828816
297,942,550.4416999,27.34793921,104.6437515
297,991,3561.461404,15.09214992,20.96494479
297,1263,1488.209222,71.66708074,1934.985318
298,363,3465.208353,97.82785466,992.0631257
298,337,331.0074648,46.35931766,576.790586
299,1550,500.6634181,125.5604471,642.19442
300,674,405.8030188,43.76634926,105.4317685
300,749,270.3514961,55.43408495,443.7814711
301,1607,183.0300287,26.33704018,31.84318361
301,1334,284.5999273,46.23548453,55.99424396
301,1463,194.4876167,38.23740535,95.31538657
302,442,117.555509,89.33515954,554.2204134
302,1411,172.3704069,70.03678889,509.7825378
302,1195,355.6431265,11.91849795,1.20073619
303,390,367.8425915,57.4971347,327.358775
304,452,350.3249317,65.46566425,517.1408861
304,1036,398.1009021,59.27101358,197.9684706
304,784,217.9900907,50.06503502,174.5953524
305,677,769.663418,69.12015416,431.5297812
305,1820,868.4444444,34.48553198,97.97749487
306,1504,4881.660576,33.52521492,102.5071567
306,1757,423.5456655,50.3380114,151.845264
306,1675,325.1001459,28.81739192,35.76971328
306,1841,161.6755741,61.23192789,327.918048
307,644,310.7959552,184.6686835,807.7233917
308,334,231.1258284,34.15281051,95.5673627
308,868,461.9462637,58.7892407,105.7546165
483,309,762.4217694,43.0725167,133.521238
309,815,1158.153395,102.8235123,2154.528401
309,492,454.2436686,37.75547839,133.6637996
309,672,2345.110412,38.11714678,115.518094
310,809,1423.545352,27.55332082,29.56619599
310,601,2237.323983,23.97392406,32.29836682
310,921,233.2483219,35.21815246,90.73146171
311,324,456.4763158,95.29250188,1040.721622
313,376,504.8516614,16.75092092,6.861036074
313,557,668.0956507,27.46636946,100.1092724
314,1254,251.0210505,46.24915275,357.0926479
314,1434,320.9529957,28.1932477,89.33972788
315,923,296.400922,37.03576718,173.943273
315,916,156.3704658,365.13855,25469.69092
315,1091,324.1581262,43.53877365,10.15915871
316,379,977.0657105,222.6694041,21045.91731
316,1042,875.792814,60.51364422,141.9735659
317,720,1161.652744,65.53286341,228.7516682
317,760,315.4313458,60.65742822,290.2674939
317,641,1151.232273,72.50954984,990.9792063
318,1527,192.2538579,4.112438831,0.310878354
318,1788,389.3282257,36.22374231,43.17677555
318,1408,507.6330713,24.79692022,33.95653002
319,1855,475.0766387,23.58996512,21.34491775
319,1437,217.4732705,22.20336293,14.12114777
319,1747,180.1292799,18.29150547,21.40683022
320,1781,100.8865184,25.28657621,33.77458376
321,347,334.0390916,91.39287288,462.6290316
321,360,1038.06779,140.2946107,2767.47576
322,892,350.3249317,26.78220636,22.56199816
322,1144,315.9036749,33.13663659,55.54349532
323,1235,684.6502382,54.42529112,131.9324398
323,1278,772.4463271,26.02799927,38.73035651
326,398,1012.898539,81.38297352,439.3377449
326,339,1314.719203,96.92584858,2447.376676
327,1502,642.1561865,34.44623604,71.96457619
327,1508,347.1650289,29.14594059,119.1569224
328,1604,396.3515444,121.4019101,497.8707524
328,1007,310.8469857,24.29859,88.70949354
329,342,362.7047848,29.71214135,14.96225611
330,1022,322.7140496,45.98956247,567.4040826
330,515,580.9071547,50.22174924,93.05371784
330,1036,200.3207229,36.96062815,274.3809868
331,1079,161.6990091,25.55528938,17.8775948
331,1436,618.8615534,69.85070543,308.0150288
331,443,288.4706731,41.10978526,154.5597062
331,1722,414.8102379,31.25939464,48.23195126
332,1692,337.3580849,56.14227714,296.628056
332,1397,299.3455262,29.59123977,62.2116127
332,918,394.3385761,31.37854016,60.2721753
1215,332,368.5087932,34.73205542,76.52421165
333,572,1281.228384,49.92035841,316.800281
334,931,176.5290593,39.95580526,33.06020256
335,1198,254.7836353,40.85872644,219.7423417
335,699,242.5409171,13.52705241,2.92621908
336,691,485.4980327,72.25526047,169.7578836
336,795,775.0086228,31.91814483,132.430833
339,485,518.3521345,35.32043515,49.10998253
340,1055,707.9021962,139.8973129,1933.191384
340,1442,638.6214367,16.53538047,22.93677204
340,803,231.2527297,56.50594447,1600.303211
340,1358,337.3277172,154.5614024,3901.022197
340,1679,243.8490966,48.25425479,75.58987712
341,972,248.8807678,30.18057391,73.86967787
341,1153,192.806527,81.01459664,1212.410109
342,412,229.5173671,48.72208518,53.73413926
343,605,430.6985869,22.98830797,32.05930618
343,798,489.2829804,43.14761659,159.9869643
343,875,162.8575248,24.26425769,32.68655774
344,645,211.5440323,78.51020374,460.5177336
344,696,546.975464,61.90669813,115.3546893
345,1465,525.8015631,42.02492537,87.7233019
345,1751,1348.923914,7.201768359,7.87588894
345,1441,607.8317277,35.78918811,62.28077034
346,635,1988.594729,99.53337799,352.3144015
347,384,958.8743236,52.34523982,205.432631
348,1138,250.6598557,54.62030697,313.3333162
348,1162,283.4620995,70.82205704,416.4291551
348,1102,835.4650817,42.27815364,252.7664965
349,795,241.5011285,21.31818525,24.42271902
349,949,192.1778845,41.52266112,99.43066789
349,1047,202.7696612,52.29761858,545.9503252
350,872,641.1616517,83.86796855,472.3752483
351,838,237.384053,59.6254927,581.3765566
352,717,443.4145726,26.34332527,27.73139051
353,1158,2095.434059,37.74021161,75.76693082
353,1637,1706.847673,42.85470361,79.10910176
353,1493,728.9290015,14.35109383,12.85523694
354,1183,216.9899549,19.94079477,20.15419549
354,422,335.6457943,26.35906101,8.683607136
355,623,191.0871895,231.4570231,7252.212162
355,733,205.3293807,54.33223808,55.39504802
356,994,458.6310303,36.26646629,112.549527
356,847,330.987834,41.84930908,105.3846849
357,1832,233.941464,39.94914802,160.0215723
357,1738,257.4093228,47.20036248,129.8545378
358,1239,477.2751353,101.0234274,193.7273277
358,1723,979.1256531,26.32906602,66.56693144
358,1657,682.0885166,15.19483908,24.55282295
358,1564,319.7622898,133.9212606,4926.377265
359,608,146.7225886,41.49020872,8.237941776
360,406,145.5642076,76.65069763,136.7399902
361,955,496.8374106,22.20694136,4.910280695
361,997,284.9899833,31.51919196,74.53470462
361,582,360.9340037,118.0148803,2653.152745
362,1333,142.7871993,24.20997883,36.66374309
362,1343,282.5114686,82.80100486,526.7759153
363,1217,381.3131091,71.02764006,775.3380008
363,764,380.0374362,73.67333035,489.9914858
364,551,1343.962194,19.08790502,67.06836209
364,725,363.779557,54.2600798,264.5682584
365,1438,1510.602443,46.68622616,195.994915
365,726,1106.600826,51.90049039,281.2743557
365,1673,219.7030029,57.65021568,224.208374
365,1613,169.605448,23.51123936,23.78056402
366,719,226.8000041,72.76009175,495.7499777
366,1411,585.4915921,57.23207015,238.0577373
366,400,300.9568503,83.98470027,1093.596068
367,390,401.5531654,84.88711669,307.8075144
367,412,556.1092987,87.05479417,612.5658976
368,987,406.9886269,32.19003618,81.22421828
369,1742,713.5162585,29.37020596,92.86399041
369,1578,346.3613104,75.22760694,368.6217096
369,1710,388.4872031,77.62629179,492.9059905
369,1698,878.2173475,36.93886904,94.70519321
370,1385,336.8025037,32.61433759,124.2913021
370,1660,465.5974047,28.07722301,47.90679515
370,1657,325.6817751,32.90298334,76.05700803
371,680,365.3021892,48.3881686,184.5338826
372,384,207.7215093,115.4609911,295.829329
372,417,327.3042833,26.11684402,13.02651316
373,707,52.53905504,87.73121555,763.6295822
373,878,332.2770811,27.70934156,55.04450862
374,942,675.9550383,39.55704912,149.9764781
374,1263,700.0652288,83.89557649,614.6815441
374,1313,682.0885166,24.55972569,25.80574611
376,584,517.555183,144.7834531,1569.546286
377,431,618.1668241,41.93081371,119.7585328
377,1454,342.7305492,38.70158193,332.6119293
378,853,629.8633935,59.10308335,207.7179138
378,1330,503.2303635,49.30621175,166.5216351
378,759,156.9191198,49.69234713,120.2805555
378,1350,185.0591174,59.7770015,448.8999372
380,488,194.3462435,32.63655211,62.12051387
380,515,357.4694262,30.44351616,48.3897939
381,1118,351.0184233,16.97454327,30.90366142
381,1647,2896.260247,36.06046414,161.3289052
381,1790,3465.208353,74.69110831,772.3115011
382,926,2663.702411,31.03510224,89.76656567
382,1838,622.3122248,49.60465957,101.3855865
382,1510,267.8195201,35.78268057,70.13215654
383,554,608.6966974,17.79295695,10.48613521
383,545,221.5471136,51.23906584,113.079575
383,536,239.0312783,47.16001184,352.729148
385,850,329.6185157,33.08904499,77.23666209
1885,385,112.7359856,54.06545623,567.1532595
386,691,205.5991006,100.7023864,2852.471747
386,397,270.0633943,42.16169944,142.6726615
387,593,370.0824554,75.12882309,562.6928606
387,692,557.8703401,32.63996415,73.53382981
388,1418,824.0333661,76.20936305,276.5282889
388,943,467.5522935,23.52262347,27.74642092
388,1703,680.9342629,41.31388008,154.5003339
389,1305,1080.785337,80.24883042,439.6616733
389,422,163.8661345,25.27919898,83.48707187
389,1320,132.3131901,25.59541328,9.714380717
391,614,178.2509221,22.66547807,13.22243787
391,430,217.7093658,89.39507997,544.71094
392,1446,351.3492495,49.7418688,162.1970173
392,1798,226.733857,19.29149685,19.5554074
393,730,1568.99986,42.24382579,227.0657835
393,1678,2310.763389,32.91089991,48.29414199
394,662,450.5954272,51.00326205,941.887177
394,446,673.4365235,117.3414012,2924.84356
396,997,1769.885404,80.74308634,702.2410383
396,801,1561.121132,49.15074453,213.7699679
396,582,1830.238566,51.25864799,158.557741
850,396,1018.022413,30.07369179,65.93443261
397,628,331.0074648,34.34837379,46.35582043
398,725,396.1457194,78.03942286,278.1039532
398,476,390.6763381,120.1036734,217.5357043
399,1580,507.5619775,36.46923044,50.20246832
399,1619,158.9866846,45.90382059,91.72054137
399,1140,23.19129935,19.37430882,141.3372274
399,1344,188.0676956,43.72580943,62.27727127
400,797,193.46244,40.14043985,132.6995301
400,1077,115.9255709,49.6526283,135.3704471
401,433,202.3707534,148.0752264,1706.312682
402,760,171.7090782,77.4410662,216.6410653
403,1051,200.3207229,14.39760811,16.32608464
403,1130,146.9547283,65.94928811,258.0005086
403,1891,537.6519444,26.09859852,38.98243588
404,1005,549.5478994,27.35236008,40.1368626
404,1293,982.7385679,96.10722242,464.6541204
404,1717,1014.781469,25.50175659,44.49978159
405,482,225.730256,69.31672552,693.6654983
405,500,215.9538968,58.0384714,357.837302
405,626,383.3429916,70.80049201,401.5366467
405,527,197.6261759,25.35919057,14.8200829
406,755,766.5512676,40.6051129,104.0755929
407,990,2139.601077,56.34279092,271.4790061
407,591,454.2436686,43.89907166,136.3084809
407,501,824.0333661,48.89521866,208.0722243
407,1120,260.003546,41.18159764,103.4585559
408,816,2766.271694,38.53737382,50.28336843
408,538,827.3383628,54.77972871,164.8364745
408,1163,802.9820999,52.14242155,87.46217779
409,620,693.9903655,23.5536966,11.99951637
410,1006,314.4173764,25.61534852,24.48552745
410,1083,231.9120538,48.97857292,274.7321529
410,766,89.3986355,21.03502042,20.61683363
411,1165,543.1076246,33.01577548,29.41369357
411,993,460.3875534,34.75938438,54.19060703
413,659,375.5020468,64.9456202,559.7358888
413,704,282.9827895,38.42190566,92.58992493
413,903,346.0714532,93.79841227,679.9258016
414,1560,424.4185627,26.62757057,19.905297
414,1524,330.3942817,74.81641634,649.3024676
414,932,378.5234856,26.92451503,63.16389674
415,863,171.4634801,40.56013653,163.2997911
415,571,468.9801651,43.68946082,246.4042214
415,535,220.9956852,95.36362372,685.2234085
416,509,170.4962728,20.28592644,3.1042456
416,1835,311.7984745,39.0074813,306.18608
416,617,337.7397836,18.24095177,3.77215438
418,1210,804.1917262,58.05522732,67.17657018
418,779,1058.0009,32.97414628,111.2073484
419,1139,278.1866081,8.204277789,4.367973579
419,802,1085.589741,16.62223132,4.332182622
419,772,416.8350472,62.0826814,134.9426868
420,692,267.8195201,31.145513,93.45436521
421,531,322.7339702,24.47568052,132.5565834
421,1517,447.1794015,31.75977524,16.54489193
421,1499,238.0226222,40.75608053,195.0226861
421,1034,247.8195303,37.21924881,78.72190994
422,1431,839.622912,3.644018804,1.049236174
422,523,238.0243358,42.28193614,99.46490065
424,910,503.3719165,38.5934604,15.52647751
424,1071,421.783258,287.7501886,33136.14981
424,623,365.5265608,162.6047543,133.9877295
425,1766,406.9886269,28.57632842,32.18388422
425,588,1592.572846,50.06581194,213.5028711
425,1563,2237.323983,74.0321057,587.7072691
425,1166,1706.847673,70.53901368,197.3913832
426,1823,426.6868549,93.79220702,583.9900105
426,1792,802.9820999,36.06331019,63.47758411
427,1875,304.1389632,47.7747964,176.3004598
427,1056,335.8573166,95.14725102,849.203703
428,537,730.4668847,45.96078856,424.3806521
428,1108,847.3250267,40.74401654,51.12053023
428,864,255.9334246,58.07274822,152.1430547
428,948,390.3773495,33.28595252,40.72042645
429,716,223.728578,105.7505601,302.8934022
429,872,626.8812743,33.09227066,99.05606878
430,765,674.1569701,79.54041829,698.8328295
431,1386,282.9827895,44.54660199,173.1929238
431,831,512.1666139,40.44656209,147.7728767
431,459,147.2319748,36.37749071,48.77601151
432,832,270.0882232,23.51260964,90.48352705
432,1117,223.2747683,31.10899909,97.906663
434,1071,266.2771936,243.209144,3692.992018
434,812,721.2610681,57.936559,266.8598638
434,650,668.6110217,75.98948978,796.1359365
434,805,576.3072459,74.73643928,219.6751575
435,1736,144.1296845,37.95048944,47.33433516
435,1677,272.1220643,46.94723827,119.5612147
435,1828,28.74746286,20.36909981,15.88039299
436,1307,546.975464,18.94596554,9.180961536
436,1809,1025.033509,48.55909785,122.0814045
436,1773,811.0468057,45.04638386,230.5149522
437,545,202.2574813,44.82802451,83.69470643
437,455,982.7385679,26.5173102,27.37584175
437,671,377.5490226,19.844647,24.78481129
438,1240,323.7161354,37.17537054,780.3374154
438,465,360.4435431,27.27676428,70.82870814
438,1011,564.5887476,20.46187931,8.709314098
439,830,683.9834798,101.6397331,2116.777746
439,837,107.9411169,18.63161186,46.44713086
439,1011,351.5193312,37.78191257,53.63273309
440,458,351.9052814,166.6444165,1608.369684
441,1484,192.2927303,56.10291238,206.274833
441,964,647.0811089,44.90062129,268.9082432
441,1514,660.0908925,37.46024034,105.8262924
441,1523,296.1770007,46.37862737,145.0625087
442,1084,319.7622898,16.25343919,25.37500246
443,1050,161.5027547,19.42039013,6.308996274
443,605,331.0817861,30.59895811,112.3520522
444,1572,113.9476218,25.17376853,59.96622535
444,1800,194.4176342,62.11658031,322.3666305
444,1065,458.9497758,28.34839544,95.85927824
445,1705,345.7876087,34.58282451,34.24122733
445,1504,2239.113637,35.22869891,123.6779526
445,1272,2283.836889,29.31154984,62.48618123
445,1675,1276.518468,29.4640008,33.71090147
446,1663,232.8683491,22.20125257,11.88060424
446,1450,212.4484364,18.23526405,5.129684709
447,1114,259.2004389,21.94009081,68.2761881
447,1168,221.5894798,95.8800223,6729.477989
447,699,228.971762,22.98268303,51.1564503
447,836,441.5596409,139.4887713,718.7172873
447,555,605.6576391,68.98295807,26.41745404
448,1026,61.01116025,23.84652581,64.27089038
448,1288,184.5621388,27.02720933,53.01618933
448,1223,1712.154667,22.05306224,12.22997751
449,629,745.0250747,242.5297356,11403.40802
449,512,928.6178001,35.9222223,48.64743067
450,1445,1014.781469,33.0899674,135.602446
450,758,568.6881187,33.85495484,147.0496521
450,1218,652.6608608,50.38132308,111.0242211
451,1407,212.4766895,31.5064831,96.77564283
451,1265,205.6968116,18.9754714,9.765181766
451,1021,304.9521499,59.91556315,191.4808062
452,854,199.749515,40.33532446,126.5427527
452,542,211.6694912,41.54351878,129.2599216
453,705,556.9343313,23.66114206,84.77283998
453,1726,379.5489489,71.64710807,338.1316381
453,995,713.5162585,17.85930063,8.371499151
454,1389,510.7314006,35.39265042,73.13167334
454,1373,509.629512,57.26417762,244.4773739
454,1534,337.3580849,76.42897335,153.7485717
455,536,227.3259256,21.1730157,45.66508753
456,941,405.9290698,100.6438826,656.6954208
456,555,300.925423,53.22564779,43.36743966
456,1732,250.4579211,139.151753,1595.150796
456,799,179.8530481,224.2115382,3803.217959
457,1229,433.4806221,53.51615486,160.3856862
457,1061,467.922171,21.07132531,18.05627133
458,781,306.0426804,183.7977946,1526.597965
458,665,309.2799252,124.2752045,1917.421331
459,1454,521.0576293,36.84571289,80.28370047
459,1541,522.8182633,33.96191281,50.54338296
460,1153,699.7236653,72.94812998,1091.828637
460,1335,626.8900077,131.803212,710.6929831
460,468,66.08638951,140.9874654,4843.240165
461,1641,176.7870752,128.3362915,1001.886618
461,669,359.0957098,40.08374947,66.59503186
462,1118,252.5996352,58.61119649,547.2068272
462,1336,445.962037,69.19889819,125.5705169
462,1388,190.4208117,52.72551181,127.1112517
462,1296,232.05714,21.46870511,18.38543911
463,778,202.5600685,39.46825586,38.02922851
463,1805,147.6014535,53.19542576,165.3562228
463,730,391.1443351,54.57638324,519.0642556
463,877,338.6277925,46.66766557,91.23279233
464,698,276.4329203,75.94514231,561.483903
464,608,1036.890505,44.05325297,81.4719119
465,830,257.7163082,57.67567242,1046.414617
466,1241,700.2356892,35.16600221,30.11384026
466,700,1728.254341,16.90566008,15.44113938
467,476,496.9689526,26.78328321,6.654150073
468,1685,340.2725957,74.92663902,173.7400549
468,1700,478.3520148,33.10047933,32.75357924
469,1391,255.3599632,41.26210823,66.99388078
469,703,1622.907788,76.57316898,389.6837474
469,923,2011.063681,68.97963932,320.7553163
470,760,1397.328501,55.54141167,289.4990469
470,987,140.8318461,42.54499852,52.39281488
471,1891,132.3131901,61.55466023,446.2835897
471,1782,1013.258931,20.00106532,27.28653185
471,827,260.3460928,19.39027261,15.77927372
472,1669,250.9085722,54.03821106,50.93273891
472,1369,247.2161626,34.54572837,29.48410811
472,1561,309.2870407,54.14213482,98.93698595
473,617,412.5236789,43.6443139,532.5008594
473,518,310.5509927,19.88653251,3.355419361
474,1198,422.4853881,45.96685907,64.84379957
475,1096,1357.614927,62.26832089,223.6169229
475,724,1830.238566,26.1264777,15.90816846
475,1205,231.735123,11.94108521,7.179307515
477,1515,208.9813393,65.53573116,570.962169
477,1746,121.6308203,31.39845991,55.55632096
477,1408,345.1284077,63.99879792,1066.244248
477,922,417.2953069,48.93739035,275.1569764
477,513,273.1858841,104.9514344,1901.051427
478,979,254.0940805,37.11445444,135.5037799
478,1387,580.9478058,45.60034978,131.2988026
478,685,315.5945741,17.03648241,15.20703385
479,945,313.5298126,38.2850913,132.9569944
479,966,72.26269556,39.58633919,41.55992667
479,819,1229.628076,7.709932262,2.694573583
480,1778,377.5490226,39.4098744,127.9898708
660,480,1036.890505,13.03706704,23.28638284
1788,480,169.3920086,17.16437804,5.439319932
481,1047,377.3260739,28.82203747,64.44624982
481,1570,581.4989553,69.74663056,127.4378137
482,653,347.1260675,126.0719648,1318.244409
483,969,544.0247366,27.07164787,75.8189328
1144,483,212.9194736,31.63551758,91.16071523
483,1186,214.165958,30.2995815,34.9591736
484,928,706.9015351,19.60157611,5.792677387
484,963,290.389597,114.5716507,2754.366187
485,709,144.3885285,61.61262226,294.2158942
486,1274,464.2773981,47.51409388,188.223999
486,593,164.7646902,97.11570687,847.21441
487,1159,744.8007551,27.97893713,52.294798
487,1591,646.8891553,148.0761178,752.74738
487,1243,517.555183,17.77268791,5.736940136
487,916,699.7236653,71.38075456,530.2808467
488,596,1044.207014,50.32691094,132.4833085
488,1022,315.4313458,32.48649182,25.41421445
489,1706,999.998034,39.0283263,200.8725752
489,1009,212.1769259,101.1785296,917.3471802
489,1602,230.3455076,32.15511386,35.77660971
489,1016,128.4185079,21.46113935,27.40457075
490,1716,245.4629425,34.46523931,112.0958424
490,982,331.9189396,41.59754102,355.6653359
490,1257,333.8853966,5.556805262,0.670354349
491,671,315.9036749,84.96559448,2124.925993
491,581,554.456952,32.53776817,32.87695238
492,573,412.1781335,59.74873605,397.8576332
492,771,1662.937701,30.66480865,40.6911945
493,502,230.0838524,32.99353751,46.86872206
493,1089,1151.644154,70.71719257,459.6283903
493,748,314.2687725,73.24336496,354.4371854
494,530,390.9992642,122.0792007,8624.380207
494,665,534.2668117,107.0624138,1413.527847
495,1299,377.3260739,208.7961875,13546.24246
495,1279,235.3112937,50.18334588,345.2370022
495,1274,455.0693512,51.21937747,345.263457
495,1366,693.9903655,65.77918056,230.7451086
496,1402,1280.812706,39.59933455,138.787395
496,818,565.1937117,40.93821239,202.8227884
496,622,274.3328539,26.8227458,49.69358304
496,667,412.3358877,33.93411094,53.36239849
497,641,425.9140946,51.13120975,114.4486335
497,1092,494.4566028,35.931765,93.26351955
497,712,352.9318802,20.27872021,3.32741616
498,1786,467.922171,21.70339235,10.87214339
498,897,316.333154,10.42927649,6.80825437
498,861,285.5168819,112.702832,1587.131358
499,1825,2556.670043,46.78096597,66.05604511
499,835,875.792814,15.66608133,13.57968344
499,722,1124.238202,25.83388551,65.12875724
499,1737,230.078411,44.57519255,260.129409
501,627,336.4806058,27.94506746,149.4662386
501,885,524.0079589,85.73308675,205.2869003
502,547,75.31901328,131.5180669,1245.285755
502,1068,560.1996504,36.87557971,7.567454193
502,1139,135.7444148,33.54637521,204.4778401
503,602,224.9325864,43.16197391,48.36522818
504,1248,273.5937563,67.56973764,375.9578199
504,1194,488.0512947,49.91489237,265.5643289
504,1182,141.573317,70.52321445,622.0578734
505,759,562.8715458,18.81916641,4.65553101
505,694,259.5491809,43.24357137,101.9793841
506,826,204.8524914,48.85794273,421.936179
506,623,448.3341374,104.0858142,139.1184938
507,552,919.8431229,50.74318751,233.2750014
507,1214,568.6881187,4.267990638,0.19985109
508,1549,253.3709515,22.27709802,33.84048887
508,1094,393.0597599,58.15301172,204.8547896
508,1787,361.1545333,53.53668202,275.6738116
510,731,410.3207952,63.77351622,435.3187578
510,843,400.6480744,257.3158903,2999.369904
511,893,313.3206268,16.56253896,4.629875641
511,565,241.4176786,105.3104604,93.52903077
511,691,362.5421336,55.16966817,178.5483729
512,647,443.815225,136.897607,2237.522676
513,1236,149.2203639,46.23693299,73.92686708
513,1520,136.8058842,15.16793081,31.97664231
513,1457,114.9437404,23.7334436,31.93582905
514,1249,207.0063574,33.52871555,63.19093189
514,1270,453.3683008,33.693619,90.20332575
514,604,307.8154888,19.20008026,8.363699935
514,1098,290.8233659,47.80155745,51.6474788
515,1099,713.2862675,44.44121286,139.7820271
516,1860,491.9788734,60.89792351,377.8034125
516,1266,512.1666139,23.07150704,12.6019067
939,516,626.8900077,30.70367687,34.69905316
517,1791,325.53111,58.24328058,485.8073734
517,1003,507.8290308,35.73807462,80.57999885
517,562,327.1391113,33.14056613,319.7959378
517,1312,634.8676795,55.03600952,291.6240621
518,689,146.2787448,36.81781146,149.4002525
518,671,359.9021833,45.20169366,106.0170836
519,1132,145.9190187,45.79419203,220.447237
519,591,436.6127438,56.77114085,364.5574452
519,990,238.1140514,43.71357863,241.7711574
520,851,228.7977051,144.3411803,1561.216832
520,547,255.2407113,101.0465027,681.2630287
520,756,185.8841351,188.8545269,1273.041342
520,942,313.6144504,166.3749635,1783.131835
521,602,56.12003488,73.76599543,426.9050781
522,750,958.8743236,28.52028983,87.83200133
522,1355,257.7163082,40.69556001,149.191973
522,1146,320.892888,73.4473632,364.4462033
523,1320,314.1148675,43.24518102,212.422016
523,1146,540.0478393,46.53295357,37.58356268
523,1153,395.9190753,39.16736083,371.9696489
524,938,309.5056067,34.66357429,91.26669963
524,632,147.6764057,45.43093993,108.3138498
524,1641,1223.809673,53.44357356,101.24809
906,525,728.9290015,57.84070727,70.65068488
525,1766,217.7154892,30.00084207,43.87867279
525,1884,188.8040849,116.5469096,1490.102044
525,1886,444.6049052,52.95392633,87.87620576
526,562,351.4324351,21.63569261,17.06908344
526,1459,366.2891095,59.35257328,299.0126101
526,1373,458.9497758,42.53694235,204.3030956
528,1126,144.3885285,25.80148103,24.20654787
528,636,364.3413238,39.72868047,206.4080874
528,899,37.16157929,41.84047353,99.12744447
529,851,501.773329,96.10652001,324.1498003
529,1151,686.2321224,59.34119051,541.6716794
530,674,520.6009924,60.0285941,240.1719484
530,647,520.3990842,59.6180658,402.2250518
531,1370,4033.865372,24.82429832,37.29706878
531,1176,910.1111512,59.74150232,200.1546763
532,577,1555.395818,17.3947983,9.318888697
532,825,261.9023515,23.54279544,20.67544457
532,1249,504.7456495,26.85091037,28.36031915
533,752,429.3251195,94.20548956,481.5864023
533,840,209.1068497,63.63336544,213.9997899
534,1276,211.5300381,27.48697655,50.88577455
534,1816,477.2200282,26.40293561,93.82785409
534,1772,495.6572492,28.86213539,50.06627018
535,1357,658.1514157,51.85043875,172.8922883
537,899,419.0126428,33.56654728,45.30264041
537,636,307.8306456,66.67469861,229.2837885
537,1138,377.6218647,39.30195456,156.5730653
538,556,337.7534872,36.71252893,65.46039621
538,991,325.8740239,78.02090711,212.8048471
538,1298,222.4363981,51.29139135,678.960335
539,611,799.4633154,33.97239726,84.75592853
539,656,365.6032421,27.76970688,19.75763472
540,1625,758.9915608,28.22515105,44.18596655
540,880,999.998034,84.49979589,591.655203
540,1577,516.1461434,12.06993395,10.1341914
541,685,250.9085722,13.88815174,8.715686749
541,613,241.0734313,54.08732546,123.5023744
542,952,226.6947229,82.06900289,1078.123279
542,784,249.9088715,71.52725004,350.3314881
543,1860,175.556399,24.75799943,42.79923373
543,1420,133.4161403,24.60907813,18.59265735
543,1866,1672.884115,22.55516077,75.35546425
543,1889,1161.652744,79.94314314,799.23034
544,1357,1124.238202,72.84769096,349.3614615
544,989,467.7929198,70.2962631,473.0766517
544,1875,669.2937082,149.2178433,1305.998617
545,689,502.1806243,64.6729893,342.2202658
546,731,2034.517496,87.477933,134.3757016
546,1168,176.2882066,5.404119027,0.396643276
546,1114,190.3866487,77.09999551,222.0296574
547,1075,85.52590926,59.8962156,428.2825301
548,575,99.25144125,24.66890823,22.69086958
548,683,312.5007547,29.33114962,25.25178021
549,1635,361.8827805,37.98993032,146.783097
549,1804,185.6881094,30.5401001,43.91828152
549,1505,205.9934587,79.19545051,278.8350165
549,1382,167.2679445,82.73843296,335.4716539
550,1399,193.3696927,49.32867454,105.2298717
550,1141,365.7887633,26.05757938,18.03057594
551,560,342.7623639,91.69159394,2251.470247
551,1008,595.1792172,43.79079003,261.4340536
552,1351,140.7218803,21.09060879,79.09036917
552,1443,324.7603541,28.99408264,16.30528319
553,1823,2356.527401,73.51097526,400.7031872
553,1615,1686.876154,85.0546118,99.62590028
554,680,1741.28061,79.59971593,347.3312999
556,1263,317.7348058,21.39027143,23.96885902
556,1318,624.0356267,28.72002587,482.8364018
556,816,385.1798218,35.23825128,83.69904204
557,741,535.6265217,33.87662492,448.4470453
558,1116,458.6310303,30.87215154,49.56262008
558,1508,327.3042833,66.81941069,658.9868478
558,1589,61.67462177,29.73956105,79.81329885
558,1655,378.5234856,45.57406243,113.2542558
559,1231,189.6240581,57.46228985,1065.145118
559,909,163.4086438,43.64128276,605.8229828
559,568,152.5390573,67.4846597,225.4474019
560,1001,277.0152853,33.28804746,121.2254429
560,668,180.5880068,25.88619245,52.33977827
561,1683,492.1675524,51.72006971,397.86768
561,1824,180.4126342,38.25543397,129.9582338
561,1677,186.9244155,31.08206028,18.14524234
562,1389,181.8802626,94.44107398,353.686775
564,1291,188.8080619,25.02389562,68.90628985
565,708,554.456952,122.1669354,1127.584261
566,1274,79.61011847,48.08453159,105.4099916
566,978,242.6223644,34.03468633,103.9494016
567,749,1454.215153,96.28411224,666.3142481
567,1463,276.2753372,70.26896672,360.2233179
567,1667,464.7243505,53.04907502,69.15836914
568,1183,303.0645202,60.03357574,137.8244301
568,767,1234.234482,60.41586442,277.3932748
569,650,241.5011285,42.39321485,288.4857566
569,945,198.1395557,71.73809573,1085.060057
569,805,165.6644771,107.3545682,444.9735582
570,606,193.3238535,26.01901054,56.19917084
570,1714,175.2258277,23.2766699,34.18509479
570,1868,225.1874039,29.16940037,69.10088155
571,1221,1432.752477,34.1425026,46.07622429
571,1357,218.3910293,75.72775382,168.2806833
573,1011,332.0120067,27.35128741,113.1376978
573,1348,209.3926731,61.38146854,247.7603109
573,1060,348.2928019,22.10235359,21.02030644
574,1019,191.8857738,14.40874259,131.5860854
576,943,191.1436769,229.2269037,15477.85494
577,1213,618.1668241,28.24945599,187.3390592
577,1049,332.3824495,45.05146748,119.7597865
578,668,440.927846,24.85949746,62.7804638
578,728,126.0383256,40.69016914,37.95622714
579,1620,118.5706484,20.41998649,26.08717923
579,1380,417.6863188,64.50278352,168.7845428
579,1602,455.1286603,23.19103272,54.56169485
580,926,415.7874044,28.19400777,13.52599975
580,1847,308.857987,70.14305894,331.1876596
580,1397,588.5777404,24.79687099,25.49877857
580,1507,175.2294273,26.77092122,18.60993711
581,653,1014.67495,122.2945434,1120.643058
582,609,1155.187674,29.5959119,71.9357859
582,1228,905.4421895,45.11611288,242.9374995
583,1187,1289.528685,42.74644347,38.61114429
583,1235,471.5487556,29.16758436,45.68048649
583,1278,426.2283593,51.76153849,278.5668134
584,683,185.6601824,83.70045568,599.210068
585,1062,246.0498051,43.75912486,77.41962498
585,957,941.1702069,32.11636828,114.9055596
585,1128,1741.28061,76.21863477,986.5925233
586,1383,1120.091888,13.64780359,33.88638167
586,937,2004.171289,69.35597808,274.4323137
586,1367,241.0734313,192.0544163,2346.766729
587,1392,233.370582,49.60155698,649.4740364
587,768,199.2089648,12.65162416,28.04993219
588,624,2558.887309,41.06713904,102.7351481
588,1291,1255.795005,77.82168196,367.8373269
589,1795,535.196487,178.112395,1398.770813
589,670,2499.055757,21.77793378,29.7330881
589,954,228.4536373,25.22897976,41.29508395
589,1239,759.6472394,97.60236226,88.65320415
591,627,412.5509887,40.36879226,81.0550051
592,935,153.1713089,33.54002068,88.79105697
592,716,615.6853378,112.4107512,2169.138254
594,630,520.6072071,38.24675472,77.89941894
594,1349,406.5579245,43.00847808,50.41160489
594,1679,516.6684936,133.6839876,1903.665713
595,694,391.8038404,42.76161879,180.9583625
595,1350,399.3886062,45.94817838,103.2298317
595,965,1233.652182,25.91089428,131.928448
596,945,1400.008339,137.8707589,419.1232054
596,994,756.4476166,48.54993615,199.5373626
597,1790,1589.350889,17.91526642,7.986196672
597,1605,193.3696927,24.10387596,28.7782935
1030,597,275.604793,19.41991054,16.90422992
598,1474,122.6468622,60.11894663,153.3138615
598,1877,323.1423428,35.39425585,16.98289704
598,1669,1304.912095,57.2602497,59.36904883
598,1173,1051.848713,63.90007075,128.5378728
1186,600,293.5099803,32.43629933,43.9117307
600,723,1255.795005,35.62529845,89.53856807
600,906,423.565812,55.88533524,72.78755653
601,1288,364.5744015,39.94174828,117.3820896
603,1676,443.9603623,42.33734062,174.7467362
603,1122,450.5760534,38.30374502,28.40597569
603,1254,212.8187239,31.27916818,47.73837591
604,1325,319.6698727,22.94347697,7.829087597
604,1295,500.6634181,22.72302166,25.7705917
604,867,354.6651261,51.88762445,480.6945113
605,1050,247.4270666,19.56386915,12.00171241
606,1190,98.19303558,20.94135184,22.60417277
606,988,81.1072442,65.56397565,431.3073374
606,1023,312.7803781,34.78886919,38.85191951
607,1149,313.9204424,103.0161108,1006.879796
607,1017,461.9066001,31.19512534,62.51463994
607,1131,506.4348279,23.59867554,10.54256177
607,1827,481.4511858,92.99016675,943.6148203
609,787,389.1891435,71.04516831,453.5021869
609,1004,337.2747106,17.89785628,14.49322341
610,1323,300.2698023,32.09195643,281.5291211
610,1353,176.3622819,27.83796652,309.3486575
610,1157,344.1873759,29.4786316,53.3899268
611,620,350.2059925,37.28052929,51.51546491
612,1170,354.6830268,42.59798417,216.7605853
612,1128,306.0825483,21.18812217,28.99394885
612,950,140.0576135,55.63635693,182.5349584
613,1387,1103.828643,50.675834,87.14528857
613,1237,814.1403013,35.48719646,80.97191874
614,896,1280.812706,24.44510653,36.98569545
614,784,293.5099803,65.11664105,193.0717142
615,1388,653.6597625,53.95480426,241.6426622
615,1412,312.6233832,42.99862915,206.2168048
616,1857,575.4347967,89.75472752,484.3620469
616,1337,429.1016293,26.33164625,19.90862501
616,1342,208.4203538,37.95562892,217.2972001
616,968,141.5225217,80.68224717,156.4350624
617,689,187.0601788,48.97123267,159.4806818
617,1107,150.9818112,23.04388864,10.00259642
618,878,91.89183806,25.51916507,23.45902397
619,1121,469.8656346,45.17607574,47.33895892
619,837,406.3058076,44.60107034,347.7770522
619,724,178.5930974,50.29898048,99.90974456
620,701,117.555509,46.5351044,124.2602416
621,1637,331.5724099,42.74868473,127.5839218
621,824,555.8898734,89.46690844,365.8139743
622,804,351.6685067,24.75799819,16.20665025
622,930,562.8715458,81.53421239,1187.591133
624,1766,856.9806966,63.18640201,204.5455186
625,1773,264.08751,43.85312352,139.5107103
625,1681,316.8667279,56.36229227,382.8304475
625,1821,247.8196271,58.32875864,264.6121873
627,1067,198.6988912,22.74788465,2.812650827
627,1033,139.940451,22.38075944,45.09648844
628,1308,578.6141626,27.0983955,32.7278963
628,1133,304.8027503,18.5409606,14.76791936
629,665,304.1389632,32.89784845,64.95973159
629,647,432.2380955,26.45208089,38.91957563
630,675,570.5216524,153.1045556,6963.811941
630,1460,239.8968548,19.03487958,18.0246172
631,1070,540.4840577,32.73517982,44.64473496
631,902,236.0345599,88.30147069,345.1939673
631,1135,132.1916283,31.397865,74.27165463
632,677,983.1410724,50.68874796,83.11394234
633,904,219.1141492,41.65587222,336.4327295
633,862,231.735123,25.36634758,18.44738549
633,1533,515.0530804,24.15487386,41.60927048
633,651,270.3876214,33.68533071,28.94062797
634,821,449.1287667,32.42232026,115.1438479
634,1725,165.6061356,44.60653581,115.9431117
634,786,264.4056949,87.28223622,479.8988618
636,808,240.2681057,40.52450712,197.1093679
637,756,361.2623371,57.45332086,242.8694758
637,1343,27.24439479,79.83630898,456.5868958
637,1217,187.6538421,455.9722487,43490.23985
638,717,1099.55667,40.33081011,171.3017742
638,1478,210.0897338,45.83079208,126.5369058
638,709,566.8046306,44.61971442,161.5093727
639,1013,440.469208,36.01884687,90.1724747
639,929,242.5286421,48.47759611,252.0227474
639,1378,257.092466,31.5896862,97.71048611
639,1406,526.3930735,28.2166288,81.26678602
640,825,509.0410597,23.78096068,69.22052284
640,1249,214.3025008,29.22008708,21.89538949
640,1270,714.5698479,39.48316428,208.9711976
642,855,769.9336156,31.79816213,102.2607208
642,1341,353.7171055,43.010939,246.4979483
642,1446,471.329341,33.26124723,149.1490093
642,1890,1125.188288,61.99335056,221.3974083
643,849,616.3124407,59.01299112,176.7637448
643,1654,246.0758193,26.64527212,35.88307487
645,1053,262.9853943,71.03527224,612.9834887
645,1234,394.0931082,96.96312739,299.8394216
646,1205,338.2452817,28.64631753,79.45856364
646,1103,405.8030188,49.46528074,490.4289922
647,1418,285.6781238,216.5027284,3490.506858
648,929,376.4561013,33.34791137,67.40611731
648,1309,261.567007,43.38192508,261.5362706
648,1406,1055.858964,70.00592183,288.6795758
648,710,86.37263302,61.07762778,888.1321479
649,1255,254.5667925,81.04367941,263.7421926
649,1363,96.10959483,39.47608761,150.0998519
649,937,93.67032736,31.11292992,53.18489821
650,695,268.7115101,63.1377969,406.6886981
650,945,393.4139868,61.10967354,167.0421688
651,841,190.9052235,15.86925106,28.94154958
651,1560,259.5491809,30.24034242,36.39717924
652,1579,393.0597599,28.60965194,40.90220849
652,1642,366.3659135,26.28467178,34.60718594
652,1444,1101.767362,50.50163938,144.6635133
654,948,257.092466,58.13600913,208.8471622
654,983,1069.288059,16.93517591,5.441608136
654,1222,781.5581147,21.04211538,12.1099545
655,1181,470.2261944,72.26762096,484.4362505
657,1532,504.8516614,52.43448057,106.8351957
657,766,196.321225,48.17824762,42.35986493
658,1189,388.6469014,33.56191363,46.3019295
658,881,275.0018723,66.84084409,244.0626632
659,931,288.5198866,36.65027823,68.73142263
659,1043,299.4326317,42.10531151,94.03300173
660,1712,104.8943503,28.66688221,144.9712512
1758,660,1293.915135,41.27985548,267.2413474
660,1752,504.7655711,39.44358737,207.428052
661,1405,389.3282257,32.59651348,99.21733411
661,1797,352.151325,41.7977402,159.8234456
661,1627,39.97393983,19.50968102,22.65179043
662,1639,395.8316253,73.05836595,698.7424464
663,1150,174.2833943,19.56715243,35.05467259
663,920,386.3043426,24.85306502,23.28702025
663,1095,494.3112084,72.94715675,331.9029547
664,682,78.25206767,34.74758548,99.46768895
664,1054,255.2407113,57.46930156,304.0361137
666,1402,284.4441927,107.7773051,630.1606469
666,817,222.1820801,93.10285975,783.3297816
1426,666,674.5268534,47.72357602,173.8210786
667,930,1047.798901,78.6313013,438.4582291
668,833,1605.266396,45.27990928,241.951211
668,791,454.2245491,47.59305215,116.8648488
669,1124,158.8096179,80.20314306,549.8526278
670,1125,1212.751048,59.60511677,255.3053082
670,1369,1980.528202,26.5001003,76.2523397
670,1621,225.1874039,101.9175135,552.5109193
672,1186,1433.212385,40.61903142,83.7251888
672,771,653.6597625,30.45761946,11.12225348
672,723,484.4924959,28.22933821,39.80125931
673,823,190.9435949,7.113846079,1.66970162
674,692,121.5519876,36.65863422,89.54920312
675,1366,140.5790723,126.5663556,680.6960904
675,1670,306.3666994,77.74183716,1487.9279
675,1511,266.4956245,97.97726125,869.3628645
676,1063,218.8597011,53.83571804,368.1222457
676,1681,346.0714532,87.10122867,600.4159773
676,1159,208.9813393,26.32037481,85.65261853
676,1275,347.6498187,50.53581884,118.3623214
677,1629,151.6687856,25.16749702,61.81278785
678,1720,334.255527,22.00811014,79.54940061
678,1893,287.293263,44.04766799,147.3715491
678,1686,307.3229515,69.1180398,253.5233841
679,1747,394.2664607,61.58176429,119.0535643
679,1817,398.7211986,95.43571934,698.0185346
681,864,333.2326205,29.53123034,27.20017551
681,948,337.2747106,43.9783171,70.08762969
681,739,506.067925,58.54882656,243.5471021
681,983,364.2085207,56.00514133,285.0036229
682,1303,509.2293938,46.69946581,151.5300963
682,879,414.4702621,33.30087388,79.40060762
682,1253,360.1340311,44.14548878,188.7707747
683,757,414.3223762,104.7621029,776.1410217
684,1502,791.542227,50.52672049,113.4152612
686,910,1666.817721,112.8442936,593.2906742
686,736,1974.658957,66.39638097,645.3908588
687,1065,1027.908899,58.9825,236.0458186
687,1774,409.608127,26.45878049,141.2151996
687,1440,623.155329,33.53710393,80.04009114
687,1870,219.0246148,38.50537207,98.58921057
688,754,593.3162441,24.83685791,62.75748705
688,1795,293.1300936,19.55701512,31.31955103
688,1125,364.3413238,48.44569215,197.9630091
690,747,591.9293834,110.9916655,504.3179118
690,707,418.892414,48.46495292,23.16130386
690,1132,318.9586978,53.84610513,247.2779204
693,1128,304.4017252,57.25410153,183.4622502
693,1454,352.7578063,28.55595283,53.00024534
693,1538,484.3072559,31.7846428,34.70527128
694,832,202.500837,13.64629328,6.374999098
695,812,643.5875973,75.89239787,135.375257
695,712,506.1965775,73.4832587,544.6598101
696,1659,136.2816524,31.33475156,28.8559112
696,1834,315.0380857,63.30558114,206.1658111
696,1671,389.0097565,65.77933116,282.5825392
697,1639,280.2382615,18.76871951,59.55485352
697,1456,204.8524914,28.92511854,94.38900475
697,800,377.4880952,22.38575597,17.15268788
698,1875,669.4787115,115.1875664,543.507035
699,976,418.7348423,100.3608073,783.1970176
700,1293,4023.798886,22.55633173,14.67777414
700,858,1808.60053,2.845092375,0.204626764
702,1463,1062.645007,32.07403737,43.43855878
702,1334,714.5698479,72.75588838,216.8718478
702,1544,493.8147888,23.75529133,29.2821789
703,1285,669.9234775,37.52625051,64.10414163
703,1403,188.8040849,54.99304125,129.0406955
703,1189,273.2144727,20.94065111,29.88173733
704,941,244.3404887,286.433857,3229.971313
704,1732,107.5830727,103.4904228,273.0629943
705,1887,159.9451335,23.72423545,21.9848631
1886,705,211.3874654,49.01110791,81.91407775
705,1599,1023.613396,36.83556404,63.36224846
706,1621,597.146254,56.28420365,163.4399115
706,1495,656.4404604,141.3344605,961.1548774
706,1723,183.4471189,41.83710274,119.3377677
708,1258,233.2586384,34.92190555,141.8184096
710,1574,191.610028,23.15485769,31.81541836
710,1319,244.0320835,39.53765571,150.9312965
711,1295,436.6127438,36.03777692,28.11722463
711,867,313.2438909,65.48056,123.0762491
711,1305,604.9681706,133.8579346,1595.626325
712,945,315.5945741,25.24413923,4.188466763
713,1360,175.2294273,56.71581926,111.1728943
713,1850,307.8306456,50.89231398,188.0503149
714,807,683.9539466,38.51633643,98.86612304
714,1576,351.1958333,26.28629374,27.89399246
714,1185,375.3729859,29.34899261,135.8869336
1745,714,313.3206268,27.42553293,37.59189388
715,1039,242.8644927,13.42679899,18.96505485
716,823,542.2734733,27.30171029,249.4776085
716,1235,356.8069472,29.54649127,55.66483635
717,773,191.5495274,35.40287291,152.4449412
718,1314,165.5916463,76.73167483,81.47416312
718,1269,472.9959756,43.08952599,122.2369049
719,1731,68.03218618,48.96728831,73.46194788
719,1483,174.9291595,44.39962717,212.1199921
719,797,242.5409171,81.87823698,285.6945601
721,1412,245.847861,21.37673365,40.48556475
721,1836,139.1397902,36.02030656,119.846645
721,1545,332.3824495,32.2220055,76.88905419
722,1477,600.2121493,65.89513631,330.5830267
722,1267,459.1449638,67.6870685,452.1851458
722,1709,199.7437476,62.71757889,353.2011796
723,763,213.9587435,30.84645482,58.37872977
724,1348,187.8496967,72.69011786,287.7662637
724,970,473.9405049,60.54217085,212.2384672
726,1691,1510.602443,35.85767049,136.3854242
727,1310,425.4607447,4.511230428,0.861848353
728,791,889.3523211,29.43370897,72.06548945
728,980,1256.785563,59.93863152,528.9007885
728,1008,398.1009021,35.40970423,153.3949474
729,1812,313.5298126,20.73619254,17.21016557
729,1208,205.9934587,50.06388261,240.5503178
730,1811,346.6419963,46.40537109,152.9570423
731,1180,1640.565362,23.89925378,28.72927752
732,998,963.5097573,34.88500953,481.9323574
732,1247,982.4759564,25.46331595,19.39144494
762,732,67.1048322,65.5139,591.9659777
733,781,1069.288059,360.1318955,46409.42868
734,1476,791.542227,92.68845582,528.44825
734,1760,691.7608617,49.75577636,124.4000251
735,1340,244.3310552,30.82403663,104.1444279
735,1439,235.1135961,118.6435928,3197.237064
736,840,756.1053196,77.93488661,80.19983373
736,1071,537.0465409,65.41732767,256.2172079
737,1728,273.4911032,21.08398843,37.01193103
737,946,283.5724244,53.65330113,61.54894025
738,1471,192.2118626,24.96371126,36.53855096
738,1783,278.4021645,11.1988541,6.109161458
738,1843,1151.232273,45.66630348,198.9631153
740,1033,227.3259256,43.43365446,131.5429338
742,1517,422.533469,96.37762529,662.9516897
742,1248,350.1660614,76.76167869,261.402686
742,1499,496.9132974,33.79981477,90.33766558
742,1496,352.151325,42.81063629,60.36331671
743,895,194.6769792,69.92483581,409.0236927
743,751,381.8613171,374.6715634,5952.85087
744,805,161.9954584,218.7453745,2314.619679
745,1106,932.9795716,53.56869286,823.1221166
745,1874,471.5659986,37.07899381,59.79955636
746,1624,234.484803,66.60801645,309.0843399
746,1251,72.26269556,23.09004304,21.88514738
746,940,387.1093873,62.91604225,164.4916439
747,1067,1454.215153,39.21929584,19.68495284
748,1253,1014.67495,37.27497374,78.53589555
749,978,242.8644927,61.47924331,337.8444546
750,1475,314.5977668,18.74971446,5.544908699
750,767,136.409658,128.2985875,1956.536333
751,1129,207.212196,104.5469415,1924.842528
753,1563,178.2509221,43.42532489,32.80765204
753,1792,136.2343272,50.32775465,166.5344768
753,1756,302.4485886,5.741432179,1.897913817
754,1287,375.198357,82.19303334,337.7361102
754,1480,220.8072402,24.21184962,18.68803515
755,1252,289.9981091,51.97137327,181.0529485
755,941,477.8586952,164.6846731,1167.398528
756,1151,356.5411024,78.54131328,425.1755937
756,1333,296.9386811,39.96670158,114.1472745
758,1640,422.533469,81.74233963,328.1536543
758,1329,142.2912529,18.26439632,33.41353287
761,1720,334.6260569,24.03420751,45.9640347
761,777,126.8696917,34.84061638,71.6702538
761,1656,230.5115871,50.47621612,106.0865817
762,1594,132.1639888,52.09239697,85.93245852
1651,762,287.293263,56.26786078,153.669363
771,763,136.2816524,36.07866793,109.2749516
764,1157,431.0930951,68.16046205,150.053894
765,952,321.2386193,93.96398086,925.3969993
766,1230,350.2268409,32.88627892,72.78288002
767,1431,419.311019,26.81052125,64.78038316
769,1521,444.6381518,17.47274023,5.027134066
769,929,450.4908351,39.28854173,138.5084671
769,1309,290.2760773,28.86960358,30.83138137
770,1594,362.7047848,15.04601972,12.24371792
770,1651,1605.266396,57.51408585,224.138542
770,1191,657.8851349,26.49053293,87.624973
771,1060,476.5458367,54.84902015,516.7465984
772,788,331.9627717,39.82314945,296.0187047
773,1608,583.4441876,25.65923177,36.50675911
773,1478,361.2344827,40.09931672,95.11129947
774,845,742.0186781,40.17287966,62.14363924
774,1475,655.5253337,40.03471111,231.3493304
774,908,461.29248,73.29912004,114.1336844
775,1010,477.8586952,22.05228635,11.88964305
775,1177,398.9027904,45.17836341,88.35969767
775,1084,405.9579217,27.70424845,26.6175975
776,840,248.5186834,210.6190847,4740.061916
776,812,566.5000649,43.76448909,46.59441779
777,1653,361.1951487,38.88489954,172.2347203
777,1497,144.6887032,64.25802807,421.7102766
778,1727,212.9205378,25.81123846,27.68587942
779,983,165.1214109,29.14693401,57.63804031
779,871,223.9757753,38.91447092,207.6291601
780,1241,238.1140514,26.13481701,17.95062435
782,1382,183.0073139,62.11596735,109.80789
782,1580,570.5966595,23.86781598,34.24638458
783,811,766.0010004,20.03061504,17.2425671
783,1141,278.1866081,38.15312084,224.0887323
785,1614,344.7425771,8.566627596,13.26078347
785,1154,242.0373337,42.20141642,126.0524168
786,1644,461.3054735,26.26558024,107.9009002
786,1200,859.1051817,24.5045775,19.69475673
786,1177,542.0671848,26.9849795,96.51980855
787,829,124.0511176,40.62115005,186.7398443
787,1074,733.8491381,63.71666286,114.4796499
788,802,757.4978528,24.83867025,102.2731437
788,1026,244.3310552,22.11440956,29.74443548
788,1121,567.5876592,28.39988304,106.286676
789,1481,879.7321326,19.82460255,32.50270993
789,1553,107.5830727,29.40736901,73.0610987
790,1035,287.2852446,45.46324329,164.100303
790,1091,200.0700202,7.836554973,10.91163896
790,1419,173.6150959,36.96366767,137.4457267
791,875,262.1330427,51.30216256,132.8428778
792,1065,310.2824611,74.88263271,444.5369916
792,1404,136.0388933,75.51173238,461.5019254
792,1774,98.15316266,104.3171323,606.989699
793,1131,255.4761167,155.5670404,5149.831393
793,1851,260.5056325,34.50426184,71.93527447
794,1102,244.5961223,42.24618074,250.1667084
795,858,342.4608015,26.44743024,12.58685646
796,1457,239.1655126,47.85920086,173.724519
796,1048,293.6547713,31.38406663,19.19014373
797,1265,210.0897338,35.55990227,47.00523117
797,853,1054.551688,60.1707966,326.9285319
798,1722,652.6608608,45.33559488,146.4624525
798,1220,314.2687725,40.40328118,91.00175659
799,1234,173.825007,87.2493064,457.2320948
799,967,262.0354496,57.04237328,378.4999655
1663,800,330.0351497,17.46895183,14.41573258
800,1501,247.6208231,42.33968808,76.05684152
801,892,387.465959,65.5935039,93.27640667
801,1144,528.5533142,23.82156566,20.97696172
802,1115,1013.258931,24.0791935,27.11133127
802,1075,637.9453543,87.93346875,777.889685
804,1195,359.9913936,61.34874998,83.56261635
804,1375,229.0295232,12.93712238,7.970980851
805,1057,326.1153469,48.66170238,87.34552119
806,1100,553.213835,54.33085685,187.5755451
806,1488,308.0733628,44.38578091,65.34181696
807,1761,641.3544503,55.63558799,155.3259114
807,1282,93.0879467,25.59956134,89.13119531
808,1088,151.6410718,41.21875737,51.69650101
808,1162,75.58673852,70.71370408,727.3869522
808,1138,272.0009025,82.31155253,997.5594226
809,1181,290.5469425,38.76726375,82.44652401
809,1115,261.9023515,16.00270081,2.251589359
809,1204,193.7712416,18.74390765,28.37679867
810,936,421.7226665,21.16707679,15.23176677
810,1264,98.26014065,12.96039513,16.08098876
811,1399,122.9169129,55.67893599,305.8229335
811,1315,464.6200432,28.21591588,33.8423509
813,1856,591.5561868,31.92612723,103.7595177
813,1883,934.5742395,23.18485275,50.09151548
814,1615,1197.465221,31.45927933,39.59647279
814,1292,361.1545333,46.81615256,123.2112401
814,1759,414.4702621,98.36733674,269.3651503
815,934,401.9370702,70.30497611,1310.076282
815,1011,724.660058,83.32802124,2355.742007
815,969,240.825324,25.13657432,207.9826884
816,900,216.9899549,33.19600245,44.7680155
817,852,544.0247366,44.06054262,217.8041658
818,1195,570.5216524,137.2929472,394.8249255
818,1207,368.5087932,27.16999955,90.40532736
819,938,439.5600484,7.851745669,2.027945727
820,1250,480.9057184,12.43830142,12.12231982
820,1512,1763.386917,39.98679549,139.6534437
820,1808,468.6458284,69.33024183,664.582169
821,1779,323.0325162,57.28705525,376.7700042
821,1699,271.5578782,31.80399562,49.45394323
821,1865,623.1272975,37.89986071,89.56217731
822,1039,516.574677,234.6332456,6870.602423
823,1157,515.0530804,26.12309452,9.779713201
824,1344,1564.535366,65.565896,245.1819589
824,1248,562.2667658,56.17919799,406.7243961
825,1091,241.3516405,210.6233814,4892.078345
826,854,129.216138,50.48793196,398.7467905
826,924,491.4043861,35.04010639,73.92910127
827,1782,437.0810983,15.55066048,20.85568552
827,855,626.972133,23.38743305,82.02926247
827,834,460.0505267,51.46934925,43.57371343
828,1540,1072.394654,23.62886525,35.49752406
828,961,804.0456248,41.51972399,57.99821262
828,1771,250.6635728,61.62447943,153.9833385
828,1861,260.9699899,23.15069399,15.01196712
829,955,461.7218159,88.40990788,3975.949744
829,1053,192.1778845,46.70076767,123.9687485
830,921,112.7359856,16.15575409,24.06240445
830,1223,267.19042,51.48508635,227.3965281
831,1324,196.321225,36.87157245,88.9283466
831,1586,623.155329,42.47694887,138.7011042
1541,831,295.7703961,27.83555206,57.42598355
832,1363,268.3745656,43.89430181,109.0218858
833,1001,267.044376,28.98703584,147.0325182
834,1500,140.5790723,21.09351736,26.31573559
834,1388,279.4987668,56.38091967,87.75960978
835,933,219.7756159,55.93731955,99.84847404
835,1287,206.7078728,26.15591426,39.215032
835,1795,386.9552079,63.58407295,541.8239832
836,976,147.2319748,51.02697031,163.9157798
837,1348,189.6240581,56.72471509,187.93875
838,1703,139.590631,65.27715639,1325.758625
839,1035,212.9205378,37.69909807,85.13361139
839,1419,565.813551,54.82816923,284.9417671
839,1379,326.6865222,57.35811849,170.2246261
841,1894,173.2781747,69.2809761,448.5577371
841,1503,478.8591703,40.95337297,99.94417919
842,1819,347.4242163,49.98703496,252.6636452
842,1531,1008.555635,22.10828532,28.07667102
842,1063,573.3650639,29.97628926,63.59031194
842,979,525.8015631,41.12912013,31.42633839
843,1025,928.6178001,42.0822142,44.26254976
843,1168,756.4476166,19.80729816,7.086916754
844,1278,173.825007,56.08619494,147.2658482
844,872,470.8153398,8.580535218,1.312637337
844,1199,111.7340762,51.67132524,372.439499
845,1622,906.1380717,51.77319973,280.2418346
845,1475,550.0465466,108.2140905,392.5501529
846,916,531.8086827,57.5516305,108.30497
846,1056,320.1338172,116.3426707,1028.226766
847,1085,191.5495274,33.81633443,71.32296888
848,1154,231.3441538,64.60779166,205.0270933
848,1650,233.7767717,41.56479389,64.11403241
848,1610,138.8978377,38.07457551,107.6317424
849,1729,221.7950418,72.58340783,250.2987499
849,1131,245.847861,23.91689376,5.750850339
849,1877,188.032783,30.9525028,33.24861011
851,1268,275.7908357,50.49920225,17.96874698
852,1224,212.1769259,69.29962788,267.4806108
852,1553,606.9541362,48.76121254,95.04072705
853,1171,127.3342456,53.13444031,200.7467195
854,952,371.0090891,35.65292868,91.81646606
855,1238,322.2312508,62.17866428,680.0747716
855,1100,391.328738,81.19642515,1190.812096
856,1859,235.0038754,19.99515065,18.72550635
856,1413,287.0060595,14.12726803,11.09387064
856,1731,506.2930459,34.94725763,61.267613
857,1240,185.8841351,53.20725252,317.6736638
857,934,300.2698023,61.24611409,292.6476748
859,1898,490.8295407,73.21826293,219.9247887
859,985,349.0905354,18.13969564,9.063784505
859,1661,1314.719203,21.80469764,13.24819877
1691,859,283.4620995,42.13208363,108.0810115
860,1359,224.8101062,45.82128284,179.91306
860,1165,335.5366158,42.66446394,88.93285142
860,902,397.7534043,69.97876425,458.0893604
861,1015,498.3483237,62.41684573,218.7185681
861,1078,478.0267061,85.27310985,2534.125917
862,1828,149.2203639,51.1542156,206.759957
862,1824,231.3441538,68.44866735,1069.776937
862,1894,267.1579858,56.689753,184.0042795
863,1851,121.1557126,40.98903687,264.2344386
863,1066,349.7934557,37.12191074,97.47019129
863,1221,177.3788564,41.00089061,131.7422769
864,1138,246.0758193,38.41771543,192.0275605
865,1343,278.2390102,20.96968393,9.821102906
865,886,345.0539638,28.62599902,36.30994348
866,1628,2283.836889,40.66415517,104.9266747
866,1299,4033.865372,40.54074636,118.1414519
866,1259,1293.915135,27.30228714,78.23735208
867,1098,193.7712416,26.63379698,38.51984828
867,1340,250.714191,39.81777184,117.7130887
868,1043,533.6401359,70.81564201,430.4370329
869,1683,250.1775177,21.84283956,89.22722483
869,1677,338.2898817,58.60729691,156.2056228
869,1736,608.2677526,22.86536001,38.67170224
870,1707,448.3341374,53.69235459,156.3367993
870,1672,366.3659135,51.14444167,245.2851463
870,1555,401.9370702,36.4414747,103.1419234
870,1715,288.1393449,48.59637783,124.8741741
871,1046,409.1217955,18.9152465,10.6793673
871,1246,235.3112937,37.98741024,187.3123256
873,971,89.80652483,29.69114959,68.99633205
873,1688,154.6465621,49.02715372,71.33788814
873,1628,1432.752477,61.09566124,535.6756661
874,979,192.5960514,32.19991123,111.5990362
875,1220,261.2204073,35.69595701,58.09952512
875,980,439.5600484,22.58771398,30.2822838
876,1124,1135.948688,15.00185189,24.05813781
876,1536,173.7443974,36.42936563,89.7205269
877,1811,764.6463941,43.76724588,243.5757862
877,1687,221.585854,26.29285189,79.09768794
879,1313,228.6426132,28.29025808,21.55130477
879,900,304.4017252,49.30382463,136.8500768
880,1158,422.2628695,29.83338227,164.2690338
881,1345,327.3099315,34.45537425,79.47661086
882,938,173.2564684,167.801477,1670.265658
882,1085,213.3433206,89.94072579,720.733486
883,1734,165.5471003,65.63921426,280.5913316
883,1449,454.4944612,71.9555402,347.0117833
884,1456,194.9990325,36.14654335,120.3929533
884,1501,208.9353201,31.73773875,88.42317651
884,1835,516.7491094,58.79668121,256.3224325
885,1102,1025.033509,55.77885816,476.8817098
885,1204,421.055211,60.94317318,36.36010799
886,1328,377.4880952,23.61744067,1.759591423
886,1323,683.9539466,32.55717222,8.532768198
887,971,413.5034479,47.99552503,295.8953797
888,1111,583.7037356,28.82789336,9.087234497
888,1435,2285.848059,33.10223201,181.1204882
889,1057,628.6257362,43.34169955,145.3312468
890,1784,290.5871016,13.66331278,10.7836892
890,1692,383.8978287,36.90311947,137.4001329
890,918,301.161894,58.6937835,73.56789062
891,1813,331.680824,38.7072512,106.434394
891,1393,429.691581,27.15208907,69.59652953
892,997,287.5339652,26.58327839,48.93263715
893,1353,241.6442947,44.15857104,470.6429148
893,1169,220.9492292,46.20207904,120.1236311
894,1628,196.8525428,24.22718416,24.60969361
894,1568,175.8291427,27.04550453,50.83786609
894,1259,284.1048662,67.21439359,298.7996869
895,986,304.3038699,59.52515393,364.6248158
895,1300,396.1457194,68.36370694,166.2175126
895,993,285.6781238,192.5880829,9478.017004
896,1036,232.8213646,27.97783982,69.27898292
896,1064,214.9886571,51.56331408,170.6538332
897,1888,224.0087819,52.50002214,157.5904588
898,1827,386.9601822,39.56418832,240.1765651
898,1851,369.6500203,108.9360452,1064.839333
899,1025,505.40604,74.53030255,958.2351528
899,1108,258.3630147,23.27784544,19.34695974
900,1318,3630.189347,67.80012398,304.2485961
901,1661,3113.028242,31.56644561,86.42703552
901,1438,2663.702411,20.89850964,30.57458095
901,1319,668.6110217,45.48921828,73.14464976
903,1732,568.8964783,41.09534918,59.02614317
903,1539,914.1837157,82.19729463,221.1418726
904,1512,310.7959552,53.13716072,143.2791816
904,1518,340.8211338,39.3506016,131.1031833
905,1185,224.6265588,39.45585856,92.90776594
905,1745,1433.212385,24.94831932,34.20157199
905,1705,493.8147888,21.42383864,29.97594817
905,1504,192.5960514,39.72176208,190.2376612
906,1885,1664.859868,22.24665448,8.41742784
907,949,278.7823559,59.96391775,100.7896632
907,984,273.6748765,49.23416453,308.178411
907,1047,225.70321,29.7985789,46.26832618
907,1546,452.5730792,70.46906373,237.6185142
908,1358,134.537117,128.8083941,2061.151974
909,1395,378.2537959,45.21747087,135.7005414
909,1622,166.3330078,120.4004001,765.3737362
911,1614,467.7929198,14.89015691,58.62972264
911,1780,248.5186834,58.85532853,1088.849419
911,1900,489.8020495,17.42377988,6.776884468
912,1073,363.9895721,31.29720225,144.7358003
912,1471,327.3099315,20.25598743,18.80287536
912,1519,81.32587157,22.2608605,50.51523836
913,927,188.4418958,21.1993742,257.861621
913,1210,180.1292799,53.1303948,333.0571231
913,1192,311.5380371,41.28291135,314.6994768
955,913,129.7246327,45.45237206,162.9249243
914,1223,164.5701772,13.46763973,18.39467369
915,1604,183.7408367,42.01278741,103.8373651
915,1643,856.9806966,56.43261223,513.2634005
916,1875,1054.551688,153.6578736,2542.716691
917,1057,445.4054304,41.49344793,158.6598772
917,1022,312.3035886,25.94846938,26.89038942
918,1569,211.9033815,64.09986768,713.5078411
918,1573,205.6812406,53.25277081,171.8288977
919,1781,207.7138149,24.88230069,54.13885467
919,1639,502.1111475,27.34120126,51.43094754
920,927,121.2443022,45.67788676,556.6667015
921,1288,269.0872958,22.42093289,216.8137842
921,1240,165.5916463,47.30104518,260.0209431
922,1804,183.1001312,89.12080091,813.1326151
922,1505,218.5492369,27.15895297,46.71499692
924,952,415.24228,69.30494087,410.8245587
925,939,204.2516645,30.51050341,178.6098592
1072,925,332.3477681,25.95612284,21.09679976
926,975,507.8290308,13.14830274,28.52934345
926,1045,255.4251042,29.49207804,30.42254777
928,1075,361.0762485,42.70244637,349.7727836
929,1551,59.97920594,38.20744455,126.6716752
930,1383,182.8543638,79.25646719,312.1415083
930,1371,264.9869195,215.6221234,837.4323197
932,1701,179.7670643,60.52711188,164.7026941
932,1876,84.50477683,78.97049718,468.6801658
932,1009,180.9136321,42.98262833,194.0715663
933,1833,203.1393862,44.75065821,63.44454737
933,1825,412.1781335,22.86724977,39.86867336
934,1246,516.729278,27.55879364,31.696261
935,1353,151.5351911,52.79001922,158.8483103
935,1169,368.1805411,40.30917853,92.27675513
935,956,100.6051159,33.20382573,18.3123014
936,1550,120.950215,108.8221909,419.7080049
937,1117,196.6699687,72.86353684,553.1855678
939,1420,281.2981577,25.22858576,48.34589215
939,1575,1387.754926,23.45119002,13.65433835
940,1149,1120.091888,42.93926302,75.20853239
940,1729,769.9336156,35.74554489,105.5256057
940,1131,261.2204073,81.82842617,301.8429392
942,1068,340.0459077,23.18845822,159.700435
943,1152,339.7840332,70.25804046,369.9588269
944,1219,729.1902363,25.85109084,5.292359487
944,1295,461.8181134,18.90061697,10.46449274
946,1545,262.9853943,76.06393934,177.6109764
946,1864,319.1842578,41.08913781,349.1257313
946,1614,142.2912529,31.66467335,77.78440346
947,1347,173.6150959,21.22271289,55.04521878
947,1552,334.8991809,28.07198657,31.3962179
947,1361,304.2261242,49.53974564,127.6960015
947,1197,228.4536373,27.84870698,109.7856304
948,1216,382.6730463,36.07520108,100.3849528
949,1308,98.26014065,23.45865555,20.33764377
950,1041,313.8177829,68.00966173,444.1814063
950,1398,228.3722807,29.38682275,8.619372658
950,1390,479.26032,52.63804462,98.93484771
951,1091,5555.625992,22.14477547,34.35125646
951,1419,167.2679445,26.002822,19.8994139
967,953,566.8046306,129.6708952,2515.389088
953,1557,506.067925,23.8465386,17.13909187
953,1846,239.0312783,28.70809567,37.14699381
954,1737,237.5079512,121.7873757,415.1222371
954,1579,223.0838282,25.32510696,24.29518438
1192,955,264.0017055,38.72250854,71.34470279
956,1187,506.0911374,34.59041179,39.2216784
956,1235,443.4145726,50.23021005,51.26451846
957,1362,75.50330093,40.14185496,82.54900001
957,1547,290.8539716,39.09422558,146.1285424
958,1183,336.8025037,6.703223177,1.454412857
958,1305,669.9234775,61.66568569,156.7208881
959,980,335.2836766,19.35612748,21.94145884
959,1008,1135.948688,29.33116089,433.419568
1748,960,844.7026092,43.88738671,79.24144818
960,1321,834.4591962,53.83031922,133.3113695
1760,960,373.0802071,44.88101088,138.5151923
960,1649,554.261027,51.78007598,131.2752975
961,1101,266.7629033,80.78654253,314.2235886
961,1317,359.5430798,39.30665815,94.71859863
961,1429,980.7063535,71.6902657,336.2502355
962,1095,503.2303635,27.160168,14.48678761
963,1127,422.2628695,28.03192324,13.83452968
963,1115,252.1376521,34.4165224,19.36037946
964,1422,379.710862,43.49170357,49.7956048
964,1676,147.7734406,52.23980104,243.8964036
965,1117,312.851384,111.1152651,746.7654769
965,1367,675.6140046,92.37850749,3633.735597
966,1078,801.2480006,25.08927002,9.339694358
1858,967,217.9900907,36.64237441,92.55458536
967,988,338.6277925,75.91688056,805.8844005
968,1468,387.1093873,18.70554897,86.35357173
968,1407,573.4910421,38.28817124,42.74005292
969,1192,305.0422449,21.27603456,66.26367083
970,1109,357.842533,63.65774647,229.7215169
970,1103,445.7206334,33.45768782,50.28448793
971,1242,196.6699687,32.33352597,183.0657458
971,1406,284.2564098,61.07551156,344.6986987
972,1290,311.6035031,58.56606405,118.9588186
974,1436,363.8910957,49.02295324,75.18553307
974,1740,235.1135961,67.15295056,593.1600652
974,1494,637.9453543,53.71286719,197.8774722
975,1365,669.7416885,22.05602499,30.17624037
1597,975,583.5540994,101.082729,1354.319603
975,1558,371.9397429,37.1140431,69.62474661
976,1095,156.3704658,52.1941319,194.7373765
977,1781,141.5225217,28.07507747,103.7977374
978,1451,139.1397902,70.14772487,479.2157004
978,1463,555.4109708,36.10438429,56.59411832
979,1285,835.7274091,78.42146226,296.6494889
981,1136,616.2614777,32.11096394,78.05210139
981,1798,405.4376708,39.27729743,123.5598858
981,1826,369.1366858,25.91397833,41.73634788
982,1585,408.4159668,41.34549783,246.2117534
982,1648,122.1942999,35.35018214,124.1921891
983,1046,277.7654698,23.64163863,23.38865238
984,1133,118.7153404,24.76455812,67.39612422
984,1327,403.8793365,22.67288993,28.13301867
985,1226,364.2085207,88.08675939,317.9713608
985,1097,346.6419963,47.89554707,72.51972534
986,1165,490.8295407,107.8524118,1194.8826
987,1015,1191.105926,88.80376631,819.7141228
988,1250,1032.437045,38.02834273,202.8264245
989,1024,628.8184826,52.19050346,74.70686861
990,1088,839.622912,65.8282767,492.5466119
990,1162,581.4989553,41.67052374,187.7784369
991,1040,454.2245491,28.98512443,19.08818389
991,1328,212.9194736,13.9357111,6.896079206
992,1697,217.7154892,79.61102611,320.4922849
992,1170,335.2836766,34.43091024,102.8976385
992,1568,338.0642436,52.79095085,163.1757545
993,1129,127.6770045,48.10595896,174.5599629
994,1085,204.8096738,16.23780409,17.90400253
995,1593,299.4326317,40.92567327,47.83595691
995,1331,323.0325162,26.58455384,51.41531977
996,1636,101.8033251,51.92919827,195.2136353
996,1861,399.5874423,23.30723611,9.534755483
996,1672,489.8020495,57.04434507,126.3691833
996,1707,517.4086721,32.46403414,69.95555259
998,1205,477.6647368,28.95624728,15.46006846
999,1304,576.3072459,37.30588166,57.77434883
999,1034,265.1027488,38.82074493,58.4288284
1324,999,558.3018389,47.48754385,124.3574829
1000,1315,357.4211828,70.20257034,270.7341611
1000,1359,166.3895178,53.90214561,65.93811337
1000,1165,174.798879,38.92641657,58.06560436
1001,1099,150.7177595,63.64193292,477.1282024
1002,1160,1589.350889,38.28903181,138.9106603
1002,1888,1094.768275,88.58035751,1038.736323
1002,1820,238.0226222,61.27259559,337.0670265
1003,1845,276.2753372,16.44910305,7.338124074
1004,1018,457.9102345,26.97618685,21.88565857
1006,1218,122.6468622,50.75404294,92.20705193
1006,1329,21.65960939,81.09758677,536.7228344
1007,1028,126.5451723,37.39237635,407.2748005
1007,1371,341.2004052,24.79352992,39.5216726
1009,1336,267.1579858,76.22249829,495.5578203
1009,1542,366.0146793,31.47598062,55.74295902
1010,1462,359.0602097,30.34532702,142.8804121
1010,1537,287.763438,44.69281675,173.6487283
1010,1260,443.9603623,13.86787341,3.590814184
1012,1338,98.18900417,48.77645399,15.8355563
1012,1245,250.0881637,44.81676622,19.66907396
1013,1058,373.2936321,34.48779013,40.01029587
1015,1092,512.3599603,57.04035241,70.4163213
1016,1830,327.1391113,114.6327642,932.9125163
1016,1647,1628.943577,29.43002334,83.28381565
1018,1174,714.442903,10.44435833,4.911042317
1019,1109,126.0383256,52.39037113,354.5391212
1020,1529,222.3496414,79.77288242,224.120646
1020,1472,209.102316,84.22495572,624.3090187
1021,1171,698.3434451,27.13474711,30.83240101
1023,1808,270.3154592,42.62233327,169.3918156
1023,1816,168.0767401,31.76956019,111.7459798
1023,1276,642.1561865,29.50481153,21.20772205
1024,1849,1728.254341,138.2543322,791.8468636
1027,1279,1191.105926,26.5367849,14.13621367
1027,1390,657.8851349,68.12154176,425.1502262
1028,1426,216.4567285,26.15886676,166.0660196
1029,1085,294.8788977,70.6787256,1436.313308
1030,1368,299.3455262,15.87772813,2.522774325
1030,1482,432.2380955,60.0369615,36.11306019
1030,1428,383.8978287,37.99601275,195.4649727
1031,1591,278.7823559,58.45700319,287.243849
1032,1168,281.3872696,41.86779195,4.157162529
1032,1222,182.1806897,33.64665483,61.64975947
1032,1198,544.689017,18.02186403,67.81800433
1034,1090,345.1055575,49.27177765,381.3809847
1034,1484,925.2190875,49.89704637,38.38720788
1035,1399,261.5002682,54.28192202,85.99375234
1036,1099,376.4561013,29.03021825,76.69730319
1037,1814,517.4086721,68.37597144,230.8800622
1037,1087,498.3025608,76.02570959,387.690094
1037,1617,344.9470654,69.51459027,937.7842712
1037,1470,348.0515964,34.28642306,75.50267054
1038,1696,489.2733294,60.0754864,112.9198463
1038,1719,246.1195413,26.61914247,29.02661019
1038,1203,186.3356176,27.73738357,42.49733704
1041,1170,165.5151902,25.12846662,38.96040741
1041,1565,1020.176889,25.44419611,40.88506186
1042,1300,1866.193322,20.69869755,24.69746342
1044,1656,1012.898539,56.503185,292.7317568
1044,1758,86.55318403,85.17427758,734.9607664
1045,1477,799.4633154,68.45928967,377.9557553
1045,1847,724.660058,28.18653248,50.08066866
1048,1490,157.2249592,14.74386253,41.34556961
1048,1562,284.2427263,17.20298923,6.059244042
1049,1325,394.3385761,20.73861791,11.37939091
1051,1738,161.5027547,37.19708944,89.92039435
1452,1051,301.161894,87.99454242,331.2820299
1052,1567,313.1806594,13.41849294,3.522155824
1052,1489,230.2660143,22.84788715,51.80328028
1053,1074,295.6367042,19.68683435,57.12151641
1054,1253,306.0426804,41.74542731,27.18790024
1055,1349,472.7748279,153.2760053,2759.312511
1055,1487,300.5571136,28.28614249,48.97416836
1058,1548,318.1792328,32.30422039,46.68941322
1058,1608,440.0064418,25.08784899,22.07324717
1059,1881,525.6727881,62.61034065,407.6322002
1059,1757,496.3083944,57.91079182,195.1928149
1059,1863,390.6763381,48.13434203,532.8658177
1061,1096,181.2781944,32.44623677,65.39264242
1061,1205,261.5753554,33.42017745,97.32810021
1062,1697,224.7686089,61.41805867,232.8336538
1062,1362,96.10959483,24.81384178,78.23513205
1062,1170,433.0777914,55.90595275,200.3239003
1063,1179,407.188637,53.042861,186.9956771
1064,1099,262.9349518,51.80656448,320.1557703
1066,1603,260.9699899,31.93191302,49.5390333
1067,1132,237.5079512,77.39812461,254.3501142
1068,1303,220.1828316,86.39590719,801.4711693
1069,1140,354.6830268,43.92508786,132.6537831
1069,1520,397.7534043,57.795209,71.76013181
1069,1490,409.8056342,15.01342599,9.31955581
1646,1069,493.8019149,76.7683881,687.0467232
1724,1072,325.9436551,28.08618223,55.18979257
1072,1497,405.9290698,43.27021141,110.1187325
1073,1209,565.1937117,62.72286977,287.2743165
1073,1474,300.925423,20.43451808,10.68011426
1076,1610,299.9488593,23.98102059,65.861685
1076,1595,180.6695447,103.6918517,768.5091885
1077,1411,379.1506685,68.53962313,1305.561528
1077,1255,33.5412434,27.43288684,66.40403444
1077,1363,262.1330427,50.06193173,249.0091495
1078,1092,186.011315,40.57062932,57.51236972
1079,1392,427.0568548,26.99016187,33.59285683
1080,1094,176.124342,9.540085111,10.63935156
1081,1174,236.8384633,10.56378449,2.040257125
1081,1228,128.9108704,57.16452596,167.1049454
1082,1211,343.7264565,81.4033645,767.3968397
1082,1175,245.4629425,20.60975143,74.48112033
1082,1273,406.5579245,108.3273197,660.3001051
1082,1283,331.9183729,24.19018305,41.48138547
1083,1370,222.1820801,39.73345803,125.5357735
1083,1532,963.5097573,47.33533821,177.6708767
1084,1260,309.2503307,34.95507847,153.1917181
1086,1878,302.3180211,28.08248345,62.37702771
1086,1479,362.0874831,44.32097977,354.6414681
1884,1086,3932.226913,29.05283362,55.40279198
1087,1690,1276.518468,24.08265755,57.16423119
1087,1558,2098.285937,40.93010949,70.66538039
1089,1139,281.387117,27.19977163,52.63515173
1090,1499,180.8968523,58.17630679,261.4990528
1090,1430,148.7778925,27.04251332,47.77932413
1090,1422,293.9807589,37.22978812,21.95861894
1093,1668,1250.137312,46.17679802,120.6045879
1093,1824,555.4109708,41.25741281,107.8368415
1093,1768,755.7504979,55.19898796,111.8455791
1799,1094,568.5783798,18.53310516,23.20447032
1097,1469,349.1738293,29.4487179,70.95409344
1097,1583,579.5088314,57.80133804,116.0093675
1098,1427,145.5910052,32.76643501,87.26510781
1100,1311,125.4311527,74.65514866,966.4485203
1100,1136,60.91020231,26.65778996,33.17764018
1101,1433,263.3073136,36.29588582,84.00620713
1101,1805,320.8957553,99.51255656,1289.791716
1102,1120,437.27896,84.67776161,151.3731344
1104,1535,300.6409098,117.7702664,870.5592979
1284,1104,573.4910421,37.68049724,63.37674119
1105,1439,464.4351601,26.18058143,38.4989801
1106,1578,689.9948448,22.70743955,90.16593724
1106,1698,333.2923204,42.4851672,115.8266896
1107,1835,200.9250985,19.25571591,38.44518744
1108,1216,136.2343272,22.81322138,21.20625699
1110,1122,343.855049,61.70343427,322.0722075
1110,1502,207.7167499,27.27405921,32.71237546
1110,1284,138.8510248,64.20338514,162.7567534
1111,1159,508.5857965,70.23459431,187.8200001
1112,1557,2662.134322,37.4681872,163.9501461
1112,1346,2341.621036,76.26918005,1775.622276
1113,1507,711.1470145,7.068784593,3.946270816
1113,1267,534.7262649,50.93950436,118.221883
1113,1297,1424.284554,27.69234944,136.7623297
1116,1164,424.3351096,23.77394596,49.47637124
1118,1542,592.6053692,33.49909099,62.91826772
1119,1773,303.3538764,44.65093992,264.0346569
1119,1821,581.4829376,48.93385359,140.5627882
1119,1749,224.5111459,29.69367692,176.1266474
1120,1162,386.3014545,51.65050116,188.6688639
1122,1634,334.8063591,30.55041337,45.07440618
1559,1122,1032.437045,64.45564651,83.97955863
1123,1315,697.4012569,239.3973922,21041.98988
1123,1300,526.3930735,111.5916197,159.1425973
1124,1326,296.8561054,70.02513103,113.802237
1125,1489,465.5974047,31.91406533,60.55932779
1127,1181,742.0186781,33.63493931,25.33567129
1128,1398,460.6256727,32.62975123,69.49340018
1129,1310,219.0246148,42.46946214,182.8420559
1129,1335,722.8980514,46.47652849,86.97567078
1130,1899,124.232046,60.95369409,236.5447977
1130,1782,3705.554474,42.64638239,83.676319
1134,1631,2341.621036,109.9349104,787.0424191
1134,1541,796.2212338,43.49294442,619.6039025
1670,1134,1387.613862,40.95225226,101.3550187
1135,1280,1040.590722,40.75645856,74.032687
1136,1890,597.146254,30.08261529,104.8640358
1137,1769,474.2868375,22.70425213,100.4037667
1137,1757,25.73839799,17.66198566,21.66179251
1137,1504,262.598445,73.41810123,317.3107605
1140,1571,122.1942999,78.86306157,405.0370264
1142,1178,331.346377,33.15177025,229.7932602
1142,1880,222.6732767,20.92975371,5.805015694
1143,1573,253.3709515,33.21271473,71.23158258
1143,1381,949.2317713,7.011561935,3.302384462
1145,1273,547.1455093,25.25610885,20.24160486
1146,1685,1666.817721,56.44596121,90.94497929
1147,1225,583.7037356,57.30419568,172.6565352
1147,1285,1050.099938,34.12652,64.15752667
1147,1391,273.3032235,62.86762888,260.6846754
1148,1665,517.3137746,23.50730853,48.16434078
1148,1802,669.7416885,26.56193208,75.17238976
1148,1281,218.3910293,111.8511253,758.8416095
1149,1624,129.3977951,87.65134599,615.3772182
1149,1409,428.3463439,138.0600466,1200.249222
1152,1667,421.0464061,35.24474126,132.6319431
1152,1511,309.2870407,73.46186089,563.6928757
1154,1852,104.8943503,100.9626448,780.979753
1155,1425,484.2725668,31.29756239,23.28505432
1155,1678,507.5619775,30.43473219,52.63762158
1155,1721,524.0079589,39.48834603,320.8167206
1158,1382,354.6651261,18.96000079,39.12119553
1158,1682,190.2236051,13.72795122,3.137027366
1160,1629,309.8837454,42.61042141,91.69576551
1161,1827,166.9479883,111.577233,1439.185097
1161,1851,324.4906359,31.13770894,29.95162854
1163,1298,359.9379844,38.35339808,99.27061326
1164,1592,379.6559295,54.93447815,167.3822804
1166,1726,439.4701222,35.23573036,62.42894062
1166,1756,434.3321001,71.75768358,559.395248
1167,1630,220.1828316,29.19357945,65.20666223
1167,1763,518.9610531,33.06454297,37.98236074
1761,1167,667.0150371,41.70799584,136.5865657
1169,1187,510.7314006,53.80985144,432.505635
1171,1330,685.6646955,71.3590249,679.8461225
1172,1623,880.2680957,36.22951227,76.88814928
1173,1789,784.7516748,72.21610773,136.0697876
1173,1755,516.1461434,66.25794233,231.7240444
1175,1258,721.2945621,36.63459866,135.4737397
1176,1532,136.8058842,28.53607799,66.99269223
1176,1304,183.1001312,97.24361837,719.8390851
1177,1236,193.8731916,76.83238295,631.3118434
1178,1897,398.9027904,21.56137554,119.0627886
1178,1396,722.8980514,78.48243656,531.6751925
1178,1536,215.6588456,82.77136812,207.6668668
1179,1531,231.2527297,33.09385147,22.31573252
1179,1821,75.58673852,58.5816527,167.6334344
1182,1694,280.8129592,21.17246906,51.5791129
1182,1559,267.0575518,30.17836205,69.77341766
1183,1367,169.9984921,88.05828623,1911.415639
1184,1593,294.6685619,32.48837049,104.3602501
1184,1734,112.2062894,58.94962093,114.6752929
1184,1814,346.3408786,30.60224153,52.16110882
1185,1711,223.0838282,35.5010386,51.33018394
1188,1770,242.92989,93.78920466,792.0685676
1188,1610,424.8894321,64.89744581,174.178056
1188,1595,807.9075937,21.59582932,49.13626045
1188,1445,395.9190753,96.18363756,319.7484924
1189,1345,210.6821379,93.91078328,1024.401079
1190,1846,146.7225886,25.28969851,45.24684937
1191,1747,313.1806594,34.44019797,171.7809363
1193,1229,304.1354992,24.38916946,49.40968724
1344,1194,248.2977713,46.75153947,69.46903273
1194,1559,314.0591884,60.63692118,384.9403794
1196,1458,657.2673799,47.28302385,80.50438877
1196,1776,271.1658856,58.57558899,289.1256055
1196,1380,252.537158,54.08384216,286.642541
1196,1467,176.8737082,43.37168682,116.4619621
1197,1779,449.1910293,22.7703731,29.07192318
1197,1699,514.6940253,29.11312462,47.86531518
1199,1409,463.9731336,134.2812555,1905.025942
1199,1456,463.0510885,90.66562863,343.2768245
1200,1587,2064.634066,83.0694949,207.0281087
1201,1330,298.3073433,51.81656002,107.6463547
1202,1271,197.1452485,51.76912451,156.3485644
1202,1728,645.8292508,41.4003856,256.3453186
1202,1596,516.6684936,77.09411419,436.5962052
1203,1480,204.3966949,18.37661478,37.08518783
1204,1240,314.1148675,25.38233405,6.541628829
1206,1670,324.9887435,91.67775869,1262.463076
1206,1523,260.254019,61.03447929,439.4769383
1206,1349,119.0059977,80.96692853,172.1509536
1208,1896,216.5947757,31.00142555,73.78906033
1208,1281,2004.171289,84.99371581,375.9444745
1209,1853,2098.285937,25.36772666,35.04388115
1209,1729,318.7366277,35.85051966,86.46390423
1209,1877,85.96193792,44.49417748,37.20233471
1210,1222,134.0039807,43.08807508,143.4262544
1211,1338,210.391956,105.9135789,450.5908675
1211,1513,342.7305492,139.6367782,988.7705814
1212,1589,600.2121493,33.19980243,123.1392757
1213,1219,606.9541362,40.50872769,37.76254799
1214,1818,702.4554958,22.09786006,22.70394626
1214,1581,271.0911536,27.68644272,17.22821886
1215,1525,67.54240776,80.9728874,477.9945549
1765,1215,454.4944612,27.49307837,32.76695992
1216,1222,216.2887441,35.61535702,80.91144049
1218,1601,119.3578063,40.43984013,123.7386688
1218,1547,212.6288749,53.1413948,279.6495112
1220,1740,470.8153398,36.77289717,166.0896377
1221,1851,351.5216805,29.49174073,29.12334831
1224,1562,423.6879244,52.05676268,206.3414028
1225,1387,210.6821379,11.17876677,8.052258606
1226,1870,374.8628116,35.0666468,88.63213023
1226,1898,143.2339061,29.65562332,64.30494309
1227,1638,288.2770462,45.27653387,482.7510093
1227,1615,335.6457943,45.93388269,126.4354286
1227,1292,102.5726045,48.0342486,95.98747546
1228,1878,158.8588976,102.4353092,2988.189141
1229,1348,282.9339802,37.3241799,153.6228736
1230,1547,50.76339322,50.8072462,157.0540468
1230,1304,193.0036362,62.04446498,343.9464826
1231,1395,310.3407247,90.88448294,286.9198537
1232,1882,334.8991809,80.29472035,259.439625
1232,1887,186.011315,18.67500235,28.80495041
1232,1626,404.4053001,33.51494802,79.5488264
1233,1272,369.4815806,55.66436818,357.8630899
1233,1699,371.4615824,46.47745221,92.67078008
1233,1645,449.9545,33.47564942,69.11836634
1234,1902,314.7466556,57.10901095,386.321859
1238,1810,1064.48712,26.8528958,60.85504649
1238,1341,254.1127514,47.02854106,172.6352648
1239,1621,321.9945508,10.95899193,12.87158542
1239,1385,345.9701209,17.82626834,10.54279679
1242,1478,283.2796836,30.27746311,42.6238752
1242,1378,238.0243358,34.85183694,134.0782375
1244,1428,107.9411169,116.5572195,975.3338321
1244,1261,359.759669,89.20387079,1579.623309
1245,1247,243.267147,14.85551758,3.175990044
1245,1513,297.880416,49.97282886,456.4540948
1245,1803,316.333154,2.956414461,0.05008256
1247,1594,472.7748279,41.01115087,42.48168442
1248,1493,366.1329294,145.7512664,1804.220573
1249,1325,297.6242794,38.05722487,56.92288339
1250,1316,270.0882232,51.33291801,226.563713
1251,1459,225.4638964,42.99102474,138.947714
1251,1373,253.5573664,39.72247925,222.1236773
1251,1729,848.9314547,82.05058774,409.0820823
1254,1514,1155.187674,45.33938506,133.674775
1255,1375,468.7622333,47.16428078,255.6260038
1256,1830,693.0624025,24.5040486,26.49249227
1256,1647,166.3895178,48.10897256,99.68807285
1257,1322,255.5581052,43.2611187,59.20736321
1259,1658,226.8000041,23.65567205,23.11738885
1260,1731,361.6936824,84.19134504,917.7571488
1260,1411,213.9732306,31.87939474,83.5854111
1261,1572,309.5056067,27.27248893,50.14959659
1262,1873,374.8628116,30.02490484,28.35684544
1262,1549,1028.549396,50.1716197,583.4615584
1759,1262,366.3130712,55.59530119,214.8463921
1262,1787,870.2509514,34.00665729,117.0022732
1265,1483,363.9071631,91.88261674,974.6476056
1266,1895,335.8573166,23.45855894,33.51652909
1267,1847,278.2390102,33.38542111,98.87680521
1267,1767,377.322866,59.36039914,298.4061979
1269,1646,42.90143123,28.5647196,89.65775968
1535,1269,669.2937082,54.41148853,85.48612187
1270,1427,566.5000649,32.48826685,36.36886025
1271,1356,1424.284554,28.32545317,32.71952318
1271,1889,578.851407,62.97944448,423.4158345
1272,1753,426.6370977,33.23518542,46.9731082
1272,1743,450.5168961,28.15121477,52.55579138
1275,1435,185.4251035,26.15727597,41.09403982
1275,1403,169.8605248,22.95632526,62.25178113
1276,1714,315.5626347,29.64054858,55.28803936
1277,1797,413.5034479,47.72178572,146.0079262
1277,1606,397.8967524,14.25784837,42.78642647
1279,1658,702.1567414,45.94346033,93.41457584
1279,1565,522.4413971,50.67384953,149.8819242
1281,1416,205.5991006,45.3660518,147.1270103
1281,1899,292.1550982,49.73129308,117.1625787
1282,1393,300.6841826,30.90713606,74.03543866
1282,1576,325.2346725,41.41634382,142.2602521
1283,1453,195.793041,56.54104931,262.358174
1589,1284,249.8987391,110.0159041,1414.858665
1286,1901,91.92910085,53.27418697,220.2348188
1286,1780,134.0039807,34.02831915,81.7822052
1286,1770,188.9808136,50.2544001,218.168991
1287,1833,353.2450586,80.40863797,177.8011599
1289,1472,502.1806243,106.1739699,1240.372242
1291,1563,477.6647368,33.84079994,82.21415321
1292,1814,463.0510885,102.4653673,915.6239706
1292,1690,233.7971718,94.72968143,529.8396268
1294,1390,217.3714357,40.52592458,173.4840516
1294,1398,175.0290221,27.06676115,33.77874575
1294,1631,300.7351383,31.46029194,45.0352106
1605,1296,317.0501664,54.13139709,382.0745397
1296,1412,654.9590477,22.05591849,40.63442528
1297,1767,329.6185157,35.05732454,78.59347136
1297,1377,643.0859405,30.5373309,38.03325464
1297,1630,304.7013525,134.0873169,1091.748547
1298,1328,638.7054599,71.44747235,288.0738985
1301,1530,241.4176786,51.40669879,135.4341331
1301,1850,314.5977668,60.63271862,363.0954751
1302,1588,211.1723947,22.90900856,21.49406718
1302,1713,251.0210505,72.70377048,403.8053971
1302,1719,339.7840332,70.92450817,350.3326059
1305,1439,354.37142,26.96423899,42.65152215
1306,1572,330.987834,56.49730489,131.3055628
1306,1364,394.0931082,106.2092352,1306.503308
1306,1404,552.08201,46.66872703,152.1610208
1307,1429,171.0153683,35.06908374,187.5312735
1307,1775,1120.459658,48.29316718,175.0681791
1309,1574,91.89183806,34.42472374,80.60952889
1311,1388,81.8394545,14.19921377,11.5689048
1311,1488,69.5747415,86.18309673,241.5993249
1312,1389,181.7405365,40.7848208,125.2961896
1313,1318,371.2646003,39.13608172,166.0214965
1314,1490,194.9990325,31.23415578,69.2167042
1315,1379,177.0384233,51.50221594,260.6461664
1316,1858,193.7785227,153.6316972,1130.900662
1316,1671,186.8337053,95.15680372,2040.240622
1316,1736,372.5739333,33.21840918,124.0928888
1317,1805,532.126541,63.61125737,140.6225328
1317,1687,4881.660576,33.50401866,119.4668495
1317,1809,1642.699056,26.45583573,22.00004735
1319,1673,75.50330093,25.28102388,75.91545298
1319,1410,157.2249592,53.25840247,166.20833
1320,1439,561.7326431,71.59821051,2137.898135
1321,1770,349.7934557,40.65595346,104.9134576
1321,1394,271.4517207,51.78442284,252.8007486
1322,1347,375.1184116,19.7261,8.574300212
1322,1361,534.061291,37.66059063,166.3958634
1324,1386,159.9451335,26.19964188,40.03121304
1324,1484,196.8525428,29.0567721,119.4000242
1326,1880,988.3510182,49.0065512,279.2264156
1327,1409,504.7655711,30.40705114,79.23436461
1327,1546,477.4011347,81.18728556,397.6597458
1329,1370,332.1859822,24.60638715,193.4961791
1331,1599,460.6060638,32.48932585,40.73161451
1331,1704,154.3655441,45.66061394,145.7541822
1332,1516,54.9352341,51.35548005,161.8717553
1332,1347,375.3445931,38.68723901,131.0208038
1332,1552,208.6295318,36.61154319,85.11570781
1336,1876,597.8811793,23.54741247,22.96783239
1337,1831,204.0945777,32.90969728,110.0404861
1337,1702,351.5216805,70.11801207,295.1887889
1339,1667,465.7234694,36.28904618,53.58258779
1340,1415,631.7028019,37.22112457,85.01470525
1341,1822,595.1792172,34.96950951,90.19032655
1342,1702,275.604793,23.1084652,16.32243657
1342,1819,106.6569936,72.17940303,255.7283606
1342,1407,304.5300069,95.16865933,696.2393648
1344,1571,226.6947229,39.57814978,68.8122471
1345,1403,321.7443091,51.12690939,157.1121933
1345,1435,167.9861672,47.67197532,185.2194008
1346,1888,175.556399,25.32760645,25.83213983
1346,1854,101.8033251,53.11481983,422.0005018
1346,1360,446.302781,31.29493124,31.20038303
1349,1592,124.1066729,32.81554766,8.621011017
1351,1878,304.2261242,21.4734567,30.02591176
1352,1789,238.8379871,58.01466018,314.4341467
1352,1755,668.3878467,55.87977681,129.7167711
1352,1600,160.2835448,29.7101826,56.31956184
1354,1640,93.67032736,71.5782661,201.3320227
1354,1577,390.5338281,54.11770125,122.6265946
1354,1370,165.0925261,91.84244004,717.7850599
1355,1431,271.8671735,47.16133752,187.1034471
1356,1826,423.5456655,106.4962559,1551.808441
1358,1685,464.7243505,32.43023927,103.5820188
1358,1700,348.0314051,29.22665671,30.43646341
1360,1862,140.7218803,82.87826523,407.4999175
1361,1758,498.3483237,34.06682221,81.10781191
1361,1801,377.9841447,24.41541056,36.88578019
1362,1466,296.1770007,32.00986104,80.86974128
1364,1428,450.7025223,50.40220734,126.8083647
1364,1764,189.8434963,60.85803554,490.8912832
1364,1864,304.8073555,101.4290648,646.8055467
1365,1759,271.236828,21.96862041,23.45330619
1365,1787,656.4404604,94.53462016,407.4966599
1365,1829,755.7504979,27.6048446,38.1687995
1366,1631,2064.634066,115.5394285,1927.793295
1366,1607,81.32587157,54.71629193,149.4839437
1368,1400,342.4038846,16.6914447,5.225217926
1369,1489,359.5288499,58.55810962,232.6178912
1372,1768,623.992146,63.83171054,399.3825411
1373,1853,240.3744119,58.76085479,947.1783506
1374,1643,245.6525398,32.39081353,56.95360714
1374,1395,343.1122796,123.2062243,693.5490297
1374,1622,674.5268534,46.71603185,86.0552677
1375,1383,364.9657052,82.62565859,895.5550315
1376,1710,375.3284333,38.06539826,124.3660212
1376,1698,75.00261237,50.94493955,135.3647405
1376,1897,487.6965485,103.3460763,3649.68925
1633,1377,491.7983331,37.54264387,151.4941518
1377,1417,314.0591884,19.39865628,19.52058464
1380,1662,425.7217866,30.34140386,78.38414124
1380,1708,303.9309738,26.44774058,69.6341646
1895,1381,422.0271828,51.94815059,416.6313025
1381,1585,676.7044028,37.68817204,65.14241593
1384,1424,247.6028455,34.73422554,70.85746804
1384,1718,337.3277172,91.65650169,692.1224484
1384,1635,212.4484364,102.6975488,437.0334112
1384,1804,275.8889193,39.97005866,196.2828209
1385,1579,369.8359877,38.2438168,70.19603642
1385,1444,341.6175937,21.99447456,20.11453589
1389,1684,406.13416,48.64432891,102.5270475
1390,1565,505.40604,41.15332583,166.4200227
1393,1465,376.1813593,22.40776682,36.75660961
1393,1441,729.2562404,50.04067999,167.7476071
1394,1649,433.4131552,36.01501963,58.54742789
1394,1583,275.4933795,89.44887453,603.4425116
1397,1510,170.1882618,25.26625066,25.91345622
1398,1616,1974.658957,37.30466049,44.64285872
1400,1790,1808.60053,14.07010841,10.55874341
1400,1750,1278.074796,67.61063328,271.7097227
1401,1763,354.37142,27.81208857,22.52582964
1401,1405,301.6235329,30.20273882,66.15275547
1401,1797,372.3959911,38.27148543,81.45718392
1402,1553,315.5116221,41.76344836,136.2793576
1404,1695,412.5236789,72.96910793,649.6886104
1405,1648,366.1329294,40.96809806,174.7839918
1406,1688,306.0025953,27.38494403,45.00321016
1408,1587,440.927846,22.64832437,22.8381154
1410,1688,477.4011347,27.33973755,32.24250893
1412,1482,337.4581364,50.79697523,305.9037238
1413,1857,232.8213646,47.3183864,260.3072157
1413,1483,154.3655441,41.81630732,83.05010111
1457,1414,615.4954361,84.00567825,237.6766161
1415,1427,242.7171832,17.78888753,15.40428997
1416,1503,381.5498789,51.72238442,73.75185509
1416,1899,78.45539329,61.35557657,114.9386414
1417,1763,228.3359391,139.9300412,1669.768364
1420,1840,99.71412546,29.41949724,31.43225378
1421,1809,528.6883345,32.18592436,305.5451623
1421,1687,306.7072386,37.72576814,258.9505968
1421,1879,388.4226488,21.18532393,4.299977463
1421,1773,172.3704069,23.02796643,171.6951206
1424,1461,21.65960939,63.4766082,245.3104492
1424,1455,359.759669,45.70617962,61.48581486
1424,1650,144.7023406,53.03981443,103.1551659
1425,1687,174.2971345,29.01840606,119.7255841
1425,1879,521.1901335,20.71785749,4.439143528
1604,1426,298.8760278,25.40637335,60.65229658
1428,1482,616.8493952,56.46655982,396.7423735
1429,1861,455.0400788,49.89196774,397.7549508
1429,1672,265.523103,38.72362527,84.49403699
1430,1598,63.4009281,71.57887226,311.3462111
1430,1634,1055.858964,112.6088236,2909.365206
1432,1780,333.4956767,52.76651866,155.7860954
1432,1900,451.859148,78.73392367,269.6907626
1770,1432,173.2564684,49.17169953,117.758444
1433,1600,424.9001471,19.76787081,16.61075186
1434,1556,225.8665103,75.79877062,330.7702287
1434,1592,270.8857278,27.98779615,108.1324796
1436,1536,228.7977051,65.20757889,132.0406552
1436,1800,252.4558637,127.101813,1885.751088
1437,1815,243.9825856,39.2144495,20.61985954
1438,1691,267.747214,23.6874664,30.05393232
1440,1494,556.4354364,48.97396717,114.5196985
1440,1794,377.6218647,36.30573436,108.4963359
1441,1576,305.0422449,48.35739083,116.6008784
1441,1498,308.2651033,33.01503805,50.87377453
1444,1618,559.1429178,21.88128607,44.40819646
1444,1660,290.1588737,61.12106599,212.4523072
1445,1583,222.4742108,22.64873252,19.79256299
1445,1601,590.2740786,46.11998138,93.70787164
1446,1554,248.8159216,50.81059867,124.7096648
1446,1842,441.1701308,33.89907509,62.2086478
1507,1447,379.0823482,34.05885686,80.45051827
1447,1525,279.4987668,20.34103475,37.78169199
1447,1633,544.689017,11.98464929,2.90322507
1448,1655,163.8130962,54.52817457,104.2173266
1448,1589,178.9006734,35.42664919,127.1865732
1689,1449,1083.740058,76.87760051,200.5667688
1449,1452,1155.872922,48.14549132,266.669827
1450,1501,608.6966974,10.31249547,5.14119782
1451,1607,544.1833197,75.22119855,336.7140077
1452,1617,195.336973,41.74105914,108.3514407
1453,1791,229.2882337,34.98891329,121.6664951
1455,1720,179.2475238,62.68914429,795.2841301
1455,1718,262.2700241,36.17993212,127.0054529
1457,1481,249.2431119,20.15300373,44.05544828
1458,1772,367.8985108,39.6761598,365.9200566
1458,1892,251.1476902,15.99510452,23.45913867
1459,1871,315.2514771,25.310464,25.22862188
1460,1526,324.9887435,47.40724854,1031.68527
1461,1596,223.5427685,47.7152419,130.165052
1461,1852,254.0327086,67.94726552,372.6000498
1462,1725,647.0811089,22.84082346,72.12760506
1462,1543,365.6032421,91.64152684,930.2286056
1497,1464,75.00261237,48.236635,97.10057577
1464,1716,335.3455183,30.752273,30.61095899
1465,1618,269.0147901,16.80628448,30.03549034
1466,1613,571.5129566,27.64476348,80.18587692
1466,1601,471.1184585,41.60340543,163.9540178
1466,1547,150.4000447,57.08221092,276.5094284
1467,1708,324.1581262,28.74656291,30.59089644
1467,1680,181.1259665,50.73326394,279.086778
1468,1857,223.2747683,34.93978888,41.86385497
1468,1483,404.4053001,63.08864913,305.3883424
1469,1760,201.5531308,32.41963348,73.41136592
1469,1649,270.1366188,34.76294289,122.6867083
1558,1470,284.5999273,66.19685159,406.7882786
1470,1584,91.61178266,101.7011849,731.9264611
1470,1838,303.9795021,17.97681816,10.3728142
1472,1700,391.8038404,55.02110364,216.1192918
1473,1802,187.4831483,32.30570195,65.04477773
1474,1783,295.3729134,62.51322723,276.4261412
1476,1748,297.4542591,55.6673186,135.5007681
1476,1870,496.9689526,43.4199414,208.4380627
1477,1597,224.8101062,15.26539604,12.90831992
1477,1825,322.7140496,24.71731555,50.43251366
1479,1818,284.2564098,46.42908694,129.9037956
1480,1567,233.345313,48.83740404,182.5851777
1482,1836,322.6038876,26.32753498,106.273513
1484,1586,179.3469999,30.20308887,67.8270663
1485,1866,472.9959756,48.05238863,84.69017251
1485,1653,164.488574,38.34536935,237.1357614
1485,1720,215.9173046,41.89689663,60.9350164
1486,1741,415.24228,65.61737873,689.5471489
1486,1696,199.5338827,8.54553852,1.872243352
1486,1588,694.7491539,40.25717132,74.75219135
1487,1655,902.1082005,55.60572288,264.448561
1488,1509,350.1370834,21.29502215,38.85495533
1491,1774,400.5904883,17.65558409,7.058770236
1491,1748,406.1750909,76.80618049,548.6821792
1492,1693,174.8335651,12.47964482,5.404111203
1564,1492,523.6733744,40.73821031,253.4381083
1493,1577,287.5102115,50.01837639,173.5486121
1493,1517,1101.767362,16.47790109,9.334676231
1494,1548,393.0982995,26.3937057,97.23783294
1494,1551,1027.354652,29.83631998,72.23918695
1495,1561,290.1588737,36.52621149,185.5399258
1495,1666,668.6211778,23.58121602,57.09099003
1496,1499,575.2355721,20.12045558,18.95058392
1496,1694,239.0985736,21.74879456,55.4130831
1497,1656,217.7945999,26.54849328,94.94973717
1498,1881,337.045093,20.96302949,31.70210143
1498,1769,188.7577564,40.58819889,201.3768108
1500,1782,120.9532605,92.44641792,616.0590504
1503,1802,397.8707718,135.8071351,2246.835637
1503,1524,262.379839,16.95865756,43.40096775
1505,1619,414.7367588,28.29247463,19.29033689
1505,1520,230.6699168,73.57060086,795.7309875
1506,1816,57.21044854,37.94750673,104.0073718
1506,1518,126.15615,59.64733462,210.450844
1506,1754,208.3369127,32.43741406,75.16654713
1506,1776,225.730256,96.37467713,1066.448474
1509,1545,361.6936824,37.20940068,55.28642544
1509,1728,187.8626283,97.37513984,2290.668302
1510,1692,158.8096179,48.96046339,162.7155248
1511,1544,494.4236049,25.00597333,12.1848109
1512,1736,564.5744045,34.85105253,299.9182445
1512,1816,414.9188463,48.39547202,1391.113272
1513,1791,214.0170429,114.7385811,2430.271198
1513,1785,188.531461,112.1802518,926.2613647
1514,1676,711.1470145,54.47577408,134.7354282
1514,1556,501.2274043,80.61302594,355.0719822
1515,1718,1364.032136,28.03990615,46.16145163
1515,1686,662.8742857,40.31131214,150.595921
1515,1804,127.3342456,44.75661088,60.85503156
1516,1627,227.0412404,65.90733416,277.7489253
1516,1606,334.3350153,38.29387272,95.51377069
1518,1632,1083.884355,32.16294178,46.46119844
1519,1713,86.37263302,51.26948473,148.625355
1519,1719,468.1656135,34.62579369,79.10470676
1521,1898,165.7847642,29.3269323,75.14360993
1521,1661,680.4449547,84.91594995,294.7825917
1522,1793,669.4787115,13.07634133,11.06315477
1522,1735,351.1958333,14.38039007,1.416105444
1523,1556,905.2748885,84.85965678,189.8412889
1524,1876,332.3058084,17.01777277,42.55131164
1527,1848,211.1723947,53.76160175,202.6585799
1527,1746,233.345313,74.7200683,151.2834169
1528,1803,308.2528451,31.85295923,34.33327618
1528,1855,360.8360859,73.15985249,508.5616094
1529,1700,146.3248441,63.36619896,233.8285114
1529,1679,217.7667406,55.55373748,1135.455248
1530,1883,150.5741881,42.98398227,351.7592972
1530,1892,435.7195761,49.39950489,139.8621
1530,1742,764.6463941,35.91424892,52.76167681
1531,1749,616.8493952,30.80739043,122.0682925
1533,1632,333.3095775,27.78646672,27.65202776
1533,1590,634.8676795,26.87819565,55.94442778
1534,1741,528.1202201,29.68697441,100.7775
1534,1733,330.3261364,34.42587979,46.70640362
1535,1559,213.3433206,84.87258385,1315.926086
1537,1543,208.7901995,34.81680242,51.14244293
1537,1859,217.9040005,45.0419151,296.3453054
1537,1731,195.8858017,23.38189711,70.48287231
1538,1616,192.1580615,14.44842919,5.96565711
1539,1786,201.2208564,51.60481411,277.6146005
1540,1666,185.3371688,35.15923151,228.1502056
1543,1743,472.1494252,24.46187086,60.10618997
1544,1667,529.6169379,77.17574461,74.95387123
1545,1764,301.2333071,15.2391168,15.74554422
1549,1869,200.2972941,36.61585951,149.5850831
1551,1794,415.1675606,108.7874215,556.5413907
1553,1562,300.1522734,31.19527303,55.70244774
1554,1822,535.5904369,16.98025414,8.642132976
1554,1796,289.0479444,29.26725748,114.84505
1555,1775,657.2673799,39.55233257,189.825627
1555,1749,1073.645512,55.69675449,98.84895149
1557,1762,356.5411024,32.23742238,96.12813668
1560,1590,268.0395683,61.31184484,195.041742
1561,1789,783.4679732,61.1202487,245.4039551
1561,1621,2259.420999,109.8488151,192.6061634
1563,1823,910.1111512,84.93691457,253.6379308
1565,1568,835.7274091,41.36661888,166.3162028
1566,1902,89.68328444,45.12067763,89.05992819
1566,1858,517.1541842,53.06471236,256.7720476
1567,1612,234.4148446,31.79350683,54.58696444
1568,1658,287.772369,102.8852379,2239.862766
1569,1784,90.72935611,38.94871692,97.27597354
1569,1796,197.435632,36.80089962,139.6754041
1570,1624,454.7658268,35.74870186,49.67867534
1570,1871,560.0473473,49.87800726,180.3539703
1571,1646,467.2752251,50.03096212,167.0629293
1573,1765,205.4299773,47.63024512,145.3460122
1574,1661,80.09770767,20.87980279,43.43527373
1895,1575,164.2400227,37.54847478,92.22548887
1575,1611,295.9341185,20.97886145,19.87466893
1575,1724,2310.763389,22.50119482,17.30766572
1576,1769,540.4840577,23.39646353,48.1740146
1578,1680,422.0271828,30.9342163,208.8977294
1578,1830,1347.101366,66.94205693,675.3430415
1581,1882,262.0547376,70.44399751,310.7367151
1581,1626,242.5459691,35.24966705,56.61049241
1582,1807,403.8751156,14.9875286,16.89932182
1582,1869,170.4962728,44.05210993,75.60088783
1584,1891,414.7367588,8.320267494,13.11758384
1584,1810,285.1267412,29.61998941,58.65946696
1585,1611,291.1754312,25.13576379,50.58672588
1585,1867,240.8326967,43.82997381,80.78552317
1586,1670,231.5828176,60.02058525,98.06941376
1587,1788,151.5351911,27.9778985,18.77825509
1587,1752,490.0332574,14.01178171,22.96301251
1588,1733,270.0633943,96.83415759,520.0311474
1590,1701,106.6569936,30.8783384,42.47428179
1591,1681,321.5269798,51.38082967,125.5429353
1591,1735,117.2556025,15.83160794,6.390017631
1593,1756,312.6233832,40.20904103,76.95317644
1593,1638,207.7638298,41.36716092,108.5552774
1595,1652,499.7699857,25.86956088,31.16022205
1597,1787,372.02162,29.26667843,122.3953696
1799,1597,450.5954272,118.2953859,874.5236679
1598,1694,450.5760534,15.11392809,7.178740774
1598,1634,332.1859822,68.6600492,188.4537234
1599,1806,477.4603998,52.67002045,199.2817102
1600,1666,220.676996,24.65598491,96.59715653
1602,1708,273.1858841,40.73219238,66.47621912
1603,1727,255.4761167,52.89671169,499.8293508
1603,1654,90.08936031,50.74503464,179.1560326
1606,1711,262.4651613,26.89638526,23.60958035
1609,1761,160.9066087,47.89354066,205.2231667
1797,1609,454.7658268,37.29911966,64.71731819
1610,1900,490.0332574,46.1800699,258.9628572
1611,1716,304.7306833,69.58863215,643.0058543
1613,1697,139.940451,79.01931951,762.2759052
1615,1807,316.9223562,88.38586313,119.2528064
1616,1631,429.691581,32.8275746,63.61570759
1617,1891,273.6748765,58.17766384,401.9099344
1620,1662,280.8129592,42.51443097,158.6439623
1620,1706,286.2638424,44.55098268,194.3681063
1623,1786,345.0539638,7.880191251,2.545937234
1625,1652,319.1842578,22.40190179,19.51144135
1640,1625,723.4211976,35.94363386,65.28207316
1626,1665,349.0634894,57.32976798,72.28213831
1626,1812,322.7339702,32.35168197,24.62599937
1630,1837,255.4251042,38.15719777,120.27429
1632,1754,146.2787448,59.8372694,231.6703601
1633,1765,240.9005755,57.79211949,380.9625429
1634,1676,363.6314208,45.93080099,108.8165169
1635,1650,361.2263483,42.10035638,151.8888685
1636,1771,390.5338281,65.93582938,623.4939901
1636,1831,140.9939866,31.03642859,118.5536298
1637,1682,486.2760089,35.87127383,83.78508168
1638,1792,244.7618757,94.95094555,957.1998061
1663,1639,643.0859405,20.57673379,12.30271094
1640,1664,306.7072386,25.56612016,15.46470342
1641,1897,303.0450021,104.4269525,343.979686
1642,1813,240.825324,27.85775189,66.85175588
1644,1752,366.1673566,35.57093071,205.8773484
1644,1865,260.4852653,60.34000052,179.7667075
1645,1743,340.1581551,58.29983465,293.829578
1645,1725,1281.228384,33.14789702,102.7046649
1650,1852,249.8987391,72.98511748,256.3519434
1652,1664,592.1419628,41.63869275,166.2672845
1653,1840,308.0733628,64.3394543,233.8185837
1656,1712,134.537117,35.98748625,96.61083105
1657,1881,332.603298,42.14061245,133.9788373
1657,1693,352.7578063,105.5435194,860.3215081
1659,1902,81.8394545,55.06768601,227.7531231
1660,1751,694.7491539,59.90741612,140.3481093
1662,1776,204.7040186,34.13937972,61.80878958
1662,1754,142.3240728,73.07533496,408.9939277
1666,1723,311.4766587,55.83156467,102.3264017
1668,1683,581.4829376,33.90617862,214.8540938
1669,1843,845.7654619,65.91897118,229.3111135
1669,1789,550.2045592,57.00913273,323.7425863
1671,1683,355.772862,41.49110296,189.3976051
1672,1775,905.4421895,45.4972046,164.3334623
1673,1697,1628.943577,25.26318713,127.2745243
1674,1894,949.2317713,28.59493419,58.29433979
1675,1743,585.4915921,32.90948981,68.69349663
1678,1811,340.2725957,49.1924958,40.97372239
1680,1892,1027.908899,52.10139397,383.1369673
1680,1742,186.763222,60.60781619,382.7608675
1681,1721,681.411241,57.7249598,94.79343174
1684,1741,214.165958,43.63588266,89.02477381
1686,1893,879.7321326,26.89767146,38.04366317
1686,1746,609.8074011,28.45598309,41.31958613
1689,1704,313.4265779,39.35101219,232.4405841
1689,1832,150.8525007,35.11378171,62.33885533
1690,1759,469.8656346,35.00047248,85.78076155
1829,1690,361.1951487,56.18924619,163.1354636
1693,1863,1564.535366,26.68478825,68.3009156
1695,1730,363.9895721,78.4852352,316.755718
1696,1833,498.3025608,22.92251465,18.57770886
1699,1725,579.5088314,28.66927173,87.93340889
1701,1754,794.1630163,56.96352115,127.5763617
1701,1706,364.4378115,34.53213827,110.3429832
1702,1707,345.9457422,31.46925257,57.218694
1702,1715,175.9906607,61.24010949,285.9775986
1704,1734,158.4023268,18.3525888,19.72038071
1705,1711,264.1038789,37.13446683,188.7224541
1705,1753,184.4806029,33.71029912,131.2988389
1707,1831,337.7534872,46.39083901,153.9639025
1708,1830,445.4054304,26.3173566,42.12554504
1709,1737,357.842533,15.45423163,22.87743873
1709,1767,293.2852593,52.14075532,188.9690341
1710,1844,351.5193312,86.01175756,1064.896648
1712,1778,200.2972941,18.73986918,39.32836358
1713,1733,228.0938735,46.73958039,154.9696891
1717,1845,233.7767717,18.49554455,9.905335733
1719,1843,275.6198388,70.85747526,355.7507121
1721,1849,228.4788358,38.83079197,40.24937541
1721,1839,163.8579231,50.61205761,161.2697264
1722,1740,227.001576,38.91265232,130.5261666
1723,1771,213.4734975,47.32048523,284.1651617
1726,1886,158.4659146,27.33821202,80.81355044
1727,1755,459.1449638,54.53108946,625.6074842
1730,1864,721.2945621,36.07612679,47.08747959
1730,1901,337.4581364,41.52269399,127.6125756
1737,1795,477.4603998,20.0663683,41.65309143
1738,1896,289.5094766,36.46992072,81.97328089
1739,1757,208.1659213,23.58299981,72.1607526
1739,1863,260.6296374,32.31632525,59.20273128
1739,1841,100.8865184,28.99579571,18.06772553
1744,1850,122.9169129,29.06071476,45.62582442
1744,1844,172.8914334,32.25272069,85.02960856
1745,1769,586.5620605,26.53938829,72.57842907
1751,1881,465.7234694,24.31152298,121.9822097
1752,1801,400.3333842,47.16719186,194.9631939
1755,1805,366.1673566,62.39176733,100.5119243
1762,1846,243.0296828,36.57980878,277.7369454
1763,1867,367.5642411,17.80825282,13.58388321
1764,1836,229.0295232,58.94904104,675.5934125
1767,1837,308.8625764,137.6135382,1345.221707
1768,1872,256.671606,46.01078931,127.3951339
1772,1868,68.50174549,87.64918676,463.4816488
1772,1776,397.9340822,40.4978209,108.8989435
1777,1807,145.5642076,88.24594479,385.5164829
1777,1817,496.8374106,177.869352,2284.261054
1778,1848,160.6231128,26.99203584,60.47745951
1779,1801,444.8392557,24.03461808,34.43308361
1784,1838,309.268393,32.92398125,148.4809409
1785,1791,252.9388909,59.96702462,431.0992096
1785,1855,375.3445931,37.94782626,24.04651759
1793,1839,460.277135,15.89856398,16.04561161
1794,1898,428.2885069,31.90317864,46.05340127
1796,1842,360.9261362,71.52308141,351.2290847
1798,1890,325.1001459,48.4823726,130.2564679
1801,1865,155.5899644,57.34071735,430.3105368
1803,1815,578.6141626,38.92168919,218.7920934
1806,1887,320.8454199,62.75474954,510.259975
1806,1812,224.1284404,42.37787617,132.1446741
1806,1832,317.7348058,52.20734126,152.8735223
1810,1838,326.6158913,55.66085205,380.6573579
1810,1822,389.0715425,21.40486708,74.74332564
1812,1896,271.5578782,32.07632641,103.0984926
1813,1837,491.1197448,47.05625612,177.6508083
1818,1884,573.0752289,30.61197942,136.0005869
1820,1850,225.2335121,43.39320358,37.15745587
1826,1889,406.3058076,41.97130276,251.2131413
1832,1896,316.6144048,36.18725305,47.08682639
1902,1834,468.7622333,35.47392611,57.52014206
1834,1858,801.9624447,43.28192694,115.5851592
1840,1866,536.4405259,29.01864593,134.7233008
1841,1859,391.328738,9.994550819,13.27654329
1842,1860,351.0632951,27.89510083,36.07982012
1844,1897,133.4917396,33.18664736,194.5689473
1848,1893,628.9813301,17.81140677,11.36443838
1854,1862,316.8667279,31.03157641,130.1841443
1854,1868,304.7013525,49.62330563,247.8337933
1856,1862,343.5423865,48.40169105,138.0946696
1868,1883,424.2016114,44.32986755,205.8422266
1869,1873,409.8056342,62.18481105,282.1771476
1872,1894,270.5399741,41.59783098,132.5601306
1878,1885,422.1491944,36.41159585,37.00090469
1882,1884,269.0147901,50.85737096,82.50556925
1882,1886,337.045093,82.03629231,501.5452041
49,1,231.2503812,102.4771292,411.4622778
65,1,489.8710869,57.99109607,159.1292595
17,1,223.728578,95.18065562,1259.925709
1289,2,367.7027492,121.2906108,903.7443774
312,2,174.7956832,66.88382443,468.3101
19,3,245.578267,108.0336379,1438.958357
50,3,124.9885857,196.7432653,8880.693288
35,3,465.7265379,322.6908255,13212.90415
67,3,349.1433554,269.1810891,17100.45384
743,4,479.7478001,259.4720293,5827.076035
128,4,90.08936031,191.8741702,5152.186168
20,4,114.5981634,69.32016126,262.0209969
52,4,255.3918375,426.647443,28889.39621
409,5,280.4339864,119.913587,1544.229071
656,5,457.9102345,21.43116375,23.90443379
196,6,348.0314051,18.30416071,32.08393319
621,6,290.7659296,23.79193813,29.7502728
902,7,198.0154805,17.79085632,17.40043389
727,7,331.9627717,20.30900235,12.7642839
212,8,460.6256727,59.8958099,135.2726854
423,8,534.2055542,54.73227854,111.0459722
367,8,436.2835308,58.28422773,243.377831
342,8,187.0601788,77.65006947,426.0885446
917,9,623.992146,48.35433617,154.4635755
889,9,181.1259665,69.90710171,219.2014143
488,9,460.5331752,36.91985142,143.9497693
1768,10,427.0568548,38.48459037,135.1621632
1473,10,201.5531308,25.79343261,36.53398978
1674,10,160.6231128,53.78757419,190.2105458
1654,11,309.1482962,59.13432193,175.2651859
793,11,278.4213024,48.69397743,243.2462122
1066,11,228.4313563,42.84045387,53.72690509
216,12,361.2623371,30.51687794,17.38608671
581,12,181.6454605,30.64266093,31.59441981
29,13,121.5546234,66.00567017,286.2213522
384,13,312.3035886,139.8040275,243.1592382
91,13,445.7206334,28.9413019,29.98796787
794,14,260.254019,39.64902926,129.474567
739,14,329.2493272,46.43750061,393.8311074
204,14,415.1675606,54.08752321,450.508055
1217,15,126.4427488,48.60314706,204.038535
764,15,240.2172069,60.29859901,338.5854815
610,15,144.7023406,72.13294956,469.0262933
337,16,378.6825966,60.94260338,409.9069148
311,16,512.2641865,41.6338867,171.8332253
164,16,501.2274043,107.221122,1891.024113
81,17,1292.936406,101.1989647,647.9566898
179,17,176.7870752,115.302449,337.5327665
221,18,247.4270666,132.4480949,4867.408306
66,18,494.9595688,249.1821595,3767.319653
50,18,565.813551,60.36228625,269.0605927
66,19,536.4405259,61.00100743,467.4817921
460,19,272.1732689,182.1925106,1511.108673
128,20,425.4607447,132.8410252,650.0918594
433,20,295.5676572,198.4800303,2547.821286
36,20,410.3207952,230.4159946,3354.647214
467,21,360.1340311,142.2318412,2097.444373
83,21,512.876548,94.39480299,744.2870326
458,21,406.1391091,102.3675784,400.6473171
1164,22,300.9568503,39.83328767,94.6934785
1655,22,542.2734733,71.47547199,115.6064067
1371,23,237.8331989,78.00658916,926.85313
1367,23,290.8620661,32.12456864,363.0707737
1231,23,335.3540978,109.2334348,1378.732208
290,24,259.5193221,50.09291496,316.4749817
390,24,416.4919821,77.26591723,226.2811782
156,24,534.4137894,67.86438768,68.52337399
744,25,307.8154888,58.08274366,288.906966
1022,25,1364.032136,123.771333,235.7536198
713,26,963.8684522,43.53465333,155.9688614
1862,26,259.2004389,32.37774938,79.35485466
813,26,562.2667658,33.07113644,92.45600902
1301,26,138.6576128,55.36981744,1093.526562
1080,27,118.5706484,15.20062613,11.67531658
1817,27,133.4223073,7.744035477,2.467753595
1799,27,536.8307915,8.395039508,4.202955855
1696,27,288.1881173,19.45213075,16.13057758
44,28,362.931564,59.38604994,97.50286365
333,28,248.5542772,117.3787368,350.4629305
359,28,263.744653,206.0958481,4050.846817
635,28,205.6968116,65.25379204,110.989336
119,29,534.2668117,87.73128757,645.8157663
230,29,187.8626283,133.3249636,1306.052098
763,30,383.5315126,63.06198963,356.2366316
1060,30,493.2938712,27.33860802,41.73272299
457,30,302.3180211,94.72265262,595.8139042
564,30,421.9323369,37.41481209,87.22901887
655,31,271.2508903,32.33137573,140.8496803
484,31,265.6652349,34.1256501,63.47872814
1127,31,276.9563468,52.92088734,65.60127312
64,32,653.154712,52.30796734,181.4159742
337,32,471.8861878,47.49883239,160.7978633
285,32,257.5711587,63.59012214,228.7833463
733,33,334.6260569,216.4014458,515.4496288
440,33,238.8379871,114.3218672,159.3309512
65,33,775.2590556,124.0409701,298.2822482
166,34,277.7837356,28.55804828,66.65884532
152,34,496.9226817,100.3066202,2129.03557
82,34,671.3528571,81.47964282,708.6950724
194,34,124.055725,79.0289822,1170.333008
751,35,307.3229515,330.8535946,7089.947083
51,35,135.5061889,231.7677492,4316.818153
68,36,290.8412154,267.9889652,6921.315823
52,36,111.7340762,304.4684235,4170.203098
387,37,168.94426,40.29427725,188.6692779
566,37,273.2214511,37.93716716,40.48377769
674,37,273.5937563,37.11132409,177.3300646
1212,38,292.1117815,49.59813153,377.538827
908,38,353.8926153,33.60078306,117.317861
803,38,89.3986355,95.46527429,351.8310707
595,39,208.5423581,54.77993862,323.7320887
315,39,131.1495224,163.836278,13553.01906
825,39,350.1660614,48.47063756,260.896563
412,40,176.124342,76.07352018,265.1581369
390,40,444.8392557,67.19163168,66.91610398
156,40,449.1287667,87.85698823,280.0851013
87,41,240.9005755,35.37397616,94.01926253
143,41,373.9964236,27.49134374,56.16475003
833,41,239.2014238,16.94519801,10.336995
799,42,252.537158,101.429775,654.5104902
953,42,161.5537713,42.60577836,234.2984748
1112,42,210.06636,30.90558941,51.79098378
1877,43,598.7199941,36.51479886,159.0524069
643,43,365.7887633,36.908009,186.9068778
1173,43,324.7603541,56.15922414,273.4035194
1727,43,344.7425771,41.98032746,138.6803458
202,44,638.7054599,49.09746354,84.00060011
572,44,512.1917406,117.1546346,1010.434031
269,45,558.2127839,82.0228962,168.2074747
715,45,268.7515305,115.3333739,1914.756134
1252,45,287.5339652,44.7316323,175.6602333
147,45,301.4362171,51.77887943,180.1204546
739,46,250.1177755,38.67106851,91.51987453
204,46,138.2294114,22.74561998,20.7203074
1046,46,270.3514961,17.48143477,6.759691424
1246,46,333.4956767,18.27886075,19.17143868
914,47,494.9595688,35.3855218,66.05978915
1026,47,402.4217299,39.39622135,43.75868443
1121,47,165.6061356,13.90883567,3.023190148
206,48,201.99432,75.0197504,1668.314954
233,48,546.5316574,88.70911218,222.6880736
151,49,1360.418285,98.87626979,263.2842889
81,49,478.8591703,101.6323805,594.3481752
325,50,168.94426,22.52164383,60.86738365
52,51,63.05385226,101.0528073,603.0187013
67,51,124.0511176,447.6652282,5335.462068
665,53,488.0924974,161.361299,504.8208645
449,53,304.8576438,33.02748245,266.1985657
300,54,617.9361295,121.5064792,1021.938201
223,54,507.5159509,25.33008523,41.96588862
1418,54,209.2367022,52.05949963,76.61186413
943,54,348.2928019,100.2557113,1020.572649
1111,55,193.8310893,22.69384328,9.937449041
1243,55,1087.243613,49.93819024,91.2784156
881,55,424.4185627,31.38996565,91.1822647
198,56,270.3876214,39.21493055,62.26668331
170,56,242.5459691,51.98097381,233.9784475
861,57,326.6865222,6.621930957,4.461303841
897,57,190.1381143,216.3440446,1438.855747
1629,57,216.6409876,28.99234291,43.99355576
819,57,188.3873173,164.888411,3327.539552
1372,58,295.5676572,65.73458607,285.1337247
1665,58,668.0776837,20.29159644,28.21964339
1473,58,835.4650817,67.71112874,344.078592
1038,59,364.9657052,27.57853678,48.19372987
117,59,905.2748885,47.91725899,394.329356
472,59,280.7455374,31.58501363,74.41335718
464,60,198.1395557,63.47141538,596.9906031
599,60,143.2339061,134.1177951,617.4240217
307,60,192.7918389,183.5103615,3262.100154
256,61,308.7220713,43.00664808,33.81407199
190,62,246.5623188,33.71328159,64.38190275
344,62,208.5423581,29.74752723,74.21777438
362,63,338.1936844,39.3549538,81.71229633
1040,63,237.0402654,35.82430905,80.4349748
764,64,243.8490966,80.4622983,316.2558952
298,64,452.4942728,68.39728746,52.54258159
673,64,162.0293732,64.05134004,99.58850092
109,65,119.7730366,182.5718027,592.2568095
312,66,325.6090627,81.74191944,368.0013098
138,67,340.4914895,217.6408089,1276.020256
401,68,305.1985315,235.2475806,2511.716907
251,68,437.7910577,256.0429649,2150.972997
261,69,299.4921877,17.69479031,12.49684708
391,69,1055.552618,100.0718812,569.4213512
476,69,168.8362632,94.24589636,214.9818098
1410,70,623.1866319,22.84013997,16.36168719
1673,70,1429.612616,68.93963993,241.5063662
1628,70,288.1393449,49.59978075,287.7207531
992,70,333.2923204,36.95547558,92.87587636
1423,71,444.6049052,24.97011829,138.5062742
1419,71,311.8389865,47.79773881,150.3419071
1379,71,619.1076603,41.69651018,126.8533967
198,72,282.9339802,53.18993955,399.2166376
277,72,189.8434963,52.45191712,44.80489407
423,72,431.2349607,73.60459565,166.7491443
368,73,629.8633935,13.55988776,10.89327983
1172,73,330.3942817,28.99331252,119.2479096
1396,74,227.0412404,38.76821992,66.41324785
1874,74,369.6031152,35.2215037,52.55674902
102,74,561.0544808,69.10785861,567.8126088
778,75,285.6313402,73.1450566,582.5484668
535,75,347.7028268,42.58923879,92.32092561
730,75,692.1685752,49.74288564,98.54478306
394,76,207.9239017,39.6673599,143.511971
255,76,228.0972339,56.81140477,219.4534072
509,76,637.1693347,82.91519714,956.8301946
689,76,266.72183,50.94048206,497.7700971
282,77,2187.141314,93.57494654,761.0782066
395,77,86.55318403,148.3454675,576.4156563
910,77,1642.699056,211.7188681,549.9829148
1032,78,224.0604964,21.93885598,51.21226127
927,78,296.0129091,7.70607061,11.38755789
474,78,237.8331989,13.94526707,21.01951503
1067,79,275.6198388,29.44223402,204.3142073
205,79,202.1136228,78.25972502,1529.019538
1268,79,220.9728617,68.01901144,1108.822801
740,79,1018.022413,40.89988951,138.5450708
324,80,247.3664703,102.0671894,1398.89159
136,80,370.3952835,82.69819578,689.6139927
123,81,531.3212946,129.3535102,430.0774363
96,82,361.0762485,97.89327353,1418.521462
312,82,544.1833197,165.5745899,722.2928931
208,82,55.16065751,109.1246664,745.78534
656,83,265.5468273,40.09396515,193.8573208
494,83,283.9259829,32.25240856,75.05077863
1487,84,262.4651613,63.95914953,250.7355374
803,84,349.5513005,53.0192314,796.6499345
1407,85,187.4754102,45.93820104,90.93195739
1021,85,260.2348094,41.10771947,240.2814901
1201,85,223.5427685,38.48063778,171.7281306
170,86,329.2493272,118.6550546,434.7802846
212,86,351.9052814,50.97309753,98.73487355
329,86,331.5724099,56.9847368,623.776076
316,86,300.1522734,199.7580967,2546.660746
356,87,243.267147,33.1818878,81.40969898
973,87,79.84547441,27.11144785,23.98592446
213,87,193.3663786,61.48469483,247.8508143
1762,88,287.2852446,25.195323,31.05009996
1190,88,133.0660216,23.8387016,11.52805276
570,88,264.9908061,18.21366461,5.452402562
1453,89,248.8807678,89.82468483,688.3892863
404,89,163.4086438,44.10451579,120.7584908
1845,89,139.590631,16.23039372,6.632150869
1003,89,75.31901328,21.4024056,16.15431998
500,90,417.5015831,45.33260432,50.3927825
527,90,83.70083354,40.35255666,365.8804716
321,91,47.0931073,66.99242705,478.3282571
308,91,161.6755741,66.4018737,221.9473317
878,92,568.8964783,52.35529989,83.3361574
283,92,631.7028019,37.48853025,300.3022903
1180,92,286.9049216,47.64878409,503.9557348
510,92,281.2981577,36.60678422,229.2060449
664,93,210.5720139,14.49548596,25.34271845
271,93,730.4668847,33.09009655,68.91268195
574,93,946.4150827,61.7106525,359.2761383
1211,93,135.8142701,127.0611735,2147.892212
220,94,454.8005442,121.1167827,1058.761897
259,94,658.1514157,92.31850156,473.8817621
337,94,676.7044028,41.5308466,154.7013316
311,94,578.851407,54.71543994,21.64090322
123,95,262.379839,111.8794779,601.811463
207,95,403.8751156,245.392049,4641.69166
165,95,301.4362171,108.2971522,1174.982644
137,95,240.2178584,240.0197364,2576.674355
1020,96,272.7143568,58.30106988,440.7380012
273,96,336.8158621,107.0945523,2018.29585
152,96,233.5138767,130.6211097,4001.527047
181,97,384.2466743,28.31880299,13.21316576
741,97,248.4815623,60.12545885,669.243422
1608,98,242.0373337,45.47926855,199.6968547
1013,98,424.8894321,42.81822392,117.2562303
1478,98,185.6601824,33.87878698,115.6786695
1378,98,140.9704935,42.64496036,167.4897749
276,99,302.557852,28.03880187,26.18179093
1237,99,326.1153469,36.04395113,235.783177
923,99,588.2107767,28.00592331,60.84921636
427,100,261.7396422,43.93983863,118.0242258
211,100,238.4113748,58.08656981,190.0696597
170,100,554.261027,73.69717734,249.9122952
1043,101,240.3744119,41.96280138,106.8811333
413,101,267.9780642,36.73997497,44.0214653
402,101,192.2538579,22.77679622,52.33330148
1536,102,334.3350153,107.706362,424.7989362
1800,102,331.8010694,11.08127701,10.35743099
998,103,277.0152853,52.49036348,189.2651397
762,103,616.2614777,64.75756185,722.4116758
553,103,369.4815806,22.96949411,43.84420305
333,104,301.3254122,136.7794629,568.6709072
599,104,252.4558637,58.25884068,186.0372666
321,105,272.3314862,71.58006152,632.6846593
406,105,402.5694056,133.1252046,1067.525032
334,105,409.1217955,137.7014282,695.0274652
822,106,697.4012569,31.57223799,107.8510333
715,106,875.0489531,207.4685384,4161.44876
546,106,781.5581147,111.2369486,919.0622504
1193,107,186.763222,28.20893647,9.511608102
1096,107,553.4677936,14.7042452,16.52188265
233,108,395.6206195,10.21719668,8.143424204
1217,108,105.0625162,52.12811921,377.9752736
220,108,537.6552034,58.44792969,114.0273294
179,109,185.3524974,66.21269546,80.70603119
193,109,708.1282195,212.5596208,339.2355792
194,110,221.585854,92.68761124,1830.387969
208,110,1555.395818,82.61854587,957.0407041
221,110,2034.517496,52.36149554,522.5428649
709,111,568.5783798,21.69419842,54.57415267
125,111,259.1144788,36.60393034,149.0557707
339,111,337.929925,36.42102296,51.36420647
1299,111,412.7881835,61.28239325,68.90715511
1870,112,287.772369,32.92140569,35.0237121
1097,112,423.5021802,21.70062206,44.78625158
1280,113,109.266746,24.26870922,19.44469199
727,113,475.2483778,45.86036375,199.4294251
1335,113,423.6879244,20.95685962,34.95042165
412,114,286.9049216,56.30914818,40.78638157
225,114,860.6192695,61.9536627,215.0088675
776,115,691.7608617,70.16827937,232.8281268
720,115,1028.549396,59.63287848,226.5253616
641,115,316.9223562,50.6749568,200.6369087
695,115,253.4618362,55.84488816,169.8911925
1203,117,546.0513157,26.9530191,69.84344162
1612,117,142.2918038,20.82689125,19.93597929
1017,118,285.5168819,106.639081,73.25448781
1107,118,160.0988055,26.31821193,51.90172625
473,118,338.5388773,38.37762065,95.61233275
294,118,472.1895863,152.7936649,943.634995
189,119,451.859148,34.75467631,52.4470027
372,119,316.6144048,35.46558856,45.25529857
175,119,271.5977925,150.8634492,1124.343736
564,120,171.4634801,43.61034567,65.64068953
906,120,196.9410506,56.47607826,265.3151411
588,120,120.2890328,37.41356422,152.3213631
740,121,162.8575248,91.84619893,1497.087669
1075,121,42.76792456,79.55624438,96.46700486
178,122,53.08455433,48.22956912,115.8020344
220,122,297.2874712,111.2320909,208.5290425
259,122,176.3278725,107.1980458,141.4379938
151,123,549.7765404,116.0752444,470.4192243
166,124,479.7356302,118.6636099,524.8365221
194,124,173.5197291,98.38050277,783.6530972
338,124,207.0063574,278.5888851,3382.267249
638,125,160.2111162,31.92703321,96.09076057
1242,125,173.3034235,35.16488152,68.95778588
887,125,61.67462177,25.78269275,50.70238545
585,126,176.8737082,56.77771045,261.4577804
1230,126,238.4485683,74.18767557,596.1376068
1386,126,275.8889193,37.29239285,143.4936159
377,126,902.1082005,40.20257295,235.0959371
400,127,138.6576128,70.30732683,377.4067675
853,127,452.4942728,68.96284769,418.6013082
1363,127,219.5580875,56.42533188,173.4505054
759,127,134.350233,74.92373475,430.212686
1300,128,561.0544808,158.1602514,1471.512464
316,128,282.6980403,126.9157436,507.7573609
1029,129,126.358792,31.46001456,27.76343786
253,129,354.8405378,26.45160562,46.07735613
587,129,404.8263078,22.89259502,58.7001921
745,130,397.8967524,43.06965982,193.4587379
1261,130,512.876548,29.23016448,296.4585298
444,130,509.0410597,16.45515428,9.866458106
1630,131,247.4479628,33.19088263,73.12673378
1813,131,311.8389865,47.49540254,286.6445291
1282,131,223.661327,38.50975267,42.7316421
563,132,228.5793319,36.59519935,42.93023721
590,132,394.8262584,105.4538531,1207.833452
536,132,673.4365235,64.02729281,193.4616708
334,133,50.76339322,57.03888145,90.22581608
704,133,988.3510182,61.78398603,151.69665
659,133,213.4734975,38.72997105,47.06909565
1156,134,370.7351602,49.07747131,213.6438331
519,134,261.567007,64.14227052,769.0685837
1088,134,402.4217299,39.51052233,58.37793729
772,135,271.5977925,84.9715484,514.3331744
574,135,507.6330713,49.52468282,124.6281032
619,135,295.8768103,43.61456074,247.7922599
970,135,366.9143986,48.25949379,184.2161803
246,136,292.3245898,238.1966005,18917.25069
590,136,395.8316253,155.453404,1360.364664
260,137,42.76792456,234.813008,6779.883723
286,137,368.1805411,264.4256327,4763.3495
193,137,155.5899644,208.2325777,3781.419475
193,138,290.7659296,482.2719782,4415.688217
325,138,67.67788705,211.0286127,4424.759885
235,139,306.0825483,53.11501798,80.45453061
467,139,140.9704935,142.2764448,1183.301624
248,139,169.5263733,24.23401745,33.66618929
1613,140,378.6825966,48.56529818,91.72561964
735,141,183.9754773,17.91263523,27.76105606
1070,141,466.8448321,35.14222459,78.4883389
277,142,306.3666994,65.22554849,132.1312176
303,142,163.8130962,75.22474868,303.0690932
290,142,190.3644855,99.11597189,393.226101
973,143,347.6498187,33.20735075,105.0243161
605,143,775.2590556,57.43732178,187.5894086
791,143,369.6031152,45.2009928,131.1610031
1256,144,331.8010694,23.93768772,27.13988938
1106,144,426.6370977,31.10010978,47.25820209
1750,144,615.4954361,31.39894691,84.30839141
1785,145,181.5482961,77.30336747,276.2092219
1312,145,509.5934374,20.60830673,23.93138891
1684,145,460.277135,41.2418934,413.7923073
350,146,274.4955191,28.35681201,72.70482089
320,146,450.6081625,23.79470348,29.56367683
662,146,360.4435431,24.20119665,47.63844106
1252,147,283.2796836,60.19552726,225.7017145
347,147,393.0982995,101.149038,1251.390919
296,148,696.8194115,27.87303157,72.90944219
885,149,231.1258284,28.75674052,103.8053368
1033,149,340.8211338,154.4376573,2423.119172
928,149,270.5399741,35.70203334,103.6793738
655,149,810.6006895,24.33334429,41.17823442
192,150,432.8385295,184.3831252,843.6390464
671,150,206.3071156,520.3247207,8314.80535
644,150,247.334841,224.155128,467.8562529
440,151,592.6053692,164.6282377,498.9132259
512,151,213.3037616,118.2951539,890.8635054
1679,152,374.590421,76.6033034,1842.65423
430,153,205.9431244,59.33397938,123.8619292
261,153,349.0905354,33.06682875,40.56422743
195,153,167.8305591,38.32048361,53.59546977
887,154,325.8740239,25.04612792,39.22337108
873,154,332.3058084,35.48539902,74.58413148
866,154,359.1506418,64.17985162,510.289587
1819,155,422.1491944,34.48855971,62.10601056
1014,155,488.0924974,44.5072607,85.19802438
251,156,491.0915698,144.0413478,289.4257934
973,157,509.5452933,15.461191,12.6902881
847,157,187.3304693,31.95709673,79.99399627
1050,157,217.6304248,33.60425843,98.65814851
1744,158,188.7577564,67.73182554,570.8945055
1301,158,233.8016437,36.0827262,62.70880967
1742,158,230.317022,59.07163065,208.641225
1710,158,360.4333489,26.53329723,67.57977115
1552,159,274.9991019,35.87489667,69.94234539
1753,159,279.4454997,43.33236792,318.371157
1197,159,219.6636563,26.81560061,45.60742776
1233,159,64.76008361,32.91807951,63.58736156
216,160,303.0645202,20.83367391,14.82616237
581,160,982.4759564,36.13104958,67.89333589
203,161,202.7696612,186.3407146,1817.923012
282,161,366.3130712,47.14473962,124.3661208
1126,162,292.1550982,37.04309966,47.4776617
1156,162,320.8454199,38.8566026,84.14352721
1088,162,371.1478525,43.80222403,72.46265157
636,162,302.4485886,44.00967288,57.83731592
780,163,196.7739341,16.47169705,7.507073409
1175,163,133.4161403,56.07449332,295.5585898
1273,163,332.603298,31.27523026,25.06081526
285,164,491.1197448,20.47973081,24.33192925
429,164,121.6308203,20.7630949,20.08272865
246,164,412.5509887,37.34490547,105.4407909
179,165,226.0457242,126.120795,536.9392616
247,166,187.2315886,295.0782615,2099.088161
765,167,315.3813339,88.6641925,546.0426753
575,167,265.3431224,82.19490445,462.6897552
355,167,400.6480744,250.0253688,9594.312201
314,168,696.8194115,30.12168118,29.2702915
236,168,405.4469996,29.871463,31.79220321
1164,168,113.8159393,51.10038612,157.9292718
667,169,478.0267061,44.27472703,75.24967713
666,169,288.2770462,50.05476351,297.1539702
1028,169,295.7703961,33.18573137,117.365953
379,170,491.0915698,104.9270795,823.6081002
226,171,250.2074962,19.30531781,90.32533687
1172,171,1128.16522,52.95598763,706.5493655
470,171,1297.333344,25.01315592,95.46154759
1889,172,382.6730463,101.1786222,1690.700555
1461,172,91.61178266,56.23251044,193.0563289
1455,172,331.8277685,47.55260674,182.371222
1739,173,313.8177829,16.05769767,30.45965896
1857,173,277.7654698,10.77800528,15.70015408
371,174,160.2042889,58.00398963,145.8186974
563,174,383.5351888,49.88465315,149.4372136
554,174,347.1650289,38.26255258,89.77567918
395,175,418.7348423,29.15876209,112.73124
230,175,358.9538853,71.0635429,768.8239896
533,175,224.1284404,135.0548348,1203.685421
335,176,226.0905621,63.16697272,298.5033684
474,176,553.213835,46.83198697,168.487372
1150,176,138.8978377,22.35612737,20.81913123
976,176,338.0642436,39.46068256,67.8291486
1241,177,226.9515391,23.30904772,12.81188622
1145,177,796.2212338,22.81630801,17.95838125
1293,177,963.8684522,70.16173382,141.0186769
375,178,216.4492789,170.8852671,4054.943252
233,178,444.3495387,92.56219678,508.7101948
351,180,560.1996504,89.33047462,1679.874267
247,180,309.6744128,52.63315605,491.3642634
260,180,424.7857158,222.8116247,5228.284961
757,181,347.4242163,98.28872554,244.8463548
1535,182,1064.48712,25.35898256,54.93385537
1269,182,376.1813593,76.52426414,188.4976133
262,182,845.7654619,46.03165527,465.7082954
1415,183,414.3223762,33.31526836,107.5385808
1070,183,628.8184826,87.1285562,190.7032911
902,183,875.0489531,53.75476104,139.357218
423,184,1283.383759,53.20843481,88.02290023
277,184,89.80652483,61.44956513,61.38307987
303,184,126.4427488,73.51440965,550.1007025
367,184,316.1996936,54.44387346,88.66531159
1043,185,655.7430854,65.79845742,247.5409705
760,185,228.6426132,58.19597943,477.0263354
720,185,306.871314,67.16927168,301.5314257
1404,186,309.1482962,55.98599908,133.9771484
1901,186,181.5482961,36.3889487,96.59899107
1491,186,214.0720687,44.22032413,247.8808387
1516,187,367.8769472,34.50215487,117.8099907
1711,187,188.8031216,42.59264941,126.6483923
1552,187,209.4900167,82.61455428,1054.191924
1753,187,564.5887476,37.40046039,110.2642619
491,188,375.3729859,96.45671457,717.9878773
202,188,702.1567414,171.7765264,13568.44408
653,188,308.2651033,19.23928447,7.079398187
359,188,147.6764057,40.87562112,124.5388653
417,189,470.2261944,6.621743148,0.676635206
395,189,247.4479628,139.9590433,1065.307789
1074,190,274.3328539,54.20065016,282.06353
1004,190,395.6206195,67.76342338,556.9379763
200,190,403.1586695,28.35582157,217.0608361
1040,191,192.2118626,41.07582279,162.0397346
362,191,210.391956,27.29489328,49.12742221
865,191,235.9404691,68.67608396,184.4301477
1328,191,183.4428966,26.31061467,10.05532029
375,192,212.2909486,109.9406633,368.0658806
324,192,63.55659027,167.6522113,1411.079744
765,195,150.7319641,83.14630427,451.9937757
575,195,215.9538968,78.62484867,633.3251233
584,195,179.0095371,58.62451575,247.8443676
1682,196,99.16646842,25.89324838,87.03865249
1580,196,230.558335,13.07277362,6.148203344
951,197,129.9732715,23.22336268,36.67255786
1423,197,593.3162441,18.6535186,10.85379717
1415,197,591.9293834,65.43288117,300.5113639
464,198,796.2967673,76.32978928,581.7156219
238,198,259.7371898,34.46084284,36.6607889
752,199,142.6018232,177.2181795,2083.004835
868,199,302.0751983,126.1731828,1094.443882
720,199,565.3584255,59.93542951,139.7649158
776,199,218.695071,58.05972749,227.7370737
552,200,134.646908,53.21881214,309.8741381
454,201,1008.555635,62.41415846,498.0586986
1853,201,550.2045592,66.70944673,243.7247909
1713,201,1182.658842,102.9400461,730.2238228
1073,201,539.4160236,74.04899068,308.8501361
644,202,149.8594526,276.2700262,6694.936624
256,203,100.6051159,74.8522431,1435.24051
295,203,1062.645007,16.60516964,6.495753491
1204,204,1050.099938,25.50424871,88.88124691
857,204,609.8074011,62.23990473,846.7333468
747,205,681.8958421,28.78030789,67.32054581
1268,205,187.0332182,39.26958407,19.09475144
529,206,626.8812743,159.7032142,84.15591261
375,206,535.196487,120.5948566,678.6467584
512,207,418.892414,191.0751849,1579.620307
1703,207,369.8359877,141.2041071,2537.077923
476,209,654.3082649,64.36536271,476.2184309
701,209,381.3283241,33.6034251,248.2735962
420,209,249.2360129,131.5527777,3914.620214
1414,210,276.8923422,9.869566671,2.612621171
1207,210,397.789706,36.52501049,44.63174873
1481,210,355.3244599,83.24388885,428.0252216
1056,211,396.3515444,72.62032409,691.2039704
238,212,550.0465466,49.23635695,42.23238283
596,213,685.6646955,29.3948173,45.94413831
1001,213,561.7326431,22.02265952,30.0946665
344,214,331.0817861,104.2927272,1339.440655
1443,214,164.488574,22.00522948,97.9480263
1668,214,157.4163516,30.4603706,38.14514974
1839,215,65.64691401,31.86065229,90.38716241
1031,215,236.0345599,30.49750224,67.6392894
1875,215,266.7629033,68.15576544,148.6523493
518,216,233.8016437,31.58924754,45.23736919
243,217,277.7837356,114.3406301,1132.307758
269,217,330.4178154,95.25230849,767.0479445
347,217,1106.600826,21.52119097,13.16252899
373,218,692.1381772,58.13827695,266.892828
822,218,306.8026256,48.97826506,169.9106428
1180,218,683.9834798,83.48086827,540.7218878
564,219,522.4413971,39.42009256,43.14373764
457,219,406.1391091,49.80760642,111.827108
998,219,405.4469996,64.1876748,459.4482118
1823,219,362.5421336,104.7810641,594.512091
363,220,292.6555522,41.65278663,49.14938217
325,221,297.9644774,102.1881191,1421.88522
725,222,362.6073537,42.15988919,282.0851744
274,222,196.7739341,41.47811991,168.8244622
398,222,416.0111819,51.36085906,212.7563884
485,222,290.8233659,37.03319753,83.91933857
567,223,455.0400788,45.55152593,178.083644
1339,223,1292.936406,41.45818746,47.67963151
1014,224,276.9563468,18.84636427,36.81427172
874,224,504.7456495,25.83652685,37.08097383
329,225,225.8890994,46.05901717,271.8644357
264,225,421.7383005,100.3468339,672.905893
402,226,156.3548186,30.36777652,201.5739472
903,226,284.508718,29.16659972,43.98658909
1623,226,1234.234482,40.50801217,389.7394589
1044,227,67.1048322,9.382453749,9.159290069
1322,227,375.3284333,24.40489196,39.07723654
1609,228,1055.552618,60.44746252,358.8261151
807,228,494.4236049,32.5562148,25.69353943
1277,228,260.4852653,37.41956938,97.14538915
1185,228,366.6556595,45.82155037,100.5620313
509,229,221.7950418,14.97825267,32.86264889
868,230,259.5193221,109.5670269,1320.414752
752,230,202.1136228,137.8782446,3427.344704
871,231,588.2107767,33.55586653,53.08761988
934,231,306.0025953,27.62366122,37.95926226
418,231,193.8310893,36.8624476,179.7561997
969,231,365.0273145,63.69837929,414.3635083
1283,232,155.8463457,62.04830038,458.3919668
1145,232,422.1405494,52.08488821,87.83961699
1005,232,206.5600204,53.3070008,176.7649141
299,234,429.010321,54.59024659,47.4535992
521,235,491.4043861,48.52695892,71.8901901
684,236,445.697783,91.77567813,476.2232026
1508,236,624.9805001,43.93259752,139.8910425
1116,236,63.05385226,51.76500488,273.6451428
1320,237,53.08455433,24.02807091,16.02143962
1105,237,465.079489,67.23598522,143.2864181
1290,237,176.3278725,32.61719502,27.21732744
423,238,384.3641556,53.03524515,87.3537854
712,239,273.2144727,30.74847571,63.37981524
1092,239,436.4114861,57.57174029,269.0556406
966,239,105.3428476,28.16150542,42.18450751
737,240,233.941464,59.57528586,315.6648462
1596,240,449.1910293,76.51614331,296.9805226
1852,240,216.2887441,43.92675493,114.3089011
785,240,494.9364364,100.468606,431.7906763
1417,241,235.9404691,21.99680614,55.97436378
1143,241,597.9198269,37.60986951,70.78098648
1867,241,877.3222695,71.3219198,1036.8911
294,242,113.957383,51.52162843,222.2617793
482,242,267.9780642,48.78447435,279.5419067
626,242,257.0011816,90.32633682,536.0355988
1039,243,391.2296547,275.438755,6247.715153
282,243,346.78701,205.064056,1447.005944
864,244,770.4082018,66.36016747,541.4106653
348,244,309.2503307,38.18027677,157.2251374
794,244,502.1111475,40.18931837,86.86794876
739,244,300.6841826,33.33240194,88.32541835
511,245,226.0905621,113.7629854,1279.937322
1199,245,388.6469014,91.43513055,985.7321262
1133,245,351.1385161,186.8977978,4125.845017
268,246,172.2389552,79.94851402,360.4797975
576,247,345.7876087,77.34509546,305.142638
810,247,405.9579217,22.72105291,36.82734467
313,248,68.50174549,19.61814583,22.06271958
376,248,1259.065087,16.94643228,6.795595478
1076,249,179.7084974,21.91578011,54.56178323
880,249,385.5342511,22.08239341,48.59564441
860,250,268.654657,39.9084624,52.01201416
411,250,238.6672197,66.76836625,327.6960588
1310,250,186.3356176,87.17425364,469.4613948
307,251,195.8858017,279.8263793,3280.60145
317,252,198.6725851,39.18401408,86.07630944
470,252,232.116189,53.69706418,185.5187875
1015,252,264.0017055,39.57251104,51.01970992
497,252,330.0351497,24.82407475,71.67585912
876,253,243.0296828,46.90149165,83.16290254
1392,253,366.6556595,26.81307153,63.08741628
858,254,666.8420956,24.29100947,47.95380958
481,254,117.7829497,17.38713518,56.92621466
1717,254,567.1874378,39.63971659,168.1923271
268,255,451.9024524,30.3013694,67.33925943
680,255,204.2516645,26.84192836,46.17094477
545,255,98.18900417,58.4598706,97.87492776
822,256,408.0733968,374.5797918,7651.309057
836,257,198.5438166,54.14290945,1088.282986
962,257,173.2781747,34.43509447,525.8317661
1053,257,196.181938,16.25747724,9.833257204
1103,258,294.6685619,35.89570382,137.7502734
646,258,291.0831249,38.70349538,90.05627612
1247,258,560.0473473,48.75468665,112.5234037
324,259,465.5672047,41.27817022,20.65179768
338,260,343.5423865,312.4576123,3244.9915
503,261,88.70577189,37.52189636,60.07271261
817,262,112.4717457,45.6842033,267.2387556
1426,262,275.0018723,25.77870723,192.8998641
1643,262,352.7862801,58.88298422,1154.173002
874,263,52.53905504,49.21944624,104.2587597
685,263,552.08201,19.30150155,20.12287889
401,264,209.1566914,92.61742308,1764.625818
433,264,224.9339936,121.0945245,612.7212113
1064,265,222.4971754,26.10939116,43.71409068
391,265,233.4363503,33.28544306,45.93726333
551,265,194.8399982,80.01878285,590.7690581
1443,266,175.9906607,35.77867094,157.8099154
507,266,207.4714213,62.49323157,436.5661924
1093,266,189.4880062,87.97547657,196.791573
1372,266,247.8195303,97.64823199,518.6192767
954,267,350.2059925,19.77815362,23.91099094
1837,267,168.8362632,31.16714459,106.3039128
652,267,908.4289056,31.00438839,72.16865539
394,268,487.6965485,33.52221252,106.649111
715,269,858.5732829,114.9995467,333.7414487
707,270,964.9894002,48.90996175,458.0052768
1156,270,119.3578063,42.58930379,157.8297538
1126,270,401.3222458,27.90437424,83.75200342
618,270,366.3525489,130.7378589,410.6165692
879,271,485.4980327,43.05731987,158.4311196
565,271,431.8556487,36.75183306,164.3294193
1258,271,194.5120161,66.96526672,295.2624683
320,272,384.3382001,30.12505198,75.91928788
1472,273,309.7643485,38.96956508,97.49682393
364,274,146.9511223,26.73908074,52.63471678
717,274,228.0972339,35.23640043,38.58910556
709,274,100.7554867,25.2784925,28.25693977
1526,275,376.4096772,15.03509511,42.38815929
594,275,325.2346725,31.27851439,229.6589374
936,275,1027.354652,114.5949437,320.8987838
1201,276,470.6226902,44.81543778,22.07032508
541,276,140.0576135,24.0568687,16.57364334
1350,276,224.6265588,56.60154776,645.8194581
1029,278,421.9323369,30.12566104,45.48054413
768,278,302.557852,30.38005492,29.64566811
847,278,832.0641513,42.51986273,151.1799622
1050,278,590.29758,28.71568399,30.81231703
1842,279,789.598833,82.46403532,698.3155966
1569,279,207.4071355,26.76885628,103.1785115
1573,279,191.0871895,85.17272977,571.8481886
1266,279,171.0153683,24.36334275,59.14416578
1582,280,236.8384633,23.830392,87.62762319
1080,280,569.6720827,18.80518432,17.35978755
346,281,176.3519447,73.57134845,340.9429505
608,281,423.5021802,31.40723709,55.82316936
417,282,355.0584151,89.91624891,120.3753881
618,283,323.9710536,36.94213131,150.1445955
1025,283,623.444819,97.0321218,1335.728011
1115,284,540.0478393,21.73119768,44.86885925
601,284,467.2752251,30.3190291,55.5709912
448,284,319.5457936,35.79300718,76.71213217
673,285,931.4646503,27.96607437,114.1285388
338,286,549.7765404,238.6181306,2220.013426
593,287,641.9236199,32.41795713,23.14986937
420,287,737.9344877,76.21231191,293.2398769
1207,288,525.6174909,26.20421491,7.22039139
789,288,369.1700553,46.92004564,106.0886501
1402,288,200.0700202,27.37768502,23.31746169
1177,289,333.0035313,27.50314466,45.57046856
442,289,39.97393983,61.18961204,232.6112676
1414,289,328.9953959,40.75968687,230.065138
818,289,156.5678457,38.40675723,104.6436297
303,290,179.6202945,69.89096679,274.0642389
959,291,309.5487818,19.40919556,70.11277384
773,291,293.2852593,24.93495693,72.22281628
352,291,359.1506418,53.54771146,195.1233739
1740,292,458.1481365,47.52539403,204.9573475
1548,292,436.5838356,37.85589491,409.4285546
959,292,473.6901755,33.59574071,74.41032548
1648,293,509.629512,83.41985505,366.0863833
1627,293,2285.848059,80.82530643,411.2045856
1257,293,332.0120067,30.83074563,97.4145251
1332,293,370.5602899,51.69959675,316.2424621
1161,294,235.4939053,138.2983369,608.0737006
544,294,313.4265779,194.5918276,1086.053477
801,296,333.0035313,34.27670166,102.5894956
942,297,225.4638964,67.26660852,685.9670303
991,297,270.1366188,31.91174313,152.237033
1263,297,248.1534678,36.29799949,222.2322653
363,298,183.0073139,87.8987064,778.6694569
337,298,243.9825856,49.0065714,29.41704928
1550,299,149.972783,71.65603673,187.2270332
674,300,211.9033815,35.96051336,71.21850433
749,300,623.1866319,62.47874067,495.8736407
1607,301,319.5457936,30.53960419,45.16308465
1334,301,458.1481365,44.05280098,136.8494742
1463,301,165.6644771,40.1419931,112.1808263
442,302,304.5300069,65.86754486,210.8432493
1411,302,80.09770767,67.65588217,303.7119033
1195,302,301.6235329,11.51729534,3.321669977
390,303,363.934158,54.15519324,64.15519071
452,304,259.7371898,61.43245844,399.2255353
1036,304,39.81267684,75.61999869,984.8895175
784,304,512.2641865,46.74150777,324.8593503
677,305,198.9224164,71.48707863,358.4820096
1820,305,163.3458078,25.40774958,133.4062602
1504,306,364.8012134,30.59037729,88.79203601
1757,306,315.8952014,49.78607104,106.8488225
1675,306,332.9671468,29.82370338,38.21015394
1841,306,262.0354496,49.01228122,110.2287131
644,307,506.4234417,197.5125318,525.1285092
334,308,246.0498051,32.0798628,108.2282911
868,308,112.4717457,64.01302451,201.081058
815,309,240.9484857,39.89710384,150.0887483
672,309,502.0930578,42.68355374,125.5175955
809,310,193.8731916,27.84449983,54.38053282
601,310,277.2412394,16.07578996,19.86783858
921,310,379.4436216,39.57301238,104.3599884
324,311,640.3378561,77.92700456,971.4044778
376,313,296.9386811,17.07061788,5.127601289
557,313,521.7516803,21.45560325,8.206938297
1254,314,285.1681367,56.49162746,143.1984665
1434,314,444.1879317,30.83740818,55.29114561
923,315,132.7687755,38.84639607,103.2097381
916,315,192.3210884,276.8081912,20032.28855
1091,315,365.2373645,47.41251726,15.08273515
379,316,178.4685047,149.2686112,319.5840724
1042,316,200.0120628,86.14327447,502.4280514
720,317,914.1837157,51.55231474,381.2359979
760,317,693.0624025,65.89585119,411.5938134
641,317,468.7319331,59.14637834,227.052971
1527,318,383.3429916,4.000538617,0.446405512
1788,318,247.6208231,30.99238952,28.29455515
1408,318,284.2427263,24.81664511,16.05003633
1855,319,367.5642411,24.97999209,20.44438995
1437,319,484.4924959,25.17568595,16.22523865
1747,319,494.9364364,16.35826498,28.25089412
1781,320,234.1682854,19.58652004,30.86518601
347,321,188.032783,120.0368538,1314.47547
360,321,242.7171832,125.8924952,1262.398391
892,322,219.6289768,34.74860402,76.62563672
1144,322,119.9866129,24.74734999,8.743482374
1235,323,441.5596409,45.87860978,56.73599391
1278,323,464.6200432,24.73097973,20.28846629
398,326,85.36926859,66.36153675,112.4826155
339,326,40.1955532,97.10007202,629.2637716
1502,327,342.7623639,40.18828882,91.37073925
1508,327,388.4226488,30.10874158,56.1449486
1604,328,321.5269798,180.7595621,3775.782889
1007,328,470.6226902,19.29167785,20.01412909
342,329,153.1367922,31.03014974,51.999206
1022,330,323.1423428,43.52120163,92.38262738
515,330,216.5947757,42.97187006,198.8055436
1036,330,312.9263622,35.7847342,73.24342629
1079,331,231.2503812,26.3554522,71.79359392
1436,331,266.3361724,64.61292918,577.0113079
443,331,289.8960949,47.12553165,226.0992871
1722,331,364.468426,35.98216333,106.0192934
1692,332,132.1916283,55.40267373,187.1768578
1397,332,490.5255466,36.99655422,99.77436198
918,332,561.2759955,24.32894669,75.22317743
572,333,512.1917406,37.46220711,33.40969334
931,334,169.2053212,41.54505517,48.21781579
1198,335,702.9666312,26.26240505,90.90251435
699,335,35.17514746,35.28431297,131.9395543
691,336,229.5704148,83.01003196,557.015731
795,336,254.0327086,22.78985225,26.53478493
485,339,303.0450021,34.19163449,47.2337323
1055,340,461.9462637,80.53030839,1056.31271
803,340,362.0874831,42.93325845,154.8040437
1358,340,169.2053212,105.0689428,1125.937613
1679,340,367.5149852,42.70982886,293.6979466
972,341,288.5198866,29.06989594,153.4370428
1153,341,343.855049,71.86792389,394.9048012
412,342,271.4517207,55.54862496,89.73679461
605,343,561.5491197,20.64258673,19.03974323
798,343,266.4956245,35.73904244,85.29926353
875,343,211.3874654,27.23518722,37.89835119
645,344,175.8291427,69.53345639,246.1950132
696,344,225.8981921,64.81681002,196.5269419
1465,345,69.5747415,51.4992033,181.2652573
1751,345,272.1732689,6.397058103,0.69510445
1441,345,291.4508707,26.49685195,35.3114964
635,346,224.5111459,133.2661394,762.3166577
384,347,360.5712309,44.33387236,162.7356037
1138,348,337.9165302,60.63863665,387.9303757
1162,348,678.214597,82.62657903,382.4304053
1102,348,395.8115907,44.42298765,137.8490117
795,349,517.6338569,13.46425109,22.1968562
949,349,547.1455093,73.35491607,315.3764297
1047,349,311.6035031,42.86785645,524.9534039
872,350,296.8561054,76.29957038,246.0280849
838,351,210.5720139,41.07927213,361.3476452
717,352,351.3492495,19.95407892,17.06339469
1158,353,364.6226101,45.15119622,364.87173
1637,353,378.2537959,33.1891095,136.2808625
1493,353,160.0988055,18.04247823,19.36831563
1183,354,321.8918562,31.4211643,37.20401579
422,354,229.3955227,33.69850646,94.95127963
623,355,490.8955597,128.0105421,301.4970683
733,355,142.7582269,113.8782812,772.7526857
994,356,142.7871993,36.24232806,63.53459731
847,356,27.24439479,31.74663304,102.6491895
1832,357,378.0199534,37.77949522,62.84067721
1738,357,580.9071547,29.41965029,172.1740078
1239,358,216.4567285,85.43234035,468.8481667
1723,358,384.3641556,33.92076317,128.1112733
1657,358,248.8159216,9.680668115,2.046013582
608,359,414.9188463,52.9283156,280.3284478
406,360,255.3728071,75.60928414,516.6657553
997,361,161.5537713,28.73892908,99.43209857
582,361,238.4485683,73.54618227,494.5342911
1333,362,303.7401244,28.13179663,24.11898283
1343,362,623.0297404,68.0517995,189.7992564
1217,363,224.5953135,57.78655219,301.8691541
764,363,490.5255466,61.09050405,230.845727
551,364,142.6925323,20.6227404,20.86223838
725,364,375.8547106,44.32719228,121.5467943
1438,365,175.0510587,37.31044487,139.7154455
726,365,192.5309698,43.36200286,35.44193355
1673,365,401.5531654,55.39897546,141.9518181
1613,365,478.3520148,26.66556815,17.79011617
719,366,136.409658,60.55488189,378.1884429
1411,366,91.92910085,53.39072021,172.5564276
400,366,191.8857738,80.1760212,453.1570625
390,367,297.6242794,77.26424295,170.0309128
412,367,468.117835,74.69181137,543.2916332
987,368,192.806527,32.28213869,22.28740203
1742,369,139.0199589,30.27029166,62.04811962
1578,369,433.0777914,56.10562452,300.4749833
1710,369,279.4454997,73.03185686,390.2903234
1698,369,255.25075,35.02702786,78.53674225
1385,370,217.7648686,34.68476686,79.77083317
1660,370,883.1558153,26.49372078,58.61224287
1657,370,665.3374352,33.12547217,41.1694204
680,371,1278.074796,50.26952529,110.236105
384,372,512.3204759,122.3909703,387.7203214
417,372,230.2660143,32.34450721,167.8725586
707,373,140.398656,92.37972959,315.4080561
878,373,218.8597011,28.95516124,24.35727425
942,374,284.1048662,40.13270568,215.4991609
1263,374,290.2479704,60.16200921,440.6151304
1313,374,194.5120161,33.19435437,164.2785118
584,376,106.2880955,124.563846,609.2281907
431,377,416.2501855,40.15012409,163.7646575
1454,377,180.4126342,37.70630595,84.38374823
853,378,365.2373645,58.52925335,246.8549617
1330,378,175.9195987,45.18167186,104.9557396
759,378,198.5985543,56.26747845,253.5636874
1350,378,199.1673978,62.62348533,609.9278546
488,380,479.7356302,32.61726167,46.97495774
515,380,129.9732715,30.90360407,59.14547416
1118,381,239.8968548,16.73271728,28.12037507
1647,381,353.7171055,35.35562045,69.19819414
1790,381,583.4441876,56.92609479,247.6453788
926,382,359.5430798,30.08892768,14.63264874
1838,382,131.6088084,46.74284876,123.7904362
1510,382,169.087035,35.1169128,117.1486552
554,383,183.4471189,12.1913402,9.672294644
545,383,190.1381143,55.26174174,108.6893456
536,383,166.7717293,45.26576316,132.5997516
691,386,213.3143218,61.81410291,178.3460478
397,386,59.8680053,61.37142967,1069.909506
593,387,326.3905838,79.89823924,637.8725739
692,387,197.6261759,31.66299315,163.9779416
1418,388,387.465959,88.66924011,169.5215732
943,388,491.7983331,30.7724499,65.25911109
1703,388,471.329341,30.52930194,43.43871186
1305,389,192.7918389,71.66340204,94.26970936
422,389,435.8298837,20.51716485,20.96179259
1320,389,359.7984005,25.80927114,19.39054247
614,391,170.884252,27.89249514,115.4007257
430,391,306.871314,96.36053119,605.498217
1446,392,565.3584255,35.45211009,87.97554899
1798,392,569.6720827,21.24278378,13.97174976
730,393,311.2149282,30.68802132,84.72997111
1678,393,259.9764319,42.60974805,113.1346084
662,394,328.3305018,61.68566529,1374.132021
446,394,169.8605248,79.85390896,3213.290371
997,396,209.1443872,77.90376286,362.1807926
582,396,223.1740739,49.37033275,202.0794272
628,397,333.3012712,39.08851307,410.7613581
725,398,173.5197291,68.57141057,442.1534952
476,398,516.4972621,119.4764563,263.7256707
1580,399,327.6628171,42.32522186,92.27895009
1619,399,509.5452933,51.41300435,147.8783047
1140,399,250.0881637,24.35395661,19.59246441
797,400,460.5331752,33.32411105,51.76514634
1077,400,142.6018232,30.80473056,71.39618977
433,401,374.8065205,113.4991265,1063.411654
760,402,241.7852368,65.35903809,331.1862165
1051,403,373.1021372,12.49204499,24.56733506
1130,403,331.346377,66.26219774,77.65263471
1891,403,165.0925261,27.57404183,113.565357
1005,404,524.3790054,51.19257376,59.20087531
1293,404,193.3238535,91.73010945,949.9446086
1717,404,267.19042,23.23536395,29.60262838
482,405,117.2556025,76.55591929,616.2855281
500,405,730.2875808,33.84428427,83.95283722
626,405,593.3136126,60.71755644,193.6668282
527,405,186.1432985,33.97627044,73.4052663
755,406,367.7027492,34.03562679,54.17450081
990,407,290.2760773,45.11550039,48.69797205
591,407,421.7226665,43.44043649,32.42565462
501,407,267.6115036,49.37310472,182.1552325
1120,407,300.7351383,49.68875658,88.55599585
816,408,364.8012134,36.78509852,107.8512589
538,408,658.4608274,46.31268022,94.11437078
1163,408,619.2347922,63.34358491,483.7494295
620,409,311.8275242,26.87048424,16.22057278
1083,410,488.0512947,42.83627612,254.5064874
766,410,126.5451723,27.79360254,41.32456855
1165,411,242.316158,35.76387574,144.4839861
993,411,226.8988817,38.61443482,103.2344179
659,413,228.986509,61.97037017,411.4073217
704,413,219.7756159,39.61428076,83.72472411
903,413,345.1055575,93.25514689,637.8667812
1560,414,150.8525007,23.27602845,31.52848848
1524,414,153.1713089,61.40426849,211.0332454
932,414,211.4165834,27.85154373,44.46322332
863,415,219.6636563,41.41499531,103.8012686
571,415,271.007246,44.34539098,62.04652329
535,415,565.5537975,70.96362695,329.1705284
509,416,253.7318697,28.91820483,41.33083165
1835,416,356.8069472,30.18527991,16.94283439
617,416,292.6555522,18.70220774,23.77688538
1210,418,506.8925873,58.4241052,201.3600564
779,418,1033.325213,29.86266823,50.89017456
1139,419,1125.188288,12.41052671,11.12265879
802,419,441.1701308,21.54526584,24.1495795
772,419,1710.720489,26.08075511,62.47029705
692,420,662.8742857,24.66698967,26.22357928
531,421,247.3664703,30.19327856,189.4143346
1517,421,1128.16522,31.02329882,18.75030988
1499,421,414.1344437,38.66059302,105.0514894
1034,421,316.353673,43.4411257,47.98882006
1431,422,448.4981114,4.107850367,0.460308603
523,422,432.8706539,34.64911832,93.82112393
910,424,109.0673339,67.20476414,408.4934122
1071,424,458.7979694,119.8524045,7393.624777
623,424,351.9118393,327.8824969,2426.204461
1766,425,363.8910957,33.18020482,97.07773103
588,425,553.4677936,43.33552321,100.8693092
1563,425,265.6652349,73.21299251,244.1895995
1166,425,436.4114861,77.00416012,428.4023176
1823,426,277.2412394,79.90287598,371.086621
1792,426,464.2773981,40.22668254,75.45908178
1875,427,925.2190875,41.10192926,69.57011973
1056,427,397.9340822,95.15747378,1499.699209
537,428,157.8530021,41.92753297,161.142143
1108,428,675.6650836,41.71032921,202.4645279
864,428,363.640878,50.25212265,519.798467
948,428,521.3567152,42.02629159,65.89410505
716,429,99.25144125,89.59435505,743.1703681
872,429,273.2753307,37.71529198,145.4249024
765,430,245.1370777,73.23113674,476.4892467
1386,431,154.6465621,43.16828789,193.1227989
831,431,228.0938735,35.34500441,58.08340847
459,431,225.70321,41.13067646,90.58618086
832,432,267.0575518,24.50748072,41.38033603
1117,432,267.2583303,26.17967838,28.25651411
1071,434,550.4416999,235.9472179,10178.84012
812,434,33.5412434,71.27010962,566.9265021
650,434,216.4492789,60.02412496,470.3365138
805,434,509.5934374,84.39781364,863.5295193
1736,435,78.80695507,30.15804217,69.60140609
1677,435,613.4618001,45.95695603,124.4377629
1828,435,169.2628635,19.96961931,17.93390714
1307,436,394.2664607,14.32264978,17.70089501
1809,436,343.7570411,54.3492411,63.44760491
1773,436,255.3599632,38.79713651,113.7624871
545,437,322.6038876,29.82999264,66.57528153
671,437,243.8332702,19.81994113,18.96036848
1240,438,295.6367042,22.14201568,248.2537267
465,438,218.825391,12.78539774,9.098451367
1011,438,188.9808136,23.63224204,51.09384168
830,439,653.154712,79.4114686,277.6536333
837,439,1297.333344,16.66609301,24.36020468
1011,439,416.7287928,32.95512806,106.1972315
458,440,291.4508707,152.2073192,588.7592557
1484,441,518.7394218,59.10273806,91.09837381
964,441,252.4825789,34.37479085,149.7792403
1514,441,705.3001686,45.7776443,151.9287647
1523,441,428.2885069,54.86535155,376.1153338
1084,442,291.246986,9.948534699,3.186559422
1050,443,482.5098221,20.08503916,9.817685397
605,443,178.4684952,25.07659562,14.55771314
1572,444,207.212196,27.41683913,170.2486609
1800,444,308.2528451,67.7873555,223.6771603
1065,444,243.8332702,25.48875572,233.9699609
1705,445,281.3872696,29.96817525,39.18966269
1504,445,360.8360859,33.06660499,32.5823416
1272,445,525.5226886,29.8561427,44.39723255
1675,445,240.68207,30.38462113,29.10147602
1663,446,161.5078242,40.7065682,150.8489755
1450,446,164.7646902,12.81042034,62.99946195
1114,447,318.9586978,25.82720052,59.37443998
1168,447,464.9588651,60.98693017,188.7666113
699,447,255.5746297,16.97644857,13.92925483
836,447,162.1233455,33.74162619,60.45059423
555,447,171.0089466,75.64745974,95.92310288
1026,448,378.0199534,26.49972276,52.50149817
1288,448,132.9276698,26.72430782,40.9978792
1223,448,245.5339831,23.81459662,36.11254852
629,449,531.8086827,228.3346659,3931.000191
512,449,668.6211778,23.73055219,39.94152717
1445,450,419.1587525,32.05241647,28.43692912
758,450,270.0120595,24.31754446,35.76123204
1218,450,157.0425144,50.70519631,147.5640747
1407,451,206.7078728,32.44074388,156.2740996
1265,451,133.0660216,22.43499578,14.86696566
1021,451,225.8981921,53.63803897,130.9213237
854,452,331.8277685,46.75032674,168.4872621
542,452,263.5666066,43.42166604,472.9226599
705,453,240.2172069,18.9313563,12.66650778
1726,453,273.5881396,69.07997416,324.0571965
995,453,515.1667446,20.2225662,32.29103538
1389,454,259.4707753,40.23301121,128.3517894
1373,454,575.2355721,62.03735924,200.8208117
1534,454,290.8620661,80.73539745,234.2288806
536,455,506.8925873,19.55043812,7.976095844
941,456,129.3977951,144.108092,859.0833606
555,456,353.8926153,58.23924779,314.437253
1732,456,132.6995449,72.12803977,76.75670084
799,456,310.5509927,132.4018514,1812.883738
1229,457,365.0273145,46.07504345,108.2680306
1061,457,431.8556487,28.78193091,89.36330462
781,458,133.4223073,207.5699772,690.0601812
665,458,203.862154,112.7604251,625.4577605
1454,459,213.9600738,38.28160182,76.04576294
1541,459,282.5114686,32.8266586,79.0836777
1153,460,236.2037848,42.60451429,240.7044985
1335,460,363.0218572,251.6669973,10910.55954
468,460,183.9708818,113.2894073,784.7031114
1641,461,211.6694912,121.2376803,1136.533704
669,461,273.3032235,40.4266951,136.1942732
1118,462,325.6817751,48.73046322,143.1326344
1336,462,366.0146793,63.03783219,151.6852722
1388,462,175.0677146,53.24752102,149.1186991
1296,462,2499.055757,21.90963701,32.89517782
778,463,444.3495387,74.23176487,1172.395316
1805,463,615.6853378,49.18255731,79.41362305
730,463,373.9964236,54.95123098,292.6809877
877,463,185.2001801,36.44335391,388.1768719
698,464,235.0038754,80.557804,240.0666606
608,464,294.5838901,36.9638594,43.33970174
830,465,263.7923888,28.42645157,78.93220402
1241,466,558.2127839,44.34492447,90.31308618
700,466,641.9236199,13.47686555,5.082244992
476,467,363.9178076,27.31730443,40.31726144
1685,468,373.465262,37.45025807,97.94571538
1700,468,293.9807589,36.33540026,64.64319179
1391,469,178.9006734,41.55662871,210.3882191
703,469,352.0180966,66.06792327,197.5515464
923,469,214.9886571,70.57719692,440.7816355
760,470,219.6289768,44.19981776,150.6088739
987,470,151.6435643,32.35429852,43.40142286
1891,471,287.0060595,57.53746816,262.5879785
1782,471,579.0514479,16.33214457,11.73640522
1669,472,236.6580219,48.74084396,207.1440655
1369,472,687.8360725,46.91996883,172.4913086
1561,472,556.9343313,42.23364659,187.4055263
617,473,628.6257362,25.87993475,13.15997094
518,473,222.4742108,26.54588711,47.1452564
1198,474,375.1184116,44.5096056,328.2284944
1096,475,362.332511,32.51251886,118.0653674
724,475,265.3601771,27.37688594,13.54971465
1205,475,199.5338827,14.27674148,7.648831571
1515,477,408.0733968,54.61242071,208.0868096
1746,477,203.7975913,21.4091165,99.55383003
1408,477,145.3780304,78.79759834,286.1050478
922,477,360.4333489,46.75230216,192.4994963
513,477,213.0852745,66.49725015,698.2010741
979,478,412.4430027,24.82191857,77.37488737
1387,478,254.9241698,35.80407827,152.2245177
685,478,158.4023268,26.58205441,13.76028425
945,479,132.9276698,39.50312771,40.49596901
966,479,236.2037848,37.07539395,113.5172118
819,479,461.3054735,8.111683943,1.133600358
1047,481,493.8019149,36.17526077,130.427011
1570,481,377.9841447,69.5123276,693.2174906
653,482,240.9484857,108.8834879,1777.511312
969,483,480.9057184,33.34386649,107.084455
928,484,946.4150827,18.46158806,42.54745314
963,484,832.0641513,89.65228009,342.837517
709,485,297.4371296,46.88709026,384.1809917
1274,486,775.0086228,31.60066299,57.82155298
593,486,422.4853881,87.36617375,1235.964465
1159,487,623.1272975,30.77345824,109.6189413
1591,487,194.6769792,141.872714,1782.385809
1243,487,170.1116038,19.73194248,50.85811965
916,487,291.0021815,74.77917278,394.4636311
596,488,609.2264249,57.62805963,147.0758417
1022,488,444.3221833,31.45446451,23.07926148
1706,489,320.1338172,34.72354549,59.81640483
1009,489,564.5744045,72.92285334,645.8156004
1602,489,340.1581551,40.75807134,122.0556854
1016,489,388.872583,25.51001643,65.66113552
1716,490,201.4251449,30.07376467,127.6338818
982,490,296.1030508,36.81851229,86.83979413
1257,490,293.1300936,3.875387316,0.509279546
671,491,417.5756659,39.38698039,235.4717353
581,491,106.2880955,25.29466735,53.33717522
502,493,436.6823745,29.92300549,100.3799155
1089,493,313.2438909,68.00608101,434.4290294
748,493,889.3523211,70.82222788,285.9291588
530,494,570.5966595,99.39470655,464.2558187
665,494,847.3250267,95.20898425,429.1754523
1299,495,1073.645512,111.9890909,1679.733018
1279,495,313.437054,59.29259394,73.24628015
1274,495,330.3006646,36.63033532,189.9287505
1366,495,265.523103,87.32164449,533.8693404
1402,496,471.8861878,51.16002258,220.4652812
818,496,348.0515964,42.26542294,165.3086469
622,496,213.0852745,39.89533986,185.4368594
667,496,378.0341955,34.42524785,188.5672262
641,497,245.5339831,36.24965868,94.37604471
1092,497,216.5569085,36.06320416,31.23117154
712,497,192.8683508,25.26750277,102.6613369
1786,498,308.8625764,25.17951072,85.82632339
897,498,261.7396422,7.31361323,0.870444891
861,498,213.477024,134.023128,1046.685654
1825,499,296.8924869,55.03537795,242.3375024
835,499,166.3330078,16.9314392,33.21323742
722,499,446.302781,16.62811105,36.90157548
1737,499,338.5388773,37.67324326,91.12964665
627,501,675.6650836,38.24139929,175.7366261
885,501,407.1407467,96.74846252,806.9523654
547,502,505.3501363,125.4785358,2881.44899
1068,502,668.3247262,56.72563711,1011.796698
1139,502,114.5981634,25.97942851,64.06623627
602,503,209.4380693,16.49947071,14.06659565
1248,504,494.4690868,54.01975701,175.1062669
1194,504,97.04557151,46.17046314,141.3442763
1182,504,616.3124407,68.00958687,286.4735261
759,505,844.7026092,16.53933313,12.56707064
694,505,246.2823304,45.21976232,165.788725
826,506,808.8014416,40.26566319,136.8265632
623,506,126.4330825,94.30621406,709.5550233
552,507,641.3544503,32.74263721,24.28743214
1214,507,573.0752289,5.423338837,3.087148891
1549,508,1259.065087,25.54363816,38.04263749
1094,508,119.7730366,55.51896176,94.36598503
1787,508,134.6960658,54.36555521,263.4356103
731,510,461.9066001,35.79506662,95.74126925
843,510,228.3722807,107.2674057,5305.870083
893,511,293.0218828,16.97881322,32.49741662
565,511,244.3404887,142.2665605,2687.477297
691,511,160.2111162,52.35205865,200.9736153
647,512,132.6995449,130.5751809,1466.758946
1236,513,388.872583,49.62035761,168.1240914
1520,513,297.4541047,22.6778021,64.09835433
1457,513,723.4211976,24.98673572,134.8932834
1249,514,131.1495224,38.94747745,45.79785597
1270,514,369.4097262,30.87610614,35.14677695
604,514,475.0766387,20.71355803,29.42965017
1098,514,348.1679614,43.3146159,93.95539637
1099,515,415.7874044,40.92604245,70.3951086
1860,516,315.0380857,47.9349104,110.2054169
1791,517,360.5712309,45.94010348,286.472258
1003,517,454.6575978,44.28592415,86.02765703
562,517,746.6731035,30.86428987,506.3209218
1312,517,291.640521,51.36590552,185.882257
689,518,310.7910098,34.55266004,39.596414
671,518,42.90143123,46.92302098,44.52425188
1132,519,321.8918562,44.35799417,65.92531159
591,519,476.1285209,53.71798151,361.0453915
990,519,445.700541,43.98674468,476.3972275
851,520,261.4719247,234.6853926,8618.452488
547,520,455.0742964,86.9305055,237.5671416
756,520,271.007246,183.1689323,1099.538549
942,520,181.324511,115.2507668,3675.450929
602,521,290.3158797,95.67008617,186.8952799
750,522,241.6442947,29.22364129,130.5003593
1355,522,266.3361724,36.99963628,116.0551928
1146,522,260.1592847,62.10910005,420.5082469
1320,523,304.8073555,35.76943305,189.5276721
1146,523,416.7287928,48.88934222,183.0647885
1153,523,310.2824611,47.16020398,307.2017993
938,524,209.1566914,53.42292622,546.8543681
632,524,162.243029,48.14396374,261.5857488
1641,524,156.4262643,48.98404526,145.8049183
1766,525,63.55659027,37.82723703,208.8764506
1884,525,218.3823809,87.73643615,638.6745847
562,526,756.1053196,19.28108262,37.85183741
1459,526,318.7366277,51.60858866,156.3606474
1373,526,157.4163516,20.60300247,12.98802305
1126,528,93.0879467,38.25651521,31.99695846
636,528,349.0634894,28.87574121,15.01979842
899,528,476.1285209,49.99154377,102.1222125
851,529,235.2999851,102.7379852,1497.062715
1151,529,402.4812684,58.26458943,135.9902008
674,530,434.4642783,78.33046612,1810.168947
647,530,240.3174388,61.10301863,403.9319589
1370,531,232.05714,44.03574486,233.0675643
1176,531,85.36926859,51.71240247,595.9273251
577,532,157.553437,14.98488501,8.001078759
825,532,325.171265,19.92754696,12.72319668
1249,532,271.3491026,27.61791562,33.60333376
752,533,249.9088715,77.36122556,599.2379728
840,533,270.0120595,75.35584035,169.3915736
1276,534,150.9818112,25.75923067,61.2275121
1816,534,275.7908357,26.55078876,17.56380055
1772,534,39.81267684,24.58986601,101.6059247
1357,535,520.6072071,43.26879581,36.48338582
899,537,371.0090891,31.95176875,37.51553017
636,537,78.80695507,69.44991559,175.8298182
1138,537,308.857987,38.4304598,147.3663678
556,538,431.0930951,35.08662685,99.18461852
991,538,343.7570411,69.70638564,217.3502244
1298,538,389.6741548,51.02916699,58.56733726
611,539,228.4788358,32.35537058,25.54725386
656,539,308.7220713,35.14549697,30.45008875
1625,540,242.316158,28.7863587,71.23137978
880,540,250.1123158,80.78644933,482.762061
1577,540,212.8187239,11.99063458,1.761117737
685,541,302.0751983,20.26283814,9.38548623
613,541,194.4876167,43.41668643,356.6776093
952,542,272.0009025,54.62907792,80.50174265
784,542,196.9410506,79.01260108,1093.180977
1860,543,126.15615,41.30764704,129.39976
1420,543,209.1443872,31.06871528,71.89540713
1866,543,237.1350352,26.73994682,108.2410865
1889,543,153.6166738,67.48810013,469.1410764
1357,544,255.5746297,118.9374319,1901.033167
989,544,432.7638555,45.75657686,91.48606929
1875,544,178.1734333,141.1032825,1102.368437
689,545,268.0395683,72.06686559,669.6424567
731,546,521.7516803,88.47855152,230.1331741
1168,546,746.6731035,4.255154673,0.545627674
1114,546,269.7031656,89.73776613,218.2965836
1075,547,597.9198269,63.59397363,206.4813564
575,548,311.7984745,28.93470356,26.49351363
683,548,260.5056325,27.02659997,56.93071666
1635,549,87.8722986,42.19674667,187.4664178
1804,549,163.8579231,30.9487244,38.16479659
1505,549,226.9515391,75.67513937,540.0403106
1382,549,226.8988817,121.5144066,2654.975986
1399,550,231.0326626,38.56963029,66.50631307
1141,550,278.4021645,33.66352306,73.31611113
560,551,353.2450586,49.23838857,552.2205438
1008,551,431.2349607,26.82147231,49.58376532
1351,552,134.6960658,21.12007804,66.42925964
1443,552,673.5888892,32.88350258,111.3925455
1823,553,89.98096423,75.47517673,240.0127122
1615,553,173.320963,95.80737934,167.414388
680,554,127.8212461,57.68335859,98.24278222
1263,556,190.465174,18.88716815,19.77733994
1318,556,205.3293807,30.53533884,35.2500792
816,556,338.2452817,43.18129036,63.95778092
741,557,329.2418329,18.00837225,11.7390183
1116,558,373.2936321,42.01715124,120.1517149
1508,558,131.6088084,58.65391874,556.401479
1589,558,203.7975913,26.46491089,44.50024781
1655,558,352.9601232,46.50405872,183.6091715
1231,559,371.4615824,35.17095925,66.90051923
909,559,363.640878,49.12650011,259.939562
568,559,308.6322849,64.68213634,487.749103
1001,560,179.7670643,31.31144542,63.40588404
668,560,173.320963,19.53591736,75.02456887
1683,561,212.5972994,41.28711385,100.514144
1824,561,220.9492292,29.68840385,145.2900011
1677,561,452.5730792,33.44282889,40.73678759
1389,562,489.8710869,53.44795721,320.6557752
1291,564,301.4289481,22.06941054,23.80163964
708,565,364.7385995,83.76580516,1676.840173
1274,566,191.1436769,59.61701857,343.0919816
978,566,351.0632951,35.79131685,57.74941927
749,567,579.0514479,96.32605262,963.7265446
1463,567,158.9866846,65.66063438,285.6889329
1667,567,575.4347967,57.40340711,280.5773329
1183,568,182.4279611,56.68175696,438.5371562
767,568,1182.658842,58.05143632,129.2200558
650,569,858.5732829,43.20666523,86.18348008
945,569,273.5881396,46.55796792,52.39305045
805,569,217.7158719,89.77376133,868.4820603
606,570,525.5226886,27.45912125,56.67557691
1714,570,306.0372569,23.03748284,36.69995034
1868,570,332.2770811,32.51418222,37.50452313
1221,571,309.2799252,30.36893165,29.18617577
1357,571,472.1895863,92.86759994,301.2112682
1011,573,303.7401244,24.91875563,14.43889929
1348,573,322.2312508,61.83476203,133.0782709
1060,573,181.2781944,20.77348045,18.48855238
1019,574,211.4165834,10.31979888,14.8891199
943,576,380.3083831,115.2671936,1017.818634
1213,577,78.45539329,28.75258233,46.58053907
1049,577,310.9380791,39.02948233,86.94592855
668,578,297.2870218,29.55155746,56.40215933
728,578,64.18869342,37.38574902,89.81026397
1620,579,257.4093228,16.43741146,9.357360885
1380,579,346.8276777,60.4383623,133.1343092
1602,579,580.2083918,23.37466905,29.9202032
926,580,352.0180966,33.31693819,110.0635103
1847,580,182.7565812,46.22343582,268.2435184
1397,580,311.2149282,35.36702325,126.8168612
1507,580,430.0905982,34.08153706,57.26676988
653,581,393.1233908,128.6233763,1107.295319
609,582,136.0172764,24.22052746,37.23817547
1228,582,181.324511,42.16521937,168.2729426
1187,583,547.5176035,42.25300409,72.36591002
1235,583,399.819279,31.61552075,47.01048925
1278,583,706.9015351,50.18508948,135.0656064
683,584,1664.859868,82.01545329,898.6087338
1062,585,315.986651,45.35600758,132.6369445
957,585,193.0036362,35.5377829,161.0458365
1128,585,271.236828,68.66520434,209.8604856
1383,586,158.4659146,22.1949214,20.47649509
937,586,199.7437476,71.69052853,278.3637807
1367,586,142.3240728,105.6004591,2482.674889
1392,587,180.7566584,41.29722757,38.93724279
768,587,226.6451581,10.11693513,2.242434928
624,588,307.0681031,33.29875614,98.7752407
1291,588,233.4373266,63.59872671,553.2005519
1795,589,178.2929619,120.6207011,548.5606429
670,589,326.6158913,20.70816992,14.91143951
954,589,223.661327,26.82049827,15.91641586
1239,589,171.0052479,106.2368527,444.8423992
627,591,148.8402194,43.54288756,338.2900792
935,592,235.2999851,33.8615242,89.24979533
716,592,478.1998569,100.9030537,1004.961651
630,594,419.2282833,34.30506014,61.85259382
1349,594,436.1160175,51.92171298,207.0519871
1679,594,381.3283241,188.3102922,12110.88932
694,595,229.4301945,44.10938817,103.2221645
1350,595,209.0161457,60.3427201,748.8266912
965,595,320.9529957,37.82691334,519.4969995
945,596,244.8029721,132.0647478,509.1074201
994,596,338.1936844,54.45537546,170.2458835
1790,597,190.3644855,18.75997452,15.2707601
1474,598,290.2479704,67.8801188,415.8016604
1877,598,182.7565812,38.43994544,35.94070087
1669,598,325.6090627,51.59577736,56.07966956
1173,598,561.2759955,60.59442244,288.2847048
723,600,407.1407467,38.49906104,107.9678211
1288,601,401.5502994,37.94598796,35.89587478
1676,603,360.9261362,40.65908759,169.2425892
1122,603,273.2753307,27.51829183,43.84746022
1325,604,245.983783,29.72627597,7.96479073
1295,604,359.9666165,26.4473481,12.99682999
867,604,228.5793319,36.30486009,92.57581064
1050,605,360.0314543,17.79632145,8.909668045
1190,606,461.692006,20.93896676,23.61883609
988,606,37.16157929,63.23940534,156.5140969
1023,606,215.6588456,40.43560419,207.7049224
1149,607,417.5756659,97.82002505,2101.673448
1017,607,338.3261344,34.36465507,12.05159185
1131,607,436.3894861,20.85576876,4.623510828
1827,607,274.4955191,66.36191891,591.0047085
787,609,116.4536333,66.70824679,496.030537
1004,609,226.733857,19.19775564,53.12237814
1323,610,392.6668864,29.6014121,133.7364048
1353,610,229.5751436,26.50475886,235.8287535
1157,610,120.9532605,44.46395854,827.2669915
620,611,169.087035,38.39118601,42.35657552
1170,612,145.3780304,33.74025249,93.31948715
1128,612,468.9801651,21.59289872,24.08644452
950,612,465.7265379,46.54861805,191.7152557
1387,613,446.6209014,60.36762672,141.0476941
1237,613,840.7492009,35.65156219,55.06920023
896,614,193.46244,16.46109213,38.80043003
784,614,377.3276336,68.70388647,381.6358785
1388,615,250.4579211,42.30313098,89.07577153
1412,615,146.3248441,38.94437294,132.9053528
1857,616,147.5826488,81.92301041,808.103364
1337,616,1250.137312,34.9112305,64.89379894
1342,616,206.3071156,38.31779043,139.9052407
968,616,157.8530021,53.71847999,246.8142453
689,617,464.9588651,44.20166983,60.85718848
1107,617,405.4376708,32.00730924,25.89732179
878,618,736.0948352,16.60060896,12.56082082
1121,619,220.944462,61.12750253,660.2839086
837,619,144.1296845,53.74571152,128.8079277
724,619,237.1350352,66.91095304,608.9094101
701,620,182.0563059,49.26639069,48.63933668
1637,621,215.3147626,38.09306148,61.41657884
824,621,226.564955,69.34420571,297.2550715
804,622,172.0416514,46.49600625,128.5651052
930,622,217.4732705,75.90534337,1213.847426
1766,624,381.8613171,38.07909513,67.76581012
1773,625,311.5380371,37.4891096,163.7973534
1681,625,157.553437,58.24414699,96.77097967
1821,625,133.277791,54.03712545,180.8691045
1067,627,255.1288461,27.18825395,40.8788587
1033,627,209.3926731,27.17700732,20.86625089
1308,628,666.8420956,23.5509816,69.69320947
1133,628,218.4487002,13.95415624,14.4416893
665,629,333.3665883,32.72946454,46.4315126
647,629,230.3455076,25.01134061,44.44255838
675,630,224.0087819,133.9368655,665.4293208
1460,630,355.1349344,16.91068571,32.56200399
1070,631,195.6758962,31.80399885,40.89369807
902,631,99.50670832,88.46354773,483.7266128
1135,631,65.5562048,29.03736244,17.22021641
677,632,319.3018043,58.42521397,141.833346
904,633,326.9525347,32.42388307,68.20098117
862,633,350.1370834,30.55259032,76.72580297
1533,633,192.1393817,32.88547478,133.64148
651,633,79.61011847,37.99806303,81.16606219
821,634,43.10862155,38.47180417,51.91440529
1725,634,534.2055542,40.99255283,112.9246503
786,634,470.3230375,78.49782155,515.7548028
808,636,355.8332463,41.72911001,233.3325085
756,637,232.2351497,64.94604351,260.3574172
1343,637,437.604509,76.75778178,203.3392215
1217,637,516.4972621,243.1335318,1632.469702
717,638,140.0193622,37.16557878,91.2563544
1478,638,247.2161626,42.29040361,149.0945937
709,638,233.370582,40.3571661,33.16192309
1013,639,127.6770045,35.63346699,92.15891674
929,639,349.507551,49.34974308,112.7635891
1378,639,478.1998569,30.89780216,66.53853826
1406,639,272.4641234,28.62721062,50.62200121
825,640,443.2576751,29.31873674,72.54054489
1249,640,174.798879,22.24661215,23.55213621
1270,640,406.1750909,29.09201243,48.30322278
855,642,964.9894002,33.68981866,62.84004581
1341,642,190.9435949,42.01587849,172.2779977
1446,642,297.880416,27.31710981,65.17555015
1890,642,573.0878425,64.50457337,210.870324
849,643,177.4167256,48.18015593,387.6788937
1654,643,224.9339936,27.6172643,38.34900879
1053,645,260.5781451,51.05158566,51.37490731
1234,645,54.45037656,100.3382271,1479.771518
1205,646,389.0097565,23.34104632,53.02552992
1103,646,337.9165302,41.84273151,41.32039821
1418,647,185.8481412,208.1536174,6731.956698
929,648,173.7443974,37.07501446,36.89283757
1309,648,322.5496574,30.1017544,77.07203749
1406,648,401.2949579,56.5103225,141.9383252
710,648,419.2282833,37.43722131,28.14481787
1255,649,230.4845608,80.61130631,408.8256182
1363,649,401.7579184,31.51898188,58.83508735
937,649,210.06636,29.89548014,38.44742343
695,650,543.9867244,60.16308955,97.41619411
945,650,139.768161,83.01734873,1238.865602
841,651,365.3021892,11.19693437,2.868996494
1560,651,655.5253337,32.82599281,110.3132114
1579,652,359.0602097,22.99027411,32.8647205
1642,652,436.2835308,29.16824569,48.22711442
1444,652,179.6871226,46.14632955,76.7767823
948,654,229.3277673,45.8052826,146.429397
983,654,272.1220643,37.31882008,43.65170057
1222,654,153.6166738,19.18276431,7.254383189
1181,655,87.70236731,73.29325553,772.1073566
1532,657,213.477024,59.04673547,85.05138243
766,657,273.1481969,32.46357455,42.23269946
1189,658,373.9026531,37.4174747,118.7548891
881,658,168.1160787,64.17488351,213.2061576
931,659,222.4971754,37.44792111,162.0643496
1043,659,246.8908187,42.67299918,69.04999529
1712,660,202.8528379,32.54664891,98.03819104
1752,660,133.4917396,41.00640124,207.4952079
1405,661,327.9089221,37.52908816,102.4895713
1627,661,309.8606787,18.27907386,16.03315734
1639,662,183.9754773,53.64646716,405.9151294
1150,663,188.1125543,16.32655404,11.34604831
920,663,206.0965752,31.15603412,72.11519943
1095,663,285.6313402,63.99312351,92.72240453
682,664,592.1280878,28.07187391,54.77545775
1054,664,136.6603375,41.22240755,121.6110963
817,666,125.4311527,52.37993152,264.213519
930,667,90.72935611,51.22222043,286.7985361
833,668,288.4706731,41.598114,46.12538423
791,668,617.9361295,51.77158438,381.4872484
1124,669,593.3136126,65.69137987,278.8162894
1125,670,526.9643699,61.20382222,214.0242985
1369,670,142.7229606,33.6212193,136.8370325
1621,670,344.4107303,110.2113588,1542.626426
1186,672,144.3851658,36.45413831,129.3546844
771,672,437.0810983,31.46422804,29.40581289
723,672,109.266746,33.05180906,19.04318131
823,673,335.3831085,7.256518964,7.418667736
692,674,124.232046,41.49942186,221.4877373
1366,675,271.1658856,103.0722528,291.569541
1670,675,425.7217866,57.94799741,315.8143922
1511,675,281.387117,106.2085646,2019.864618
1063,676,403.6988235,61.51035223,486.7100921
1681,676,215.2489947,98.21754315,872.7009939
1159,676,407.188637,33.29766883,61.78151761
1275,676,349.5513005,49.52695752,149.6264775
1629,677,77.06165691,32.84668765,70.07808884
1720,678,224.102953,17.92741839,30.2291645
1893,678,238.0516,47.03408788,127.2299485
1686,678,331.680824,55.13574055,205.92758
1747,679,304.1354992,68.94424427,414.19702
1817,679,289.8960949,142.3811232,1127.255302
864,681,219.5580875,30.78969048,38.65685233
948,681,231.3100941,37.51958726,50.2088826
739,681,222.6732767,68.31526664,97.18064893
983,681,100.7554867,56.12854689,763.724537
1303,682,227.0197702,49.72730685,129.8916103
879,682,520.8336374,36.41057929,183.4476422
1253,682,102.5726045,45.43416913,268.0514755
757,683,177.4167256,85.24547083,355.6644614
1502,684,340.4914895,53.33141696,281.3461006
910,686,380.3083831,48.99659192,401.5396963
736,686,401.5502994,73.02411954,323.4655444
1065,687,125.9860167,69.99615878,3055.224809
1774,687,300.5571136,30.86255457,95.86650134
1440,687,468.117835,35.40201001,541.1107719
1870,687,310.9380791,43.92758774,367.173921
754,688,327.9089221,20.0913849,27.73427601
1795,688,624.0356267,24.09094301,32.5099534
1125,688,619.1076603,48.11182671,157.1610957
747,690,157.0425144,60.77534196,172.4424073
707,690,366.1637996,70.4406225,425.0328973
1132,690,188.0975574,50.52317225,70.86965284
1128,693,379.0605032,58.52917476,355.0247135
1454,693,397.8612813,24.55037578,54.84992655
1538,693,228.9557312,37.93718763,68.64036516
832,694,56.73875603,14.42380135,33.16570467
812,695,527.2409087,73.16563382,436.576085
712,695,418.6414886,72.36533474,1016.912576
1659,696,135.8142701,36.02087373,95.91734237
1671,696,394.6998468,70.75999554,270.0539936
1639,697,450.5168961,19.88230092,18.9515414
1456,697,613.4618001,18.53890943,17.36855905
800,697,147.115181,22.7052854,28.77169295
1875,698,83.70083354,109.2717676,112.2378471
976,699,160.2042889,71.27469409,1027.920518
1293,700,293.0218828,21.45319828,14.00226132
858,700,79.84547441,2.303991974,0.06210509
1463,702,105.0625162,35.14258407,25.1500229
1334,702,218.825391,47.96117472,742.7539328
1544,702,252.2814082,29.39231978,88.15008091
1285,703,377.3852395,39.72047234,95.36958784
1403,703,199.471172,57.46662095,268.7613167
1189,703,73.45162392,17.98043555,50.88953509
941,704,113.9476218,224.543486,6209.512088
1732,704,561.5491197,93.11382116,524.5539803
1887,705,174.8263326,30.47490112,120.5690399
1599,705,303.5026595,37.08389078,161.650275
1621,706,349.1433554,49.74592579,179.6975011
1495,706,736.0948352,149.8296839,1844.929886
1723,706,229.8198915,30.80823053,133.9934408
1258,708,239.032545,28.18931058,117.7150818
1574,710,698.3434451,25.42631783,62.31711651
1319,710,267.6487565,30.210375,44.10646693
1295,711,170.3639099,41.47591471,138.3817658
867,711,207.7167499,75.12463221,123.3734257
1305,711,213.1285298,129.7631846,898.0864173
945,712,150.5712968,31.46101358,195.3839891
1360,713,337.929925,40.32618265,56.06580405
1850,713,309.8162877,60.9623058,230.8007522
1576,714,205.1709611,30.73073539,97.91182674
1185,714,182.0563059,31.43539765,21.5794864
1039,715,194.3947913,10.45774456,7.114582593
823,716,160.0071722,16.53930938,7.33317258
1235,716,351.4324351,35.32019794,44.57398691
773,717,138.8510248,31.95776259,63.86854775
1314,718,394.8262584,54.00230765,250.4758972
1269,718,213.1285298,34.75917824,51.37518891
1731,719,160.2835448,45.74244011,187.7247424
1483,719,426.6785023,50.71001485,255.7099619
797,719,255.5581052,77.39492719,385.1566145
1412,721,174.8335651,19.49025549,21.31451533
1836,721,43.10862155,32.84783874,87.69210122
1545,721,314.4173764,32.7256866,154.9227515
1477,722,371.9397429,67.51301069,286.8178769
1267,722,187.3304693,67.44545356,292.0284509
1709,722,342.4038846,41.15140083,121.070664
763,723,430.0905982,29.01805648,67.30186055
1348,724,128.5858497,76.64161203,640.1046371
970,724,489.649266,54.01821056,163.2401454
1310,727,185.0591174,4.152168714,0.302378762
791,728,186.9244155,25.29081367,14.72414059
980,728,192.1580615,57.61708942,367.7095934
1008,728,367.8769472,29.21616375,133.2647
1812,729,537.0465409,16.49221919,8.365036028
1208,729,207.7638298,37.31607358,69.29795294
1811,730,583.736897,48.56321148,213.127414
1180,731,266.0299366,41.20779791,77.8179898
998,732,371.39422,22.35260191,32.82687183
1247,732,178.2376267,26.78421922,9.545220653
781,733,444.7725155,164.1519494,1163.806809
1476,734,207.2705401,75.03076464,743.2173633
1340,735,244.5961223,33.6815519,98.20189944
1439,735,64.76008361,113.7545513,584.9426661
840,736,248.6309867,79.26782441,123.8576262
1071,736,288.2871533,70.42058628,433.3286104
1728,737,231.9120538,21.9174587,56.38077326
946,737,375.198357,52.1158562,69.90458174
1471,738,147.115181,22.42908066,21.50601106
1783,738,357.5976308,11.08273193,3.855684492
1843,738,588.2029864,46.35868929,176.0813414
1033,740,254.0940805,32.0116551,71.06377394
1517,742,87.8722986,93.02242865,272.9501617
1248,742,317.5138636,74.02192497,250.7169613
1499,742,834.4591962,29.74259265,109.705452
1496,742,681.8958421,40.90571549,55.51667632
895,743,265.3543884,89.49457222,773.2118816
751,743,181.7405365,268.7595867,13407.62528
805,744,208.7901995,172.1825277,1684.000886
1106,745,293.289081,53.40487453,470.0572233
1874,745,590.6079178,38.24391608,154.2342626
1624,746,737.9344877,48.98699149,113.2887123
1251,746,702.9666312,30.69864052,72.71145995
940,746,551.025639,60.97710343,192.377157
1067,747,515.2104813,50.04218924,122.1971908
1253,748,385.1798218,43.61939451,100.3515459
978,749,364.6226101,63.19511372,400.5866125
1475,750,557.793825,19.86003556,26.34904765
767,750,308.5269538,105.8046277,504.3548528
1129,751,429.1016293,72.21439021,1366.046976
1563,753,273.80019,50.24032168,358.3450216
1792,753,223.5203052,50.03784035,210.8467616
1756,753,429.1385636,3.13469312,0.168488014
1287,754,169.1415537,61.5468682,765.786669
1480,754,363.0218572,33.75681803,133.4608909
1252,755,184.2386681,66.31725394,281.8949038
941,755,308.8657347,121.3461051,2536.505172
1151,756,366.2891095,112.2079099,372.4164531
1333,756,508.5857965,30.71103934,88.78769531
1329,758,174.8263326,19.75665076,28.2972213
1720,761,217.9040005,24.33351782,31.58753898
1656,761,371.39422,51.28287055,181.4240886
1157,764,158.5035476,72.07066831,520.178839
952,765,197.435632,88.13573828,935.6833662
1230,766,348.9631013,31.19695407,50.54224646
1431,767,346.0063643,25.95215317,25.96574466
1521,769,121.5519876,20.71407878,13.91660904
929,769,537.6552034,33.85116524,88.16141771
1309,769,583.736897,32.99522111,67.03367548
1594,770,169.9984921,14.08415863,9.402317644
1191,770,529.519934,38.31075816,91.57262604
1060,771,173.3499564,48.53391717,105.7292332
788,772,123.3912942,21.28482541,101.4979963
1608,773,99.82069604,35.48788478,152.4324913
1478,773,535.6265217,37.66666485,105.128131
845,774,590.29758,50.02366189,128.1333052
1475,774,420.159762,41.76441379,176.2650018
908,774,359.9021833,79.76104564,738.7161277
1010,775,128.5858497,27.65751692,162.843093
1177,775,135.6962011,53.77019258,320.6733569
1084,775,309.5487818,26.04630363,126.0800121
840,776,99.50670832,225.3163333,2407.68276
812,776,176.5290593,52.41657859,313.0743445
1653,777,322.5496574,35.29793858,81.19750254
1727,778,23.19129935,31.36454311,153.4353803
983,779,457.5318851,23.91910064,27.80143435
871,779,258.5427268,32.54801771,81.10680996
1241,780,244.2100091,29.49983308,29.13960826
1382,782,669.8970705,50.71263102,568.1576685
1580,782,507.5159509,12.09476011,20.26018579
811,783,382.935062,20.18264603,66.07565925
1141,783,600.3521143,29.63301429,18.27443257
1614,785,448.4981114,10.00389985,12.62219677
1644,786,323.5660561,27.16295101,63.71619429
1200,786,277.6931987,16.39750466,22.58417672
1177,786,389.4559332,28.58359695,68.09544399
829,787,245.6525398,40.5409528,139.8123904
1074,787,257.0011816,38.05290345,39.90901376
802,788,216.7469263,29.71037323,147.156609
1026,788,218.5492369,14.72828898,18.20792922
1121,788,173.3034235,27.89098375,36.66315541
1481,789,105.3428476,16.22151061,21.47796931
1553,789,165.5471003,21.67297416,9.83708283
1035,790,206.3634369,45.77063054,151.3398347
1091,790,169.1446138,7.739135141,1.823165523
1419,790,588.5777404,30.01871509,27.20982131
875,791,238.6278746,54.65901951,172.8324699
1065,792,139.9419338,47.39561424,127.7537027
1404,792,191.6409795,71.39134816,251.1577166
1774,792,461.9296024,56.17828093,205.0071125
1131,793,729.6873066,108.6748112,494.6919672
1851,793,812.2037884,36.04645628,44.43032848
1102,794,303.9795021,37.50648981,108.8271219
858,795,877.3222695,31.98934563,79.25003795
1457,796,446.6209014,38.66956703,49.11032454
1048,796,598.7199941,31.44874764,67.64921535
1265,797,235.7206866,41.18706955,155.5873405
853,797,145.3556476,65.59119113,291.1457937
1722,798,221.0540974,37.4038263,55.45102915
1220,798,204.8096738,31.6516744,100.4788788
1234,799,84.12079746,72.67869723,145.5867285
967,799,528.1202201,54.26503269,1186.000319
1501,800,335.6030833,51.76777786,221.4239938
892,801,208.6295318,48.41731941,304.4993726
1115,802,345.0401214,28.46835408,22.849944
1075,802,199.2089648,88.35390969,757.0904916
1375,804,224.0190593,6.556541567,1.110341518
1057,805,239.2014238,63.9488061,810.7663444
1100,806,226.0457242,45.89437836,67.79856153
1488,806,543.9867244,46.49010658,137.5193199
1282,807,235.7206866,28.35175644,75.2393359
1088,808,118.711583,44.70184883,57.63770799
1162,808,287.763438,53.51062777,37.60901562
1138,808,265.3543884,78.20113663,653.3396319
1181,809,687.9839436,36.84801686,224.3736841
1115,809,261.5753554,30.76592028,20.4818065
1204,809,794.1630163,20.15134291,40.4846264
936,810,357.5976308,26.9607531,35.68504168
1264,810,65.79172506,8.831927339,1.869379204
1399,811,535.5904369,49.47139906,71.56087557
1315,811,515.1667446,24.36364822,21.11929881
1856,813,256.671606,30.1513284,35.23774533
1883,813,370.5602899,24.52436983,51.18142856
1615,814,379.4436216,32.90842071,141.1347284
1292,814,273.1481969,45.46214471,157.7594415
1759,814,284.9899833,68.72141281,85.92973105
934,815,240.2178584,64.62253771,277.827829
1011,815,229.8198915,52.06429921,132.5728833
969,815,343.6968208,28.27754262,240.6495699
900,816,174.2833943,33.35137807,70.3279836
852,817,190.094371,39.29699542,75.78302449
1195,818,388.4872031,92.47772898,1078.730512
1207,818,592.1419628,25.15389211,47.90670211
938,819,286.2638424,9.546218079,3.009907981
1250,820,239.032545,12.10024981,10.8086124
1512,820,721.0450059,26.90152844,70.52378994
1808,820,192.5446616,73.3478952,276.829731
1779,821,356.833513,35.51547922,96.4725442
1699,821,184.4806029,36.82174279,37.61432167
1039,822,183.9708818,156.7572191,879.0189526
1157,823,158.8588976,42.98185557,206.6916291
1344,824,372.3959911,65.59205169,280.3632091
1248,824,329.2418329,52.67775459,109.9084143
1091,825,308.0896668,156.7566529,4765.626959
854,826,355.1349344,40.39081136,69.85363052
924,826,204.0247754,31.33625186,95.73858422
1782,827,172.6089563,8.656751352,4.559048606
855,827,262.2700241,22.32364273,26.33750969
1540,828,405.0706705,25.72597094,47.15478383
961,828,243.9645892,48.08049205,118.7888263
1771,828,392.6668864,70.83119913,664.7030824
1861,828,557.793825,27.63798432,60.37580054
955,829,420.159762,51.0608863,522.2166615
1053,829,274.9991019,56.42312164,372.4448872
921,830,266.9297442,14.02747652,3.660258229
1223,830,282.6980403,42.63099672,78.34786129
1363,832,596.6118113,48.38145941,261.7565904
1001,833,615.3432036,25.35035888,116.7591329
1500,834,351.1385161,15.23054823,11.0281686
933,835,729.6873066,60.00634051,104.9578826
1287,835,145.9190187,30.14541004,32.46063583
1795,835,188.4418958,46.93321735,41.01149849
976,836,315.8952795,53.77325076,306.5605272
1348,837,506.4348279,49.75207522,238.8524738
1703,838,267.6487565,47.68917752,171.366711
1035,839,732.8718697,31.73512274,22.67990725
1419,839,471.2193394,47.87196625,154.2634811
1379,839,193.3663786,50.06148033,183.6251681
1894,841,363.934158,65.27951358,196.5985903
1503,841,308.0896668,40.7467581,55.12208431
1819,842,429.3251195,38.12541165,90.11563109
1531,842,474.2868375,28.76327867,242.323745
1063,842,267.6115036,26.31377136,192.3139422
979,842,475.0777077,89.78185989,2249.426813
1025,843,301.9912155,35.26110471,113.104825
1168,843,220.9728617,28.56299277,57.81368659
1278,844,435.8298837,61.16781649,192.0286432
872,844,250.1123158,8.098674355,2.006817943
1199,844,280.3013313,55.39629089,89.63973684
1622,845,269.2993226,56.52840171,130.3531951
1475,845,289.4732103,73.44738709,819.5865786
916,846,47.0931073,60.67352819,171.0215002
1056,846,227.0197702,109.2926009,829.6676847
1085,847,119.8550727,33.76393962,63.61237651
1154,848,214.0170429,49.55155968,172.412817
1650,848,416.4919821,46.97631541,153.4375388
1610,848,280.3013313,36.70347686,98.8326013
1729,849,474.1074256,68.3215265,562.9602161
1131,849,229.5173671,29.69028618,31.81220077
1877,849,285.1267412,31.3802759,9.477040387
1268,851,374.2233224,69.04435589,184.6374485
1224,852,206.7817728,43.59328987,185.3680799
1553,852,555.8898734,39.05762873,47.47673928
1171,853,252.2194652,53.75509151,274.068303
952,854,342.5584141,41.12329585,51.3206253
1238,855,403.1586695,35.6312284,58.27764497
1100,855,265.3601771,68.80477343,174.8677668
1859,856,297.3743471,16.90270713,19.67228255
1413,856,180.5880068,12.9637726,9.484688225
1731,856,142.6925323,33.13359479,42.99216885
1240,857,521.3567152,52.63429694,672.2151391
934,857,430.6985869,50.02894499,350.9708573
1898,859,291.1754312,77.54920902,367.1012138
985,859,150.7319641,20.62613967,34.07726844
1661,859,198.0014115,24.93004574,58.08866849
1359,860,182.1806897,32.96438326,133.8005439
1165,860,267.2583303,53.45102307,91.96461105
902,860,173.424408,69.05465934,117.3040692
1015,861,311.4766587,46.77845559,141.0850371
1078,861,136.0031233,50.43710739,77.94552827
1828,862,198.0121079,44.12053519,89.55517897
1824,862,165.5151902,65.94925223,379.5948763
1894,862,223.1740739,55.39468286,255.81094
1851,863,215.3147626,40.24916069,16.61430991
1066,863,184.9187684,34.74385995,122.3002216
1221,863,68.03218618,42.76580613,97.02859184
1138,864,201.4251449,33.71278826,58.61110523
1343,865,303.5026595,25.46865095,15.36527261
886,865,359.0957098,23.00387059,95.83619704
1628,866,213.3037616,41.32226454,93.82141567
1299,866,212.1300154,47.18100115,171.9725287
1259,866,451.6068618,27.90767645,41.30418812
1098,867,129.7246327,25.0995275,32.20500952
1340,867,172.8914334,31.59766398,197.5369956
1043,868,325.171265,50.66003762,145.6888779
1683,869,107.4526092,31.66170219,154.9623003
1677,869,425.9140946,48.53348734,214.8568561
1736,869,85.96193792,24.87659793,41.92031212
1707,870,328.9953959,55.10522146,131.5801672
1672,870,451.376803,46.37800609,241.9375246
1555,870,385.6960962,41.55529757,227.3839185
1715,870,211.5440323,48.0445831,361.5194103
1046,871,130.344717,20.85199802,11.12627747
1246,871,235.7656418,23.03038554,16.36656448
971,873,466.8448321,29.79946319,72.99098744
1688,873,432.7638555,49.93476243,384.2398125
1628,873,218.4487002,60.76112996,146.5968895
979,874,157.6792198,29.06936627,41.67178294
1220,875,36.33843609,39.66057485,114.8970373
980,875,181.6454605,27.90699938,63.77863235
1124,876,218.3823809,15.75661013,28.23782294
1536,876,203.3274229,46.45477871,184.6236344
1811,877,422.153996,40.47219612,153.165325
1687,877,366.1637996,19.72997434,23.00021284
1313,879,837.4148353,38.27357769,98.13128341
900,879,401.3222458,42.06347161,196.2236287
1158,880,182.4279611,26.76531079,58.10034507
1345,881,54.92324282,33.33568068,59.66737912
938,882,168.1898184,77.84704138,1264.571308
1085,882,109.0673339,106.7735424,1633.236749
1734,883,228.9557312,71.8430844,362.0741428
1449,883,422.4742469,57.70237724,220.5046801
1456,884,220.8072402,46.17493412,444.3460202
1501,884,369.1700553,24.71519967,57.7033954
1835,884,877.8040475,41.96037243,151.0319109
1102,885,206.3634369,37.98808728,185.2025437
1204,885,315.8952795,73.78717895,1105.446637
1328,886,263.045384,31.84028476,138.1682038
1323,886,983.1410724,30.25137889,29.3471302
971,887,437.7910577,40.31728088,131.5353483
1111,888,480.5709836,46.66560927,229.3524345
1435,888,120.5868686,20.48125953,9.977000476
1057,889,416.0111819,30.86223763,146.7719718
1784,890,297.4371296,10.33749045,22.48241416
1692,890,229.5751436,40.06779777,207.8075167
918,890,536.8307915,68.64580332,123.3219423
1813,891,179.7084974,37.61310659,76.0412124
1393,891,262.400298,21.96696109,35.13377563
997,892,411.0247426,25.90156406,22.44452847
1353,893,112.2062894,54.34602244,169.0494814
1169,893,367.5149852,53.34239344,152.4967064
1628,894,546.0513157,21.4560857,11.44960779
1568,894,117.7829497,29.01894421,58.85586877
1259,894,151.2145152,51.31338647,120.1990499
986,895,417.3778846,67.01775986,563.057268
1300,895,384.3382001,73.40139786,351.8632534
993,895,230.4845608,132.2381984,763.4977069
1036,896,552.3083759,27.41168916,150.0859043
1064,896,77.06165691,47.77794691,288.6440384
1888,897,134.565403,52.23846912,85.79679886
1827,898,360.0314543,26.36689272,35.05475015
1851,898,386.2123804,102.1272269,379.3779528
1025,899,96.23678547,81.02295194,606.1229276
1108,899,222.3496414,30.09357119,278.6809752
1318,900,203.862154,46.90680476,139.6113051
1661,901,266.5969192,28.19264293,10.43181525
1438,901,291.0021815,21.62469653,17.98721547
1319,901,116.4536333,46.60856563,102.41788
1732,903,187.0304169,38.73812093,88.8302002
1539,903,197.3779818,64.34629847,134.5228474
1512,904,333.3665883,31.09239244,75.5299689
1518,904,373.9026531,40.3604666,118.3476114
1185,905,264.4056949,29.49804108,36.39901837
1745,905,136.0388933,23.67010338,60.55907563
1705,905,309.9800513,26.61327379,54.99765851
1504,905,272.3314862,32.83237341,123.58116
1885,906,336.6565142,35.51387335,144.1034539
949,907,288.1919027,31.80060294,217.1356851
984,907,543.1076246,48.38825526,397.2119618
1047,907,85.95583234,34.07742599,146.1302909
1546,907,403.3678156,76.95763809,592.2679475
1358,908,59.8680053,130.2093409,886.7048971
1395,909,184.2386681,42.59811649,58.76502868
1622,909,169.0112505,126.4329993,821.5196442
1614,911,207.7215093,7.599605846,2.771051477
1780,911,246.2823304,64.33335064,380.9248429
1900,911,470.3230375,20.1907739,10.77516996
1073,912,301.3132414,31.70694089,145.8262808
1471,912,248.2977713,13.14783743,29.19642114
1519,912,272.7143568,22.74593651,36.39521889
927,913,315.4688993,48.55993159,1349.291865
1210,913,189.8031349,41.89538955,189.2979011
1192,913,341.6175937,30.32670492,122.8690708
1223,914,142.2918038,12.54317894,2.741772268
1643,915,567.1874378,51.36041309,190.5587484
1875,916,411.048334,150.299627,4022.786527
1057,917,136.0031233,47.47599885,101.5966628
1022,917,203.3274229,27.06769901,25.14865074
1569,918,546.88406,43.41867345,222.1098908
1573,918,93.60051923,43.84927027,186.6345784
1781,919,119.8550727,32.82417009,54.3420241
1639,919,316.3795714,28.34407639,26.66873657
927,920,179.8530481,40.66438933,343.1978487
1288,921,168.1160787,17.14359448,17.62288368
1240,921,463.3485895,46.03044811,233.8200083
1804,922,67.54240776,83.61524318,404.983298
1505,922,89.68328444,25.76069126,25.79817122
952,924,364.4378115,59.90153528,415.6013026
975,926,932.9795716,10.57342699,7.446442174
1045,926,317.0501664,33.45595854,48.72600365
1075,928,315.8952014,31.34259405,93.65220812
1551,929,749.0030862,34.54635424,66.48088592
1383,930,231.0326626,65.55758044,359.4777034
1371,930,84.12079746,142.6779773,1822.440708
1701,932,195.2502728,65.82281139,417.0803163
1876,932,347.7028268,61.38682757,303.6990501
1009,932,333.3397906,44.78651006,197.6890135
1833,933,133.277791,49.5065646,66.29136581
1825,933,87.70236731,18.95861104,22.48121647
1246,934,494.4566028,38.31947132,168.2653258
1353,935,266.0299366,42.99291999,148.7329445
1169,935,98.15316266,30.58694089,50.40730577
956,935,227.3709787,49.34289247,121.0652334
1550,936,317.9769691,90.41750322,1126.123188
1117,937,479.26032,72.57319879,172.0466479
1420,939,270.3154592,15.03261703,29.25680709
1575,939,40.1955532,44.80688788,268.9378761
1149,940,732.8718697,50.29646074,203.8166201
1729,940,303.9309738,34.06488942,86.91134356
1131,940,783.4679732,74.8606423,231.2453395
1068,942,291.640521,18.11476229,10.96383754
1152,943,449.8409031,68.25173279,376.5684934
1219,944,206.5600204,39.91141786,40.36862024
1295,944,74.64159246,15.0649655,3.15814294
1545,946,386.3014545,72.01676069,90.87955437
1864,946,539.4160236,42.06587511,73.89461597
1614,946,252.2194652,30.46533754,26.12711111
1347,947,498.4205476,24.25664777,47.10570569
1552,947,174.9291595,32.91699601,54.25624544
1197,947,119.5049221,29.93145211,50.37635954
1216,948,285.1681367,30.58585733,63.27505769
1308,949,451.376803,38.89602491,94.49181693
1041,950,521.858277,51.19661609,274.0884626
1398,950,384.0532947,29.61920628,33.79418324
1390,950,381.3131091,49.78460658,211.0549139
1091,951,84.50477683,21.04026646,59.67801858
1419,951,308.8657347,22.01311291,31.91963656
1846,953,433.0946594,33.76122582,60.94411407
1737,954,379.0823482,116.0241804,637.4995165
1579,954,571.5129566,33.17688324,81.5791459
1187,956,188.531461,32.78531778,17.07333399
1235,956,280.3753136,46.86200889,39.82397936
1362,957,252.1376521,40.61713287,124.058653
1547,957,330.4178154,35.38594166,70.73015466
1183,958,192.0974179,9.397897106,3.099333512
1305,958,156.3548186,53.45477158,139.6213519
980,959,565.5537975,19.21673843,51.03287866
1008,959,262.0605862,27.34472104,27.21310715
1101,961,655.7430854,81.25570871,350.559241
1317,961,228.986509,41.60050553,90.22069751
1429,961,808.8014416,74.97111611,320.4530835
1095,962,195.2502728,26.15746262,34.01859354
1127,963,158.5035476,33.48165634,23.59190667
1115,963,169.1446138,36.53655905,29.58618275
1422,964,364.9690961,47.93549784,125.8666717
1676,964,206.5923685,53.87015461,117.6598414
1117,965,311.2551407,100.436359,762.6421345
1367,965,250.2074962,70.58984151,971.2286654
1078,966,461.692006,37.19259071,66.49519605
988,967,386.2123804,70.2948589,346.8603565
1468,968,292.3479732,16.29086456,6.106085366
1407,968,273.4911032,55.3994683,364.6125516
1192,969,402.4812684,31.08749237,85.89603504
1109,970,242.1193503,55.32184244,249.9174023
1103,970,288.1881173,35.13633003,56.32567106
1242,971,347.2602902,27.80849188,83.89452805
1406,971,239.9090691,58.78478149,350.4197909
1290,972,194.4176342,47.44557664,155.6241732
1436,974,177.3788564,58.47808549,145.0912093
1740,974,129.3414543,61.65926626,161.9675963
1494,974,332.9671468,35.72386328,61.55633736
1365,975,262.400298,19.18323531,41.36148755
1095,976,442.6111722,46.7810432,103.9073368
1781,977,516.729278,25.8480716,41.90701767
1451,978,150.7177595,62.41775054,290.4442176
1463,978,240.8326967,43.43767248,137.4725173
1285,979,296.1030508,93.28034122,1093.286541
1136,981,192.1947587,29.41801326,32.29236365
1798,981,120.2346813,35.23406913,93.46182574
1826,981,759.6472394,31.664447,70.65505106
1585,982,484.3072559,27.04997198,25.67150696
1648,982,707.8222892,23.85077544,85.09792905
1046,983,164.5701772,29.70047535,19.32425581
1133,984,165.6612501,17.28082748,50.19197303
1327,984,296.400922,32.07965693,115.1797602
1226,985,295.9341185,79.35270915,440.5870181
1097,985,310.7910098,47.62846102,119.5182077
1165,986,212.6288749,140.5689714,772.4095564
1015,987,203.6268237,82.25207486,458.7982441
1250,988,286.001407,37.38544161,113.3353275
1024,989,178.4685047,32.95820757,52.70473244
1088,990,173.1105499,56.78356786,173.9069636
1162,990,367.6673525,43.83986391,324.6209126
1040,991,421.1430197,31.24164552,49.27323407
1328,991,297.3743471,31.06999349,70.35550104
1697,992,345.1284077,71.55937225,230.2448971
1170,992,201.99432,32.18506161,58.99286593
1568,992,490.8955597,54.04962901,262.5338708
1129,993,380.0374362,76.92127736,679.5985102
1085,994,121.5546234,15.32439703,3.008390112
1593,995,212.5972994,84.56421592,905.6606858
1331,995,178.1734333,18.43568427,31.93821175
1636,996,188.1125543,39.36685072,201.6715587
1861,996,406.13416,28.74746332,60.50651208
1672,996,436.1160175,52.65904719,74.63660916
1707,996,242.1193503,31.03515959,82.53138154
1205,998,453.2407947,41.02746521,326.3568071
1304,999,348.821482,41.90336779,91.5912473
1315,1000,151.2145152,81.79142037,404.2078313
1359,1000,119.5049221,63.51917464,114.2459243
1165,1000,187.5564271,36.56360883,176.7359477
1099,1001,197.1452485,59.27958979,563.0825129
1160,1002,188.0975574,38.05577639,149.849345
1888,1002,397.9002526,95.46953966,1257.701526
1820,1002,393.3975505,59.11389394,221.477048
1845,1003,258.3630147,21.91585942,61.19755677
1018,1004,336.6565142,32.01405929,76.83583999
1329,1006,491.0600093,71.57753256,874.271525
1028,1007,289.9981091,39.04035203,142.3939223
1371,1007,326.9525347,27.98992691,123.0630281
1336,1009,394.6998468,75.44368823,700.1850137
1542,1009,309.8837454,38.29554165,96.32869593
1462,1010,265.5468273,22.69742484,71.85956029
1537,1010,205.1709611,49.73773416,145.2386663
1260,1010,205.6161214,17.75937064,10.89564251
1338,1012,61.01116025,73.12426734,260.7888666
1245,1012,202.5600685,40.16657678,13.59772631
1058,1013,600.736249,42.23180002,281.5808466
1092,1015,315.6747602,59.49932759,141.6851582
1830,1016,255.3728071,84.17482132,546.1755896
1647,1016,359.7984005,28.38642969,76.9909328
1174,1018,474.1074256,12.2238631,7.184742369
1109,1019,265.1027488,50.99826181,110.7927598
1529,1020,360.1234879,79.91653428,380.0381837
1472,1020,147.6014535,91.85102612,266.3865284
1171,1021,255.1288461,32.69942727,103.0110493
1808,1023,235.6236818,38.68509332,178.2999612
1816,1023,174.2971345,28.06376113,44.48530077
1276,1023,217.7667406,31.06469936,76.38007544
1849,1024,529.519934,81.38910345,978.4738808
1279,1027,173.424408,26.16997169,85.0443015
1390,1027,162.243029,56.21294614,233.7577201
1426,1028,227.3709787,50.84259292,196.3554115
1085,1029,449.8220414,55.86385818,457.658467
1368,1030,180.2972627,16.43042083,25.91697282
1482,1030,242.6223644,43.50460365,95.3834973
1428,1030,115.4691097,43.81147276,148.6463348
1591,1031,183.9086609,51.0483308,132.4903841
1168,1032,120.2346813,49.21299788,244.666186
1222,1032,187.5564271,41.51277496,87.82577384
1198,1032,138.3653967,12.24538326,12.17286416
1090,1034,218.695071,34.42319633,267.6133868
1484,1034,521.858277,73.20025053,306.2705544
1399,1035,170.3639099,67.40858754,291.1904467
1099,1036,345.0401214,42.59581785,70.84437643
1814,1037,187.0304169,62.5809069,72.23574053
1087,1037,685.5480784,66.78148255,266.0316805
1617,1037,461.29248,49.04440917,90.57846808
1470,1037,187.0332182,28.00538331,46.50814032
1696,1038,373.465262,122.4627268,1672.75778
1719,1038,687.9839436,47.63471396,414.4062545
1203,1038,335.9269365,40.62099936,180.0129618
1170,1041,295.8768103,22.22264236,21.23219156
1565,1041,289.5651337,23.85743672,29.006318
1300,1042,481.4511858,22.26753284,75.28515089
1656,1044,626.972133,44.38914294,61.42269567
1758,1044,501.413837,48.8517696,126.1946927
1477,1045,452.5352497,50.44339825,76.41333937
1847,1045,373.0802071,31.43112325,51.13317035
1490,1048,317.4143893,9.667469959,2.551542515
1562,1048,789.598833,20.9688554,32.16094827
1325,1049,837.4148353,17.07110135,4.855851739
1738,1051,558.3018389,38.2594709,38.33574673
1567,1052,518.7394218,10.93228431,5.35288657
1489,1052,231.8067288,18.57325432,14.11425276
1074,1053,249.2431119,25.88979297,91.46962569
1253,1054,362.931564,28.62097337,28.06330095
1349,1055,245.983783,117.7470762,1630.689894
1487,1055,276.9632741,20.92836047,30.03576335
1548,1058,543.3340304,29.62403419,109.6677048
1608,1058,433.4806221,34.14789582,99.71107544
1881,1059,240.68207,64.96134736,457.8531673
1757,1059,236.8129198,49.66203332,256.2487224
1863,1059,295.7785775,41.1175843,212.6270748
1096,1061,119.4115022,23.13164155,38.17889636
1205,1061,194.3462435,36.88202795,130.5589228
1697,1062,181.8802626,42.59457882,706.7588521
1362,1062,173.4019806,31.04239984,72.64062755
1170,1062,267.044376,69.75506785,222.2784993
1179,1063,389.0715425,32.62415038,96.36578779
1099,1064,308.5269538,42.09212925,129.7462707
1603,1066,292.3479732,27.87158199,63.25066178
1132,1067,176.2882066,72.87187691,494.9830514
1303,1068,126.8696917,57.57679942,197.4205145
1140,1069,195.336973,36.4870616,50.52493911
1520,1069,331.9189396,66.33422528,576.2088618
1490,1069,249.2360129,15.86329395,42.85263422
1497,1072,331.6213277,39.82075084,70.26321983
1209,1073,648.108398,73.18564805,1331.237397
1474,1073,390.3773495,19.85346854,41.51681612
1610,1076,1763.386917,19.92913279,44.45620208
1595,1076,382.935062,90.28833599,790.7142142
1411,1077,246.8908187,70.94699968,545.2330911
1255,1077,212.1300154,28.89962476,115.1093282
1363,1077,357.1935553,49.72429572,138.2161449
1092,1078,317.9548827,35.56976236,15.39795382
1392,1079,533.6401359,32.37322088,65.59882784
1094,1080,980.7063535,5.493999657,0.459805453
1174,1081,480.5709836,9.327007851,2.559132274
1211,1082,508.9401881,82.8147517,409.3410678
1175,1082,191.0314798,23.4340404,36.43473237
1273,1082,65.64691401,94.30603116,647.8310891
1283,1082,129.3414543,25.9833988,30.04718983
1370,1083,230.5115871,32.84556814,124.24952
1532,1083,229.2882337,40.81751605,76.53285647
1260,1084,289.5651337,36.66224572,193.0612006
1479,1086,231.8067288,43.30311678,169.2883837
1558,1087,324.7243547,41.267447,41.18996886
1139,1089,389.6741548,19.33687144,67.97278244
1499,1090,404.604918,49.3560743,136.4414615
1430,1090,423.565812,33.93296696,74.91252075
1422,1090,796.2967673,27.93389129,29.47944473
1668,1093,313.437054,48.54667311,228.0783711
1824,1093,379.710862,49.12465676,109.9690141
1768,1093,273.80019,52.27610567,127.3924618
1469,1097,261.2699314,29.21319882,93.05581386
1583,1097,190.6074406,37.48755194,65.07061273
1427,1098,187.4831483,26.18956152,51.43133451
1311,1100,291.246986,68.35105364,521.1137622
1136,1100,226.6451581,27.74134389,199.0301291
1433,1101,229.4301945,46.19337145,226.5673486
1805,1101,471.1184585,84.24805923,1069.489923
1120,1102,301.4289481,78.58513657,300.8047529
1439,1105,306.0372569,27.06752964,55.11087838
1578,1106,497.2524457,32.5196152,155.5890457
1698,1106,231.7631415,58.28728624,282.0397105
1835,1107,239.6687178,17.92665463,5.602411901
1216,1108,658.4608274,38.37713328,57.83709866
1122,1110,202.3150389,57.46271208,155.6490513
1502,1110,324.7043452,30.31781336,59.23006872
1284,1110,147.5826488,78.62865688,1026.73903
1159,1111,337.7397836,37.73214338,413.0159507
1557,1112,230.6699168,35.62870395,62.22126361
1346,1112,317.5138636,47.89982051,181.0728367
1507,1113,600.736249,9.486220423,10.09613644
1267,1113,184.8482131,49.51825481,229.8908354
1297,1113,172.2389552,27.75720269,88.59787807
1164,1116,150.5712968,27.57323206,21.69922183
1542,1118,96.23678547,30.66576371,104.945178
1773,1119,308.6322849,24.77904036,26.06776384
1821,1119,351.4356002,37.46177372,53.13666069
1749,1119,177.9770438,29.24465065,76.28441798
1162,1120,637.1693347,48.41226411,155.0586333
1634,1122,56.73875603,37.19030645,102.7795623
1315,1123,115.9472542,158.9394061,891.7541931
1300,1123,534.4137894,105.4601856,172.1223643
1326,1124,238.4113748,54.54242016,117.9279839
1489,1125,463.3485895,32.2519915,24.2416513
1181,1127,236.8129198,32.72407543,51.12240713
1398,1128,252.5996352,34.08413103,143.7845987
1310,1129,374.590421,29.73664663,197.8066732
1335,1129,445.700541,45.12013352,195.3481246
1899,1130,177.0384233,46.13405943,69.34444201
1782,1130,207.4714213,47.64718696,212.1283507
1631,1134,200.0120628,91.8823641,388.5330616
1280,1135,188.9019845,37.00200597,25.13356416
1890,1136,364.5744015,28.96308214,54.68046843
1769,1137,330.3006646,23.91263382,59.26654198
1757,1137,526.9643699,25.21821248,27.51437669
1504,1137,600.3521143,65.48237057,394.6398423
1571,1140,363.6314208,61.29972358,503.8381239
1178,1142,263.045384,26.29592355,21.75636362
1880,1142,193.1793316,27.6637296,147.4840397
1573,1143,357.5418123,24.78951517,54.06506192
1381,1143,294.5838901,15.3056714,56.91404298
1273,1145,236.6580219,27.87166916,20.48297029
1685,1146,247.681827,58.43829818,167.1747067
1225,1147,361.4377406,59.83420163,193.1252921
1285,1147,1375.671187,27.01059845,32.50552944
1391,1147,290.389597,64.16796511,186.4617541
1665,1148,450.7025223,22.97435079,57.58216704
1802,1148,213.9600738,25.9441537,26.88697083
1281,1148,231.7631415,89.96025397,448.2311758
1624,1149,77.68142189,64.87506047,135.1272979
1409,1149,188.8080619,139.6349572,990.4264072
1667,1152,201.2208564,22.46650804,73.5609101
1511,1152,203.2810056,78.92928703,490.5731094
1425,1155,187.7401673,33.77065805,59.17429541
1678,1155,240.2681057,25.92457197,43.95224068
1721,1155,317.9769691,26.02608837,14.37771654
1382,1158,193.1793316,25.70643954,84.82885287
1682,1158,367.8985108,9.361205685,11.04225408
1629,1160,248.5542772,45.53557965,254.5319832
1827,1161,247.681827,90.19253767,178.2213974
1851,1161,291.2689636,38.32403993,104.6394861
1298,1163,156.4262643,42.95296143,201.9642588
1592,1164,202.8528379,52.15183317,73.381825
1726,1166,309.9800513,39.92768237,146.5468173
1756,1166,193.3788619,65.4175662,186.9478239
1630,1167,262.9349518,25.74739155,42.80666397
1763,1167,59.61637085,36.60150995,102.4591831
1187,1169,445.9133441,44.05507342,24.48212027
1330,1171,209.9648436,58.31278907,368.0736182
1623,1172,445.962037,28.68207634,60.12196294
1789,1173,261.4719247,74.5829847,227.9611742
1755,1173,461.4879763,62.68877285,186.6327272
1258,1175,193.4954925,42.32404376,140.7686812
1532,1176,198.6725851,24.46014415,17.5335051
1304,1176,169.0112505,94.16831,800.224515
1236,1177,203.2810056,76.54655038,497.1474237
1897,1178,182.8543638,15.3626287,11.2742847
1396,1178,205.6161214,72.08040975,385.0660884
1536,1178,83.68299612,81.74941148,662.6035234
1531,1179,482.9838012,30.20020333,72.2855698
1821,1179,458.7979694,62.00222826,367.1051609
1694,1182,348.9631013,23.2709235,26.72502411
1559,1182,270.2586661,47.14665938,334.6823475
1367,1183,165.1214109,196.2829907,2314.804653
1593,1184,166.7717293,19.18508162,35.13109979
1734,1184,251.1476902,64.83736487,284.9652757
1814,1184,361.4377406,28.48472012,58.89878567
1711,1185,187.6538421,34.54364436,47.17681884
1770,1188,229.3277673,93.90370816,788.4713409
1610,1188,546.88406,74.3451611,421.9477808
1595,1188,355.6431265,22.13615145,54.89870766
1445,1188,141.573317,100.3402046,745.0540124
1345,1189,184.9290569,72.36876824,320.4644637
1846,1190,434.4642783,24.9128686,42.96122735
1747,1191,272.4641234,36.42900351,46.22382101
1229,1193,223.5203052,19.75924995,24.53721788
1458,1196,266.72183,50.16764452,159.5157384
1776,1196,351.9118393,48.63850415,127.239553
1380,1196,346.0063643,43.0906731,48.48208293
1467,1196,242.8317595,46.48922716,93.01978275
1779,1197,147.7734406,35.1982364,247.1774446
1699,1197,166.9479883,49.02782278,391.6191706
1409,1199,443.2576751,94.38465691,393.6890666
1456,1199,379.0605032,125.5144369,3357.368535
1587,1200,276.8923422,57.16196138,455.4583325
1330,1201,508.9401881,61.55308863,525.7532259
1271,1202,493.8097046,31.8297218,120.6005298
1728,1202,328.3410563,55.00879335,165.4483589
1596,1202,220.9956852,81.57249537,432.3473918
1480,1203,253.5573664,16.10551459,20.22116008
1240,1204,223.9545091,33.00887523,105.8963789
1670,1206,184.5621388,90.57659157,319.0203404
1523,1206,168.0767401,57.97897347,349.9415399
1349,1206,685.5480784,88.27227284,363.0659701
1896,1208,287.2043926,27.42526217,59.92371168
1281,1208,290.8636252,81.70906839,291.3577186
1853,1209,208.9353201,40.65288765,416.6854493
1729,1209,139.768161,37.80044419,133.6593895
1877,1209,173.1105499,60.89966546,948.6310872
1222,1210,188.9019845,30.29680998,61.86178006
1338,1211,417.6863188,87.60837237,331.231701
1513,1211,225.8890994,101.9785016,431.5183501
1589,1212,123.8118697,38.88479278,137.4589923
1219,1213,426.6043255,42.16343065,172.8889981
1818,1214,204.3966949,20.2489758,20.32334867
1581,1214,288.1919027,36.92693027,183.3160168
1525,1215,420.8822456,63.39927679,216.9799477
1222,1216,145.5910052,45.36477785,28.90841559
1547,1218,309.7643485,55.16901623,210.3909055
1740,1220,588.2029864,33.83654675,76.75042229
1851,1221,729.2562404,24.6682825,36.95394712
1562,1224,355.772862,49.85762395,311.3060656
1387,1225,355.0584151,9.006337451,1.695960645
1870,1226,678.214597,35.04041222,112.827434
1898,1226,351.4356002,29.34282836,83.39372685
1638,1227,317.2509976,38.23579875,74.23188295
1615,1227,208.3333427,37.17267897,179.9167417
1292,1227,318.1792328,59.56227174,423.153851
1878,1228,228.3359391,85.40361046,1182.357993
1348,1229,623.0297404,33.56478805,84.3019469
1547,1230,145.3556476,50.21295025,132.9628019
1304,1230,1289.528685,60.3007207,481.5174788
1395,1231,714.442903,81.09035537,372.9506045
1887,1232,330.3261364,24.93038345,68.05196664
1626,1232,238.6278746,68.5568257,489.0177624
1272,1233,422.4742469,62.03372639,213.5937894
1699,1233,270.2586661,35.56126075,86.65064905
1645,1233,400.5904883,31.15931206,28.99941262
1902,1234,385.5342511,58.941635,140.8826628
1810,1238,77.68142189,18.51433487,12.20081603
1341,1238,123.3912942,46.50505152,241.5320268
1621,1239,120.5868686,8.20826105,2.185684529
1385,1239,190.3866487,18.35815917,28.2042898
1478,1242,179.2475238,34.52719647,31.35832
1378,1242,252.4825789,32.00194219,89.37969565
1428,1244,293.289081,76.99282767,613.3203543
1261,1244,268.7115101,91.50253078,411.1464727
1247,1245,586.5620605,13.5201938,2.089106116
1513,1245,59.61637085,50.6167178,63.93854799
1803,1245,87.91891936,2.966346022,0.103830518
1594,1247,221.5894798,40.80755986,192.9349067
1493,1248,417.5015831,98.65764373,422.4058566
1325,1249,275.036403,30.16733265,18.67637471
1316,1250,122.5245309,46.80443115,183.6762379
1459,1251,265.3293422,47.03133631,150.1130245
1373,1251,359.9769757,42.642382,95.05616583
1729,1251,328.9752251,74.9253229,314.3796214
1514,1254,360.9340037,41.51748795,171.1737435
1375,1255,479.7478001,33.68352273,176.5295967
1830,1256,248.1534678,22.61838214,41.14674329
1647,1256,223.9545091,44.42539219,34.98351486
1322,1257,527.2409087,43.5006223,316.8281865
1658,1259,139.9419338,29.7091639,44.53241286
1731,1260,404.604918,79.18563014,682.1418679
1411,1260,440.7880496,39.27610536,136.5589946
1572,1261,190.4208117,19.07035289,22.04669801
1873,1262,323.5660561,33.83397015,130.4503989
1787,1262,357.1935553,29.18336194,59.32742155
1483,1265,175.9195987,75.17770947,263.473724
1847,1267,118.711583,34.7266761,64.63914374
1767,1267,367.6673525,50.37391258,254.5098577
1427,1270,173.4019806,36.46578202,25.10629269
1356,1271,461.0406423,16.75228888,30.27046179
1889,1271,240.4600735,71.00114009,581.0991654
1753,1272,324.4893922,30.69523795,43.76266549
1743,1272,181.868571,29.31700102,53.82750184
1435,1275,185.3371688,33.6280051,43.41762762
1403,1275,168.3546689,20.74934973,31.59180527
1714,1276,208.4203538,24.07949433,52.53887165
1797,1277,457.5318851,56.68126348,264.5455073
1606,1277,261.2699314,10.25007999,4.037497794
1658,1279,115.9255709,45.75774978,168.0308733
1565,1279,675.6140046,43.29537165,67.19418244
1416,1281,291.0831249,49.22089645,194.590082
1899,1281,267.9153336,42.14256458,163.8537731
1393,1282,403.6988235,31.29634535,95.33906269
1576,1282,187.2315886,43.03081808,92.18320376
1453,1283,216.7469263,62.5320096,226.4769289
1901,1286,405.0706705,63.31698042,410.0456706
1780,1286,254.2968848,33.82052729,104.1734958
1770,1286,673.5888892,49.17731574,194.2607213
1833,1287,28.74746286,86.02252459,434.7045395
1472,1289,235.6236818,80.11495999,590.2523926
1563,1291,122.4514347,22.79821936,10.73660235
1814,1292,264.9869195,103.0925351,1057.031734
1690,1292,54.92324282,97.02851075,667.6547501
1390,1294,203.6268237,40.60696981,108.5734676
1398,1294,343.912667,33.03051243,44.01303895
1631,1294,359.6266167,34.75581585,89.94626843
1412,1296,186.6504078,32.68173774,108.0855151
1767,1297,198.5985543,39.01562909,138.5941579
1377,1297,187.7401673,41.77983845,152.4462833
1630,1297,178.2376267,144.8391795,815.5906731
1328,1298,364.9690961,57.62374801,317.6326657
1530,1301,449.8220414,55.64230917,309.1016151
1850,1301,357.5418123,55.95746055,333.5527813
1588,1302,445.697783,20.72521759,18.46948885
1713,1302,609.2264249,82.36720238,461.2362694
1719,1302,420.8822456,63.29787505,484.9454464
1439,1305,497.1539143,20.90890592,20.50760141
1572,1306,25.73839799,60.06379053,203.429255
1364,1306,421.7383005,83.61473471,725.1920425
1404,1306,411.0247426,59.1321709,318.6425346
1429,1307,357.4694262,34.89741999,115.8995496
1775,1307,336.8158621,40.1981887,194.9913639
1574,1309,188.8031216,33.84278759,96.80497926
1388,1311,265.3293422,9.141237071,1.6299473
1488,1311,220.3793376,77.25737939,218.5042873
1389,1312,283.9259829,43.50923717,158.2978527
1318,1313,654.9590477,32.6123568,75.43694878
1490,1314,385.5321041,36.78368688,92.79204167
1379,1315,209.4380693,51.76694726,738.3897054
1858,1316,194.1451883,124.4760312,1328.5719
1671,1316,206.0965752,92.79601712,1707.087143
1736,1316,172.3249935,35.11260181,54.05828922
1805,1317,187.5659269,58.07670209,167.9871289
1687,1317,214.3053235,41.12959509,138.2149203
1809,1317,266.9297442,30.63993087,186.9980197
1673,1319,202.2388926,25.9631203,27.07381397
1410,1319,284.508718,57.13040435,120.6183624
1439,1320,127.8212461,63.07019747,450.8075307
1394,1321,547.5176035,58.57252274,431.6915764
1347,1322,169.0187841,19.86870312,41.52240934
1361,1322,505.3501363,39.46471057,94.97185301
1386,1324,65.79172506,30.84196613,62.34925524
1484,1324,289.088139,23.99679723,58.76978734
1880,1326,127.0599661,35.1295942,16.15606782
1409,1327,198.0014115,35.70151266,87.02596514
1546,1327,311.2551407,66.75811941,279.9973754
1370,1329,209.1068497,22.33755639,30.77828888
1599,1331,202.500837,33.16941989,61.64156748
1704,1331,250.714191,41.3444006,358.3135928
1516,1332,255.25075,67.40621065,130.0923082
1347,1332,253.7318697,37.67274284,180.7708241
1552,1332,445.9133441,28.91995639,29.33588191
1876,1336,570.1147208,34.88127519,102.3540585
1831,1337,231.7111229,36.73188515,98.60488564
1702,1337,366.9143986,42.67438029,428.294892
1667,1339,348.1679614,44.69612005,30.62047513
1415,1340,268.9371816,34.90704847,165.026433
1822,1341,209.4900167,31.105133,189.1257615
1702,1342,194.3947913,27.01553008,56.78211964
1819,1342,184.9187684,69.78555774,261.8527038
1407,1342,168.3546689,84.30025172,629.7789937
1571,1344,451.9024524,49.00047879,262.4411793
1403,1345,374.8065205,36.51727372,67.15004807
1435,1345,298.5352416,27.95159808,105.6498231
1888,1346,597.8811793,42.22757006,243.2246176
1854,1346,347.2602902,52.53365936,141.1974354
1360,1346,287.2043926,27.09216244,14.95966436
1592,1349,233.2586384,38.6898475,202.1881365
1878,1351,260.5781451,21.42603079,24.33784777
1789,1352,224.2027644,52.71419449,211.9987895
1755,1352,504.55078,51.97461684,74.36039677
1600,1352,312.5007547,31.24693947,71.63973101
1640,1354,250.1775177,68.9861306,247.5015836
1577,1354,315.3813339,41.0738594,70.08626485
1370,1354,307.0681031,95.26237558,782.9728986
1431,1355,369.1366858,48.72402117,244.1820773
1826,1356,449.9545,59.65112514,223.3000494
1685,1358,199.471172,36.57612693,224.9998714
1700,1358,245.1370777,36.6812675,157.4961796
1862,1360,243.9645892,58.24577304,1045.054314
1801,1361,276.9632741,30.81580942,115.1744904
1466,1362,233.4363503,24.10091179,38.8465044
1428,1364,444.7725155,54.04288588,286.5423617
1764,1364,180.2972627,58.53978007,112.1886768
1864,1364,224.2027644,80.41547627,489.4404428
1759,1365,364.0320042,25.6255613,51.54773559
1787,1365,707.1449913,90.02046455,920.4432238
1631,1366,83.68299612,121.7266678,142.3165495
1607,1366,176.9975815,44.82739936,258.4880312
1400,1368,193.7785227,17.9024528,29.29056137
1489,1369,189.4880062,52.26920167,166.3601236
1768,1372,150.5714891,64.73991186,400.729824
1853,1373,517.1541842,28.75386477,16.84097529
1643,1374,241.7852368,39.88185975,254.757809
1395,1374,338.3261344,117.7101193,515.7027235
1622,1374,146.9547283,42.62082121,32.79406716
1383,1375,231.5828176,67.80296554,580.4875149
1710,1376,198.0154805,43.2864134,151.4032286
1698,1376,81.1072442,54.41623937,396.1966087
1897,1376,54.9352341,57.48655682,107.3110877
1417,1377,309.6744128,20.71811544,34.34205903
1662,1380,426.6785023,27.58037207,26.51078043
1708,1380,60.91020231,26.8231247,26.30570548
1585,1381,335.3831085,31.09553652,33.16217074
1424,1384,57.21044854,39.69264011,215.8992696
1718,1384,374.2233224,85.20529709,930.6993374
1635,1384,190.2139105,72.34967959,943.6664332
1804,1384,461.8731119,39.53133915,192.3997407
1579,1385,551.025639,45.5325541,349.9458074
1444,1385,408.8815963,24.29480749,43.72996132
1684,1389,214.0077479,46.58895526,241.5512111
1565,1390,254.5667925,42.27755995,174.7219945
1465,1393,335.6030833,24.64760937,49.31541824
1441,1393,74.64159246,49.06512953,204.522434
1649,1394,386.3043426,35.1175798,84.25942558
1583,1394,175.0510587,63.5629854,100.3254817
1510,1397,494.4690868,11.86953716,8.726660703
1616,1398,134.565403,36.38307492,49.84271817
1790,1400,188.0676956,11.64942465,4.677328815
1750,1400,92.7202324,84.79781591,436.3167445
1763,1401,624.9805001,23.45348271,32.17552562
1405,1401,444.3221833,32.7234329,82.84666245
1797,1401,471.2193394,36.3809455,67.82517556
1553,1402,501.413837,33.67879173,64.46690998
1695,1404,417.2953069,59.21819726,447.4374634
1648,1405,129.216138,52.38999377,193.9333362
1688,1406,89.98096423,32.61856351,46.81783192
1587,1408,398.7211986,26.56423093,54.37250245
1688,1410,140.0193622,31.07911992,26.59343297
1482,1412,515.2104813,54.68685019,310.6381834
1857,1413,408.8815963,45.05647325,93.06708221
1483,1413,211.5300381,49.25488412,168.8596069
1427,1415,262.598445,21.33521629,145.9219214
1503,1416,442.6111722,64.05745571,71.73761073
1899,1416,99.82069604,59.62528176,131.1407031
1763,1417,121.5361988,113.7177517,1353.742895
1840,1420,220.944462,26.74548746,39.6440731
1809,1421,721.0450059,29.70108824,33.84565765
1687,1421,202.537869,24.1045164,102.3132662
1879,1421,591.5561868,19.42243876,6.603171913
1773,1421,118.7153404,40.37143054,33.0001511
1461,1424,271.8671735,82.32378742,481.1570761
1455,1424,87.91891936,49.41030422,203.6513418
1650,1424,204.0247754,48.91607035,110.3128079
1687,1425,206.7817728,23.93712145,19.08155095
1879,1425,355.1775893,22.33828488,7.317105587
1482,1428,326.3905838,51.75188548,263.1242045
1861,1429,190.465174,52.40311492,226.6735
1672,1429,214.4162569,38.88926249,141.6593491
1598,1430,128.4185079,64.290978,408.3188175
1634,1430,278.4213024,74.29944708,171.7430162
1780,1432,292.1981577,50.46393448,128.1764937
1600,1433,47.47870099,18.2361781,46.71256156
1556,1434,128.8478408,60.4657442,362.2855615
1592,1434,842.1301113,30.84362388,52.98364158
1536,1436,75.3913012,43.6946509,112.8521132
1800,1436,492.1675524,111.6694197,1316.486607
1815,1437,840.7492009,46.81178421,81.0504909
1691,1438,192.8683508,21.36286786,27.43758887
1494,1440,343.912667,65.95079377,1275.603841
1794,1440,150.5714891,27.25517441,114.7844408
1576,1441,204.5835141,39.88991323,146.9201375
1498,1441,134.646908,31.92934997,40.14844149
1618,1444,144.3851658,21.81539183,26.5163332
1660,1444,489.649266,43.66478055,120.7859915
1583,1445,35.17514746,46.20066273,534.900505
1601,1445,244.2100091,51.59042192,555.8932084
1554,1446,306.151458,48.79626718,251.3335605
1842,1446,283.5724244,29.01727876,48.85413423
1525,1447,499.7699857,20.7584683,7.200072556
1655,1448,240.3174388,45.14544815,92.98773434
1501,1450,429.1385636,6.994073436,2.939936408
1607,1451,399.3886062,69.91088487,292.5420005
1791,1453,450.6081625,23.96413011,57.01314506
1720,1455,482.5098221,64.63028399,517.737115
1718,1455,497.1539143,35.88633352,222.9569916
1481,1457,266.5969192,24.32608091,44.62057394
1772,1458,264.6919504,42.83452325,142.9023885
1892,1458,258.6585258,8.430393175,4.173820202
1871,1459,333.6727219,25.45546351,19.75039349
1526,1460,130.344717,37.45320318,263.2850699
1596,1461,749.0030862,46.68621418,173.3756674
1852,1461,364.0320042,67.88814733,271.5547225
1725,1462,371.2646003,22.57849356,64.95245738
1543,1462,216.6409876,87.8214799,1114.063819
1716,1464,361.8827805,36.25154827,90.80061704
1618,1465,178.4684952,14.64015255,8.544119987
1613,1466,233.4373266,28.5669717,139.0586496
1601,1466,119.9866129,49.82209108,120.300147
1547,1466,157.6792198,53.40226283,442.2125156
1708,1467,217.0565691,28.75766075,36.2908808
1680,1467,515.8008297,44.061366,171.960663
1857,1468,331.9183729,38.09636731,52.96135685
1483,1468,295.3729134,47.97748102,228.4936126
1760,1469,331.6213277,39.68660638,82.79807763
1649,1469,128.9108704,38.09466648,103.60949
1838,1470,384.0532947,15.67359228,11.19629606
1700,1472,264.6919504,49.93373055,132.7299111
1802,1473,210.7439153,32.82384265,80.81814021
1783,1474,254.1594452,60.69637571,312.1287531
1748,1476,208.3369127,76.57984266,481.8284026
1870,1476,165.6612501,31.99131859,55.17709189
1597,1477,177.8232773,11.81212563,13.42691718
1825,1477,692.1685752,32.8099344,70.962936
1818,1479,268.654657,37.71166114,103.1267744
1567,1480,619.2347922,42.7297707,155.7188781
1836,1482,377.3276336,17.71125596,13.3515112
1586,1484,306.151458,47.3793346,46.15624922
1866,1485,191.610028,42.86833592,71.41654946
1653,1485,188.3873173,31.20666479,155.4616921
1720,1485,207.2705401,52.13889626,162.3258986
1741,1486,590.6079178,71.11432343,480.3510218
1696,1486,55.09816775,7.525145208,2.64779782
1588,1486,801.2480006,39.07477856,52.53602379
1655,1487,707.1449913,63.11002635,300.6945053
1509,1488,156.5678457,19.73386174,30.216367
1774,1491,231.3100941,27.46792346,126.8104055
1577,1493,219.9617365,51.12078594,199.6074234
1517,1493,282.5648445,19.18312821,27.5918789
1548,1494,343.1122796,25.25655872,128.0006223
1551,1494,687.8360725,25.79130996,10.65488917
1561,1495,156.9191198,27.94217124,27.28478753
1666,1495,496.9226817,19.93453733,16.98244777
1499,1496,373.131886,26.43040957,100.9765284
1694,1496,338.2898817,19.74465466,18.00191286
1656,1497,265.3431224,40.94688472,317.2496414
1881,1498,391.2296547,25.03015759,19.77356845
1769,1498,151.6435643,30.13069132,54.42131372
1782,1500,172.6089563,72.40428075,230.4402997
1802,1503,217.0565691,95.49164106,1072.432074
1524,1503,533.8246763,27.28989007,169.6437795
1619,1505,477.2200282,32.24575485,98.70242772
1520,1505,471.5659986,65.10289258,306.0041906
1816,1506,475.0777077,37.15582994,83.08947473
1518,1506,132.1639888,60.81422326,334.2098134
1754,1506,424.9001471,29.82761544,46.7846008
1776,1506,292.3245898,92.65263592,615.0003004
1545,1509,393.4139868,47.2573863,165.9460701
1728,1509,140.9939866,86.58144377,682.3780533
1692,1510,224.102953,46.7656506,202.3995765
1544,1511,228.4313563,28.1855102,31.37593083
1736,1512,436.6823745,45.26146952,502.4555575
1816,1512,171.230722,45.13441306,275.3085224
1791,1513,573.3650639,70.21916219,943.0078019
1785,1513,165.7847642,94.86922613,1528.561899
1676,1514,692.1381772,43.61164578,76.87312802
1556,1514,85.52590926,78.17918905,442.4056874
1718,1515,225.8665103,38.32935823,199.3284698
1686,1515,216.2480569,39.66931285,75.60739428
1804,1515,546.5316574,43.80520145,66.13794174
1627,1516,142.7582269,61.05102691,180.7777567
1606,1516,451.6068618,35.92060207,106.6637184
1632,1518,193.3788619,27.81950406,46.77746095
1713,1519,263.7923888,49.53120904,116.4621504
1719,1519,239.9090691,38.33937452,113.0394874
1898,1521,291.2689636,25.15697034,27.49296289
1661,1521,228.971762,70.18909249,495.230967
1793,1522,239.6687178,11.67089224,1.062864617
1735,1522,258.6585258,15.97168107,10.2265392
1556,1523,246.3397872,53.33017788,151.1853998
1876,1524,486.2760089,21.75429871,15.33871153
1848,1527,524.3790054,45.1920669,191.8991062
1746,1527,115.9472542,74.56514078,509.0669931
1803,1528,294.5395611,22.94662652,13.5518231
1855,1528,313.6144504,92.81405786,335.7991221
1700,1529,523.6733744,60.63784849,48.88020787
1679,1529,167.8305591,48.10448955,843.0756882
1883,1530,224.7686089,38.19986327,136.1850276
1892,1530,125.9860167,57.4822045,186.8187936
1742,1530,289.088139,36.34499498,73.1720759
1749,1531,334.0390916,25.97749816,67.82371303
1632,1533,262.0605862,29.36995181,71.98370556
1590,1533,570.1147208,25.9841711,65.5410891
1741,1534,177.8232773,23.23138928,51.08656709
1733,1534,580.9478058,35.12107144,60.43901269
1559,1535,136.6603375,59.48952561,305.5092544
1543,1537,190.2139105,35.33548834,139.2330919
1859,1537,515.8008297,32.42375399,71.29981689
1731,1537,360.4129294,21.18754282,22.89200929
1616,1538,493.8097046,14.33491432,6.258176256
1786,1539,121.5361988,34.13796732,99.67405081
1666,1540,180.7566584,37.67211201,164.7410052
1743,1543,397.9002526,20.68289405,22.29496557
1667,1544,187.2163337,77.14171413,215.4779383
1764,1545,351.0184233,10.15122766,29.22444401
1869,1549,359.9769757,32.65961556,126.0126296
1794,1551,72.80137814,95.34927204,1108.599093
1562,1553,489.2829804,41.15302816,247.5311151
1822,1554,195.6758962,19.57412518,22.64546895
1796,1554,355.1775893,21.81431286,7.087912962
1775,1555,209.6838488,39.13963235,68.28365582
1749,1555,263.3073136,63.74317875,295.2402957
1762,1557,452.5352497,31.95892859,59.06663766
1590,1560,242.8317595,52.89730968,212.6901813
1789,1561,461.4879763,62.1566887,329.5140454
1621,1561,240.4600735,106.8345743,370.2238628
1823,1563,230.4534382,80.1358175,326.8491456
1568,1565,104.1724733,35.81470978,97.04289356
1902,1566,135.5061889,43.93651498,119.5945544
1858,1566,184.9290569,50.19771437,223.4758796
1612,1567,260.6296374,25.39056934,30.12352049
1658,1568,196.181938,57.90146605,79.61434986
1784,1569,202.2388926,44.17406866,181.891063
1796,1569,342.4608015,30.91137859,42.27287815
1624,1570,187.4754102,35.2215082,30.99921307
1871,1570,217.7648686,47.78913884,267.6217782
1646,1571,258.5427268,48.74034676,94.91451938
1765,1573,176.9975815,34.86966001,32.322786
1661,1574,141.5105432,21.51769572,33.63692568
1611,1575,668.0776837,18.23851938,44.41645676
1769,1576,328.3410563,25.27204998,32.17312469
1680,1578,489.2733294,29.5331134,36.52511025
1830,1578,432.8706539,66.75041963,315.1783782
1882,1581,324.4893922,58.46496182,372.671472
1626,1581,373.131886,46.59075644,329.7299975
1807,1582,254.1127514,19.42124875,29.71681527
1869,1582,267.747214,38.24685375,159.713124
1891,1584,680.4449547,6.517444069,1.032108022
1810,1584,306.8026256,26.89203325,54.72105576
1611,1585,149.972783,43.61159259,225.3168364
1867,1585,264.9215759,50.72188114,257.4083604
1670,1586,401.7579184,108.7716268,501.5323047
1752,1587,453.2407947,8.609206964,2.88125047
1733,1588,423.7185614,86.43434007,414.6536479
1701,1590,323.9710536,33.00125412,57.34809903
1681,1591,454.6575978,56.20811761,430.6139019
1735,1591,412.4430027,14.17332808,3.642425638
1756,1593,221.6576455,83.99104505,369.6279005
1638,1593,377.7116309,31.1291451,124.1536589
1652,1595,202.3707534,27.37543209,57.13006893
1787,1597,669.8970705,26.2219011,91.26605692
1694,1598,214.0077479,14.57167763,11.43276479
1634,1598,217.3714357,61.99208823,222.447403
1806,1599,178.8512672,45.05239884,208.6452142
1666,1600,70.09905097,24.31881137,26.57143584
1708,1602,506.2930459,47.05451647,334.1475737
1727,1603,297.2870218,38.36367744,140.9306683
1654,1603,309.8606787,49.17355011,186.7634363
1711,1606,207.4835165,31.86491948,97.89078076
1900,1610,705.3001686,39.8445091,243.0902437
1716,1611,269.2993226,69.91997315,402.8490143
1697,1613,99.71412546,69.40174431,511.2514674
1807,1615,221.0540974,105.0068268,720.862665
1631,1616,72.80137814,29.06760559,69.68990132
1891,1617,334.255527,50.09190497,69.00654804
1662,1620,213.9587435,37.00917937,93.88960162
1706,1620,209.6838488,46.09499972,156.0515538
1786,1623,204.0945777,11.22427717,32.88039288
1652,1625,263.744653,20.8919496,41.07056637
1665,1626,359.9666165,58.97386491,92.4193047
1812,1626,257.6165547,33.63074556,37.68468324
1837,1630,378.0341955,47.9421778,130.9549275
1754,1632,221.6576455,56.11356039,153.8869178
1765,1633,178.8512672,52.74112788,209.0375853
1676,1634,233.5138767,53.43307359,273.8345367
1650,1635,184.8482131,33.40413478,70.07694226
1771,1636,328.9752251,42.97600414,52.4116617
1831,1636,345.9457422,29.00742735,50.98842821
1682,1637,668.3247262,22.94238984,10.93685633
1792,1638,317.2509976,75.48700701,1439.102532
1664,1640,286.001407,24.82874064,14.90583429
1897,1641,204.5835141,102.57073,1603.503495
1813,1642,187.8496967,29.3502034,36.13996091
1752,1644,397.8612813,31.78599175,71.26556425
1865,1644,187.2163337,52.0447058,218.8812792
1743,1645,457.9463294,57.88976024,218.0009147
1725,1645,422.153996,33.12681229,83.05455646
1852,1650,169.0187841,76.87323175,400.1003227
1664,1652,223.9757753,35.04937914,29.44589952
1840,1653,504.55078,66.28056491,407.8660408
1712,1656,377.7116309,38.24192699,195.6137384
1881,1657,346.428343,43.28918944,65.91505172
1693,1657,190.094371,99.47597182,1134.445319
1902,1659,235.7656418,49.91216575,133.2679987
1751,1660,346.864784,46.21401899,271.1963478
1776,1662,377.2787873,31.57345573,64.27341633
1754,1662,408.4159668,69.45985243,321.6978855
1723,1666,198.9224164,56.64539556,363.5968503
1683,1668,215.2489947,34.18418723,352.2110611
1843,1669,185.8481412,66.86957264,357.3833494
1789,1669,342.5584141,58.78316619,173.3489773
1683,1671,268.9371816,30.89501936,53.86608784
1775,1672,206.4148079,45.01289582,142.850401
1697,1673,192.5309698,30.46853804,89.99954138
1894,1674,346.864784,23.88764535,41.75452562
1743,1675,270.7760379,29.85717485,51.27344093
1811,1678,303.3538764,42.13929234,67.36008991
1892,1680,802.9901462,25.11923506,21.98801465
1742,1680,419.0126428,58.46778622,163.8735221
1721,1681,1256.785563,63.48739571,496.5144346
1741,1684,1094.768275,36.00072234,96.84644706
1893,1686,1347.101366,32.17324637,107.4117152
1746,1686,361.2263483,41.10911102,168.6382852
1704,1689,185.2001801,54.11308048,170.3445057
1832,1689,135.6962011,43.97633152,181.6308459
1863,1693,494.2698699,26.6852972,47.54085991
1730,1695,460.0505267,56.27518131,248.8337585
1833,1696,433.4131552,22.24092962,26.92045903
1725,1699,623.444819,45.17432322,409.2502369
1754,1701,506.4234417,51.86859288,166.1127161
1706,1701,170.1116038,35.12116958,133.8107243
1707,1702,529.9806573,27.42712208,85.50904754
1715,1702,178.2929619,54.54608369,431.3913225
1734,1704,209.0161457,13.90587645,11.71068323
1711,1705,183.4428966,32.30414152,39.61221223
1753,1705,263.5666066,25.0782706,74.75423682
1831,1707,384.2466743,46.60750084,182.2920161
1830,1708,160.0071722,32.93205963,92.16691044
1737,1709,315.6747602,9.98199663,5.55467977
1767,1709,122.4514347,50.17628189,280.2695481
1844,1710,385.6960962,73.93270475,488.5109255
1778,1712,376.9232366,15.67386336,21.24621365
1733,1713,486.9886092,53.79277738,254.4999729
1845,1717,175.0290221,21.83940192,33.75352695
1843,1719,277.6931987,57.06621413,638.3406766
1849,1721,346.428343,37.59091033,48.96434084
1839,1721,643.5875973,54.46793638,188.1458088
1740,1722,235.8986614,35.31210425,187.8640427
1771,1723,219.9617365,41.73290462,257.1343365
1886,1726,373.1522537,20.04932902,24.11122647
1755,1727,301.2333071,46.89505874,102.0862267
1864,1730,529.9806573,44.30673998,161.5362761
1901,1730,418.0323562,32.25150711,54.10045551
1795,1737,123.8118697,18.51167371,35.85550469
1896,1738,486.9886092,32.27878995,24.34325973
1757,1739,209.102316,23.59071587,62.80316036
1863,1739,132.7687755,35.69582032,194.1879145
1841,1739,333.6727219,39.09026154,47.17939769
1850,1744,468.1656135,35.10948388,71.88521182
1844,1744,671.3528571,30.04472308,45.58423093
1769,1745,254.9241698,26.25805172,138.4297126
1881,1751,568.33417,19.64171291,18.2323876
1801,1752,473.9405049,61.87543562,550.1196351
1805,1755,416.2501855,65.37162696,199.2701464
1846,1762,171.230722,24.47300403,38.48413303
1867,1763,386.9601822,22.54084087,43.28916125
1836,1764,214.0720687,42.70958366,150.1600701
1837,1767,292.1981577,131.397713,2005.557935
1872,1768,135.7444148,46.63586222,105.7329517
1868,1772,312.7803781,60.04295566,274.1291313
1776,1772,36.33843609,45.07432793,116.199834
1807,1777,333.3397906,65.05848278,522.8447459
1817,1777,54.45037656,140.3081744,572.9140124
1848,1778,389.4559332,30.34987007,133.0469737
1801,1779,317.9548827,23.52126097,71.15375895
1838,1784,312.851384,22.01017031,26.2707697
1791,1785,190.6074406,90.27651244,1416.096209
1855,1785,141.5105432,30.26979588,65.53239632
1839,1793,359.5288499,12.78813496,4.633179268
1898,1794,270.8857278,30.9329994,89.58753878
1842,1796,119.4115022,56.59286617,218.5976504
1890,1798,206.4148079,44.21743164,80.79441821
1865,1801,362.2485348,39.11912114,158.6181763
1815,1803,191.7025627,29.01457619,30.6949304
1887,1806,176.3519447,56.2833682,217.4972286
1812,1806,275.036403,43.98774937,82.6982417
1832,1806,210.7439153,45.30385383,138.6643247
1838,1810,246.3397872,74.025646,661.0844148
1822,1810,113.957383,32.51901546,371.0096413
1896,1812,455.0742964,23.56845936,21.02389133
1837,1813,707.8222892,32.65601657,77.24399291
1884,1818,230.4534382,29.61575316,48.46466999
1850,1820,521.1901335,43.74811029,148.2746465
1889,1826,163.3458078,23.62236943,17.90813581
1896,1832,173.3499564,39.14546925,127.5527781
1866,1840,202.537869,28.0712819,97.04652954
1859,1841,424.7857158,11.0119942,2.925373602
1860,1842,259.9764319,27.32439704,101.4660491
1897,1844,393.1233908,30.83980101,35.12691183
1893,1848,234.4148446,19.93275876,19.10812308
1862,1854,411.048334,31.46190493,133.3510677
1868,1854,219.2840124,40.88422911,243.6897047
1862,1856,373.1021372,29.12415052,148.4894148
1883,1868,208.3333427,49.54946895,160.7969918
1873,1869,468.7319331,57.25376161,256.3025969
1894,1872,289.4732103,42.7142161,156.3815444
1885,1878,360.1234879,44.16841417,283.4112147
1886,1882,256.113864,81.14162844,524.3680932
