From,To,Length,Cost,Var
1,49,921.0410139,174.1864929,7508.433188
1,65,1179.207157,114.2854791,3879.989223
1,17,620.9053755,118.6889259,2814.325118
2,1289,467.5522935,121.4447884,899.8955034
2,312,730.2875808,83.88939703,791.0752626
3,19,1343.253385,134.1110474,10771.34339
3,50,3962.074577,310.3702582,20218.00528
3,35,2157.007237,470.3706185,25764.79803
3,67,2847.913944,229.6580423,3865.827779
4,743,768.4620807,365.1323429,10698.37758
4,128,4181.143453,99.64549224,636.3480106
4,20,1538.935186,72.54859316,291.0063151
4,52,2662.134322,377.2086989,4418.746594
5,409,443.815225,64.9293184,30.5050328
5,656,121.2443022,27.21351187,22.52916898
6,196,124.7648613,34.34868815,301.0587812
6,621,121.1557126,30.11894495,75.52344865
7,902,180.6695447,16.76247846,8.340982878
7,727,150.5741881,17.84171006,8.936307422
8,212,524.5509497,65.94621979,246.9441104
8,423,674.1569701,71.06996248,236.9512474
8,367,521.0576293,71.05172714,369.4414829
8,342,501.773329,90.89248086,395.1044044
9,917,219.1141492,56.37439157,220.1978248
9,889,397.8707718,62.10968024,282.1984957
9,488,262.0547376,54.59681834,280.372581
10,1768,142.7229606,33.60758487,75.12549043
10,1473,295.7785775,30.5648999,87.75612247
10,1674,231.7111229,57.46198618,279.1277047
11,1654,314.7466556,101.1968649,1466.134937
11,793,301.3254122,61.90387624,291.1825626
11,1066,393.3975505,58.05192293,212.0416561
12,216,278.1529173,30.10761005,56.5843603
12,581,239.1655126,35.81628492,102.9017509
13,29,531.5645307,65.72466695,239.7041986
13,384,272.1300849,199.5057802,3733.801023
13,91,1229.628076,50.07856678,227.5176197
14,794,430.2623322,40.9691396,119.8871375
14,739,320.8957553,57.89214991,229.6803598
14,204,321.9945508,50.67359263,98.44648314
15,1217,906.1380717,57.2127578,439.7734662
15,764,518.9610531,68.28981946,236.0791736
15,610,436.5838356,90.45781944,740.3400333
16,337,1119.4482,60.71859014,136.6518394
16,311,370.0824554,44.88601081,177.5517648
16,164,503.3719165,147.4505549,1960.595045
17,81,921.0410139,108.6849126,2058.082497
17,179,964.822029,192.9083762,7203.506136
18,221,1371.854501,86.22124783,1071.08071
18,66,447.9160573,358.5349389,14840.14811
18,50,1933.671041,56.57305908,244.0604185
19,66,643.6417399,68.49883003,254.3781912
19,460,1343.253385,256.3173228,23563.58106
20,128,747.6592605,178.1308219,1143.950197
20,433,2558.887309,175.5458414,12526.14306
20,36,768.4620807,241.9213702,7436.411596
21,467,2397.625728,181.6336677,12283.0905
21,83,1877.861688,111.4573156,1952.387053
21,458,1672.884115,99.40897251,466.8746902
22,1164,792.6168708,53.45498733,204.7360985
22,1655,941.1702069,72.87529384,419.2953963
23,1371,1304.912095,34.35876001,269.1632729
23,1367,297.9644774,27.419989,119.4640279
23,1231,491.0600093,79.27661054,438.5903112
24,290,640.3378561,43.31854793,32.30489497
24,390,126.4330825,88.83019529,372.743935
24,156,297.4541047,69.66554354,233.589805
25,744,662.8173793,90.82845223,3235.972813
25,1022,477.2751353,89.22120939,832.5580545
26,713,744.8007551,47.5972392,189.4727852
26,1862,534.7262649,25.45966647,54.02520868
26,813,1087.243613,27.63097491,91.78570698
26,1301,344.9470654,74.06315215,279.2502709
27,1080,233.7971718,32.27425407,302.652818
27,1817,414.1344437,10.7110664,9.775250941
27,1799,257.6165547,9.056956378,14.95909539
27,1696,120.2890328,30.26440244,548.2927383
28,44,177.9770438,62.06159569,343.2840181
28,333,47.47870099,151.3371978,2111.523877
28,359,55.09816775,273.4495668,8701.560733
28,635,395.6032631,91.92296709,542.2444624
29,119,804.1917262,68.07679067,508.5422604
29,230,1712.154667,157.6973263,1977.153936
30,763,516.7491094,65.74387381,654.7627053
30,1060,531.5645307,28.30500417,128.1961771
30,457,598.1445228,72.81787012,494.7150073
30,564,1158.521852,60.35917361,421.8477458
31,655,471.5487556,40.98747386,65.19643809
31,484,419.311019,34.31418619,18.59682594
31,1127,439.4701222,77.15471201,1281.176369
32,64,248.4815623,62.60606923,147.4466769
32,337,198.6988912,48.06415969,67.84386105
32,285,205.6812406,65.96070438,350.7448734
33,733,358.9538853,357.0570141,121542.9701
33,440,442.5338513,282.2988126,16011.0581
33,65,641.1616517,225.5764844,30593.0298
34,166,421.783258,31.12952241,161.3907579
34,152,1557.607396,79.18841384,590.3323536
34,82,2356.527401,63.3512578,364.4922807
34,194,3932.226913,48.75776122,687.3363445
35,751,633.6067313,674.0539832,44579.02756
35,51,824.5702416,246.5702716,8782.33292
36,68,221.4271661,280.4151535,2270.921151
36,52,618.1188471,310.8075081,3069.145427
37,387,3962.074577,65.16099821,197.070347
37,566,2352.605615,54.80617156,147.9707651
37,674,3705.554474,44.48975358,636.6451738
38,1212,2397.625728,47.88830876,65.57792022
38,908,3382.064279,38.41454199,230.2927096
38,803,3231.919547,116.1649558,1530.219519
39,595,347.1260675,148.5485279,3021.291296
39,315,476.5458367,349.6679433,4604.244636
39,825,290.8539716,38.75352061,23.11695373
40,412,870.2509514,88.2009156,444.4207966
40,390,289.0479444,70.67535263,133.6819162
40,156,525.6174909,84.68517871,288.5321452
41,87,1568.99986,57.32330741,262.0766101
41,143,468.6458284,41.56052125,387.0308615
41,833,534.061291,18.52107752,25.74803149
42,799,868.2777382,177.7619171,10992.09743
42,953,646.8891553,37.45113035,222.7727324
42,1112,713.2862675,29.90402874,81.35586088
43,1877,256.210622,48.02479444,970.8858415
43,643,211.7407755,40.39915714,147.1215911
43,1173,124.1066729,118.3425645,2756.481078
43,1727,848.9314547,78.17648214,2759.045641
44,202,289.5094766,56.91870915,278.3825803
44,572,230.317022,114.3162104,525.2693349
45,269,369.6500203,70.99390936,494.6006943
45,715,429.010321,119.2067755,652.3807106
45,1252,426.6043255,46.56493149,89.96517334
45,147,494.2698699,58.45226611,112.003621
46,739,395.6032631,50.15990285,847.9571887
46,204,389.6542203,16.74137046,4.956945974
46,1046,766.0010004,14.79295859,4.654430528
46,1246,424.8850094,17.53955886,5.675708662
47,914,684.6502382,45.50727029,321.3024867
47,1026,1020.176889,48.35249665,71.39914005
47,1121,395.8115907,16.63093197,9.616268122
48,233,316.9564225,98.78323851,2789.871212
49,151,437.27896,121.8208353,1724.841136
49,81,260.2348094,148.8334132,4581.369485
50,325,229.5704148,32.43341735,85.47269845
51,52,205.4299773,100.1889958,226.3025629
51,67,280.7455374,502.3775554,10996.17002
53,665,113.8159393,216.8871893,5201.944276
53,449,922.6154733,20.52591551,24.7388188
54,300,1179.207157,108.7703405,390.1722473
54,223,949.7687465,22.69401716,29.19084478
54,1418,1042.151102,58.63162478,294.7193143
54,943,2157.007237,109.536507,1988.84992
55,1111,447.9160573,51.7086663,471.6675602
55,1243,260.003546,47.47419903,130.3378628
55,881,2352.605615,36.72258275,151.7049703
56,198,1099.377533,69.70372175,2790.034457
56,170,5178.755161,48.65041363,63.77004885
57,861,4181.143453,14.87848258,23.94504304
57,897,3382.064279,84.96587411,646.1432207
57,1629,1099.377533,37.92212159,108.0200238
57,819,175.2258277,141.1255919,3023.472857
58,1372,1387.754926,70.59846901,278.3931
58,1665,174.577126,26.95322648,46.32616557
58,1473,878.2173475,65.38329584,209.9686641
59,1038,681.411241,48.17609239,348.8326429
59,117,399.819279,46.3368713,187.0897811
59,472,215.9173046,26.98079576,100.1071512
60,464,217.6304248,93.03425301,4877.50368
60,599,364.468426,81.34530717,3109.679319
60,307,640.8767311,172.186952,4009.048509
61,256,587.8169162,195.9467891,6196.452219
62,190,1120.459658,41.9782611,313.4834353
62,344,63.4009281,31.11977892,61.25535671
116,62,1083.884355,33.17503314,159.0958764
63,362,280.3753136,62.90092171,196.4386536
63,1040,369.4097262,32.28742587,117.6084937
64,764,344.4107303,108.4434302,1921.991617
64,298,138.3653967,79.45182003,425.0881381
64,673,245.4249467,65.50278089,212.1369335
65,109,313.9204424,209.3566149,11817.83195
66,312,207.9239017,90.50015046,834.7438023
67,138,2896.260247,214.1976012,3095.159905
68,401,1233.652182,206.7704845,2231.089971
68,251,1072.394654,310.6910242,1798.762907
69,261,769.663418,24.85333528,31.26148309
69,391,274.1133533,127.0333082,1855.214381
69,476,266.2771936,109.7709673,1250.198012
70,1410,304.9521499,31.92845573,76.54469937
70,1673,224.0604964,103.1009112,2214.548035
70,1628,442.5338513,48.30929738,129.2599167
70,992,556.1092987,41.76948481,736.9031099
71,1423,506.0911374,35.30122699,118.2139258
71,1419,667.0150371,49.18620158,288.6139742
71,1379,620.9053755,41.86534477,652.6724441
72,198,1557.607396,60.39085051,426.2108042
72,277,2179.281715,84.27742158,1414.90139
72,423,1933.671041,87.61458995,915.0889031
73,368,747.6592605,17.07505289,13.03976558
73,1172,680.9342629,43.66042143,127.2096818
74,1396,2847.913944,42.72468636,225.836813
74,1874,5178.755161,31.6393046,46.93369082
74,102,2514.976447,75.15278872,432.4917829
75,778,3231.919547,128.8444542,3162.607191
75,535,3561.461404,31.76724116,87.71693422
75,730,2556.670043,70.95283897,588.0662888
76,394,233.2483219,66.72248183,439.230771
76,255,1044.207014,38.29828315,68.68393439
76,509,1103.828643,73.92966743,204.6950112
76,689,335.3540978,52.30697996,81.21448801
77,282,217.7158719,165.1236526,10917.55894
77,395,433.0946594,323.180883,20041.19392
77,910,543.3340304,258.3728452,11582.09193
78,1032,260.1592847,15.54114497,83.1274381
78,927,315.986651,20.11897368,77.43891629
78,474,171.0052479,26.67988827,24.20988901
79,1067,513.6855656,64.51701027,1553.137963
79,205,518.3521345,68.53197034,2167.132407
79,1268,686.2321224,67.97833076,2330.482083
79,740,66.08638951,84.69172063,2347.045581
80,324,155.8463457,122.0187813,4101.427728
80,136,490.4980126,127.612889,1495.635931
81,123,269.7031656,187.2017658,4889.869572
82,96,270.7760379,93.43593795,305.9340558
82,312,244.0320835,129.5728138,1620.240133
82,208,343.7264565,132.1848614,2538.856078
83,656,645.8292508,56.63692431,228.8038139
83,494,367.8425915,26.92441984,97.02409048
84,1487,333.8853966,91.74314828,972.8272978
84,1448,494.3112084,77.78607059,561.0432893
1442,84,403.8793365,33.89301637,137.8486244
84,803,1348.923914,81.45789956,524.8601977
85,1407,1662.937701,62.64025078,838.4379109
85,1021,2259.420999,51.89325792,315.2471487
85,1201,176.3622819,45.59912817,243.9614994
86,170,160.9066087,174.4165044,1816.62007
86,212,299.4921877,41.75183105,493.4320968
86,329,698.8963881,112.3911455,2002.097218
86,316,464.4351601,166.6517386,958.9873737
87,356,402.5694056,37.73287944,76.49067477
87,973,883.1558153,25.35377829,95.47015304
87,213,987.1946311,65.79560138,438.6620079
88,1762,766.5512676,32.04407672,321.0550012
88,1190,964.822029,30.13241406,57.60852878
88,570,949.7687465,23.21372663,29.00339972
89,1453,1234.279989,87.29738832,930.8547647
89,404,633.6067313,52.1320242,233.2481664
89,1845,619.7093779,24.21994051,100.3265994
89,1003,711.2274612,27.10587356,75.45774909
90,500,1080.785337,49.86002425,98.43564714
90,527,792.6168708,79.09032078,306.8774462
91,321,214.3025008,58.8059046,681.9366711
91,308,269.0872958,69.37594842,262.0871623
92,878,363.9071631,24.06972317,362.6610511
92,283,520.1873761,59.62768769,262.7061918
92,1180,418.6414886,73.15979238,459.7604636
92,510,209.2367022,58.31447525,127.0706825
93,664,366.3525489,23.13862201,32.95611158
93,271,364.7385995,48.22949082,452.4235843
93,574,1658.984337,58.56552583,51.45150435
93,1211,477.5222472,193.8141185,3947.632689
94,220,1769.885404,185.4054465,4430.3387
94,259,460.3875534,100.4682075,1082.669672
94,337,256.210622,62.62203062,414.4171607
94,311,443.8111945,75.59600863,138.586459
95,123,232.8683491,119.6255208,2628.984512
95,207,174.7956832,303.0570407,12036.68581
95,165,144.6887032,103.1801071,966.5211401
95,137,198.5438166,262.7370803,4850.553934
96,1020,214.3053235,48.3561096,94.84223678
96,273,224.9325864,114.3691053,866.1175712
96,152,124.055725,101.2561451,2803.521666
97,181,437.604509,38.59384437,10.58185322
97,741,104.1724733,55.87670947,88.0427648
98,1608,190.9052235,49.57074594,178.0652302
98,1013,280.2382615,43.80123258,99.64488983
98,1478,272.1300849,43.74789364,163.0871599
98,1378,622.3122248,49.65506102,255.6647556
99,276,537.6519444,68.1293086,1429.028692
99,1237,250.6598557,68.70721821,287.3320333
99,923,284.4441927,29.28802737,38.03021842
100,427,297.4542591,50.46618667,154.1263606
100,211,346.78701,73.07478952,249.5631207
100,170,310.8469857,87.60204847,768.5777631
101,1043,859.1051817,72.41735341,855.9050732
101,413,120.950215,44.70845129,144.0674807
101,402,931.4646503,27.92366777,169.4070627
102,1536,1083.881004,141.5688866,2208.974382
102,1800,762.4217694,28.97879712,76.14845497
103,998,557.8703401,51.00399645,386.7180923
103,762,365.5265608,54.86587558,182.2675711
103,553,881.2258787,22.42858321,49.72300459
104,333,2127.548928,171.9509408,2030.3302
104,599,827.6900126,86.02948942,2077.196387
105,321,2267.452804,82.27353901,608.521992
105,406,619.7093779,144.9518748,742.657846
105,334,592.1145424,207.3644214,4357.417227
106,822,618.8615534,30.99600967,285.8327028
106,715,304.8576438,288.5222289,44424.11007
106,546,138.1830066,149.2745417,643.8413265
107,1193,200.9250985,20.30934253,17.41195939
107,1096,268.7515305,17.28724852,19.91026307
108,233,290.3158797,11.06486592,10.56914851
108,1217,238.0516,60.04777284,810.6367369
108,220,301.3132414,75.43361979,594.8930988
109,179,254.7836353,56.72843298,39.97109773
109,193,372.02162,333.2088071,19426.54165
110,194,234.1682854,74.2999484,753.4619618
110,208,963.8123125,80.03985025,4158.247783
110,221,670.6359917,56.57780227,889.5079069
111,709,495.6572492,29.17874191,97.04688992
111,125,230.078411,47.30634927,253.7244328
111,339,325.53111,59.78174777,177.6109136
111,1299,370.3952835,69.2985381,340.8097305
112,1870,490.4980126,59.20918665,814.1436956
112,734,812.2037884,24.36933017,46.33583268
112,1097,75.3913012,29.08597226,453.8748273
113,1280,161.9954584,21.97583767,13.03318729
113,727,324.4906359,54.43543191,190.3645245
113,1335,383.5315126,39.56032953,99.90077547
114,412,1058.0009,61.01917231,383.2989697
114,225,804.0456248,82.18721842,1812.02113
115,776,549.5478994,81.12814287,770.6825791
115,720,1085.589741,71.79086605,333.0864276
115,641,919.8431229,67.04418868,226.2927147
115,695,1640.565362,56.01675648,246.0634288
200,116,1866.193322,60.58973705,1437.072042
117,1203,372.5739333,33.2631633,113.9313741
117,1612,67.67788705,20.3397654,11.21156027
118,1017,88.70577189,192.1270273,1235.284338
118,1107,534.7818544,18.79641511,9.563783092
118,473,107.0088861,27.22001118,29.10514908
118,294,473.6901755,192.2013672,2622.437044
119,189,2179.281715,31.49428473,48.14116635
119,372,775.7273466,40.55578887,319.2095423
119,175,3154.6432,241.6663753,14050.00823
763,120,565.2138329,58.55048557,167.7452136
120,564,540.5774824,55.83180945,1255.631465
120,906,397.2930404,52.74443394,634.0555521
120,588,382.8435085,38.03611718,85.53716224
121,740,426.6868549,61.73233303,502.8299865
121,1075,294.8788977,100.0178701,1521.032146
122,178,1033.325213,54.65906906,747.7232199
122,220,97.02682425,143.4891723,2829.519171
122,259,169.5263733,135.86701,920.2677741
123,151,377.2787873,132.0135672,2596.764982
124,166,379.1506685,138.215237,4010.138903
124,194,170.884252,118.9356988,1278.2523
124,338,175.0677146,244.1182104,3158.290185
125,638,541.0916099,44.07830493,168.8612542
125,1242,491.9788734,38.5056084,129.7632191
125,887,304.3038699,30.56207176,62.23839136
126,585,399.5874423,66.24012932,524.974085
126,1230,440.0064418,105.4418453,1403.013956
126,1386,514.6940253,34.21220821,68.3171307
126,377,223.2688421,40.44340471,69.45218155
127,400,245.4249467,67.4095045,626.3828628
127,853,146.9511223,76.54030391,549.6602372
127,1363,93.60051923,87.08072664,1067.918441
127,759,1343.962194,102.880178,1082.486075
128,1300,389.1891435,142.4464843,645.6066741
128,316,1360.418285,132.8378569,520.6408422
129,1029,205.9431244,35.01708731,222.6751241
129,253,598.1445228,42.77218777,419.2989706
129,587,1152.580029,25.38016304,39.27805079
130,745,245.8542348,34.44426365,264.905863
130,1261,276.4329203,46.12313909,239.5430226
130,444,444.6381518,29.73214263,152.1787559
131,1630,290.5469425,37.22096534,297.0716532
131,1813,472.1494252,54.90506577,227.9948834
1761,131,689.9948448,32.3774803,69.27622264
131,1282,860.6192695,58.77793148,1662.364818
132,563,530.9788349,43.81514718,40.07697181
132,590,1122.026642,177.0442891,9303.245887
132,536,1158.153395,60.33729789,501.3347081
133,334,1234.279989,59.3957481,106.1693882
133,704,881.2258787,62.3753986,149.8491065
133,659,1007.20024,52.44719438,171.6708852
134,1156,749.885223,43.00945776,214.2785395
134,519,702.2276992,74.81781976,440.5920491
134,1088,1592.572846,45.38332395,257.2065665
135,772,382.8435085,109.2537676,2846.605327
135,574,290.5871016,56.77237488,625.6438774
135,619,239.0985736,38.07834523,553.8632104
135,970,312.9263622,61.62086798,344.1241457
136,246,260.3460928,546.31502,63294.85414
136,590,359.9913936,113.0501805,612.172676
137,260,502.0930578,356.3832407,9811.262815
137,286,271.3491026,218.9280267,2624.954296
137,193,352.9318802,271.512518,3779.317855
138,193,421.0464061,432.1170113,31258.27711
138,325,315.5116221,568.1874498,108051.4895
139,235,296.8924869,95.26152424,447.07022
139,467,1538.935186,138.4146127,3576.235047
139,248,1877.861688,37.54876534,247.2862422
140,726,1561.121132,14.34962825,19.33735268
1601,140,1710.720489,33.91678085,70.41742919
140,1613,183.0300287,64.52925632,245.9468487
141,735,151.6410718,49.02579561,326.1253903
141,1070,237.0402654,33.61133015,146.9368425
142,277,152.5390573,80.64930026,1336.646009
142,303,424.3351096,68.16121226,252.0613689
142,290,224.5953135,99.85210877,338.6105416
143,973,328.3305018,52.50479979,164.0469816
143,605,192.0974179,72.87898137,609.9602349
143,791,254.1594452,43.52311703,234.1719907
144,1256,604.9681706,32.77579716,265.5384086
144,1106,321.2386193,51.55332942,479.158827
144,1750,934.5742395,33.11637133,71.29449891
145,1785,416.8350472,68.37224031,924.548381
145,1312,332.3477681,22.92122548,92.62934946
145,1684,512.3599603,69.62662864,2074.732941
146,350,509.2293938,21.95016879,62.19707508
146,320,354.8405378,23.219544,50.71971997
146,662,397.789706,25.96027723,51.58890545
147,1252,542.0671848,57.92627383,286.5650713
147,347,335.5366158,108.9223841,2460.555253
148,296,807.9075937,32.10486814,106.6899796
600,148,424.2016114,38.35106394,123.2859214
148,385,987.1946311,46.74381172,179.2607383
149,885,2267.648197,31.58042762,195.4266372
149,1033,1197.465221,151.2597194,1739.84589
149,928,2127.548928,36.84695765,229.8235653
149,655,2179.590363,32.36260777,98.01105779
150,192,2345.110412,300.0486201,12385.92979
150,671,2095.434059,600.2528405,313741.5136
150,644,2514.976447,349.152389,10055.69436
151,440,6002.490796,168.9480791,1503.089129
151,512,2766.271694,144.6577834,1982.926148
152,1679,450.5765588,61.22008405,273.1300684
153,430,202.4215131,70.12692818,1635.302976
153,261,1051.848713,47.71812903,366.2087023
153,195,82.58190296,44.4717719,102.3415581
154,887,316.3795714,24.16373418,109.4673738
154,873,148.7778925,42.33469243,132.2560767
154,866,185.3524974,58.80133572,268.7097532
155,1819,707.9021962,74.21833885,547.8765585
155,1014,979.1256531,39.39775428,85.00536587
156,251,675.9550383,139.4684643,251.2870802
157,973,211.7407755,18.44891879,12.03037036
157,847,386.9552079,32.54906682,105.4113063
157,1050,310.3407247,29.44578474,45.70755751
158,1744,245.578267,70.03155441,526.729448
158,1301,247.334841,39.32736137,96.46639764
158,1742,229.3955227,59.46692638,203.9364613
158,1710,254.2968848,27.28048061,42.70273058
159,1552,169.2628635,39.22646701,100.8317066
159,1753,324.7243547,44.30779474,148.4750787
159,1197,461.8731119,43.93742994,429.8467328
159,1233,171.7090782,58.20291619,140.5710383
160,216,192.2927303,20.92682281,5.69919545
160,581,203.1393862,41.40216812,228.1524341
161,203,424.8850094,263.6647091,24055.94262
161,282,811.0468057,56.85244745,583.2608347
162,1126,517.6338569,54.65573327,709.4639123
162,1156,169.605448,38.27726833,168.5552788
162,1088,286.0144809,46.77075603,81.28971218
162,636,207.7138149,43.16185605,103.686105
163,780,287.5102115,19.40192185,29.76276136
163,1175,304.7306833,98.88515943,1847.851358
163,1273,1429.612616,42.43809567,132.2041005
164,285,3785.284771,37.66074167,419.6849074
164,429,3630.189347,29.12715647,104.0915154
164,246,5555.625992,70.76811404,172.0620952
165,179,1042.151102,143.6916091,1707.38928
166,247,1007.20024,340.2569804,19470.41786
167,765,1686.876154,95.39624788,696.3340861
167,575,1212.751048,96.98381704,1371.208811
167,355,824.5702416,296.0995474,13370.67005
168,314,592.1145424,35.0040349,129.0347022
168,236,648.108398,28.53641544,43.90895987
168,1164,498.4011262,63.58188965,448.2178626
169,667,456.4763158,49.04641138,177.5109769
169,666,758.9915608,56.3919245,184.1008472
169,1028,590.2740786,32.47932701,110.9645577
170,379,335.3455183,155.3019625,3374.582159
171,226,217.7945999,40.41798422,334.6604107
171,1172,250.1177755,87.10603683,524.071777
171,470,282.5648445,21.87058652,289.690193
172,1889,662.8173793,81.25479085,931.2041337
172,1461,868.2777382,83.37100036,814.5441407
172,1455,1488.209222,49.7863666,206.452082
173,1739,247.6028455,21.00008029,171.1948453
173,1492,124.9885857,101.0735632,1708.673855
173,1857,264.9908061,17.99061535,10.50374454
856,173,316.353673,71.4129759,611.8692791
174,371,209.9648436,67.08620602,319.4653889
174,563,440.7880496,58.60468531,167.3378898
174,554,461.0406423,53.45253598,247.0656228
175,395,194.8399982,26.75526339,69.96393338
175,230,192.3210884,70.71440921,276.143142
175,533,192.5446616,151.6278396,1454.516369
176,335,359.6266167,65.66245271,273.8028634
176,474,187.5999976,47.23394631,244.210131
176,1150,293.6547713,24.02476267,69.87064711
176,976,2332.882465,42.6427097,147.8839466
177,1241,607.8317277,38.89486875,177.2469205
177,1145,421.055211,33.73227517,47.55272552
177,1293,404.8263078,78.26519373,261.619545
178,375,383.5351888,170.9357882,2401.417958
178,233,355.3244599,89.15525426,710.8114335
180,351,119.0059977,119.8541714,1643.313406
180,247,465.079489,88.78080072,1322.293088
180,260,199.1673978,262.4518209,7997.786625
181,757,1119.4482,138.5740954,180.1494779
182,1535,607.0437569,55.52970378,701.7849171
182,1269,237.384053,102.4130487,3218.3447
182,262,222.4363981,122.2616348,3231.281892
183,1415,827.6900126,34.25088916,311.9644318
183,1070,1273.221246,142.200148,7398.601189
183,902,221.4271661,58.1946666,265.2377062
184,423,749.885223,65.03958383,1023.843336
184,277,2158.517894,58.0355844,224.3816368
184,303,2239.113637,72.79633456,111.5218721
184,367,733.8491381,52.5701925,99.1953215
185,1043,880.2680957,85.060859,780.2585859
185,760,202.805409,54.40466182,173.7471844
185,720,217.7093658,56.72884877,319.714923
186,1404,362.6073537,75.45143727,753.0651442
186,1901,340.0459077,50.59198799,278.8811156
186,1491,461.8181134,40.50042561,87.80522991
187,1516,246.5623188,35.39607931,141.2357264
187,1711,640.8767311,48.88243793,136.0572809
187,1552,1658.984337,71.61695952,368.9326498
187,1753,963.8123125,46.49508896,230.5807623
188,491,1357.614927,70.63766396,585.1362089
188,202,218.5365629,221.7130315,7585.637969
188,653,319.6698727,21.88304978,15.32116074
188,359,422.1405494,79.17424869,618.7016653
189,417,349.507551,7.476971241,2.515611098
189,395,401.2949579,184.3888801,2669.437281
190,1074,568.33417,42.36504765,147.8715787
190,1004,551.763024,46.87896289,163.7932431
190,200,122.5245309,39.08618549,200.6970924
191,1040,70.09905097,57.79040384,144.5748731
191,362,391.1443351,26.50549617,74.26617037
191,865,234.484803,77.97776005,262.753248
191,1328,350.2268409,34.18688843,127.8363031
192,375,1152.580029,208.6454029,5319.115147
192,324,612.8852385,200.5447505,2290.069449
195,765,230.0838524,92.97934427,472.5696398
195,575,1023.613396,106.474028,1184.911908
195,584,447.1794015,56.31945174,391.6194544
196,1682,344.1873759,28.48707984,357.363237
196,1580,280.4339864,19.1131784,58.12352402
197,951,149.8594526,36.66263889,119.4433668
197,1423,99.16646842,20.78789643,161.8350234
197,1415,153.1367922,67.90587492,172.663469
198,464,311.8275242,75.96140164,346.5783736
198,238,530.9788349,34.73622972,98.58096101
199,752,1027.36922,168.640954,3851.651354
199,868,1622.907788,144.3931227,2642.099086
199,720,1371.854501,58.08229741,426.494885
199,776,775.7273466,51.40595912,169.7264599
200,1081,1273.221246,36.44671407,77.21659495
200,552,429.7601915,118.1591587,5468.369782
201,454,1423.545352,119.6000102,2768.718529
201,1853,660.0908925,96.01296701,1088.969409
201,1713,138.1830066,85.96376685,669.1277471
201,1073,517.3137746,93.62368115,1054.414665
202,644,668.0956507,317.1915871,3788.123484
203,256,512.3204759,56.08740082,835.7333758
203,295,191.6409795,21.54237792,167.5701506
204,1204,435.7195761,23.70673443,113.3014855
204,857,708.1282195,59.60223308,237.1155
205,747,346.8276777,21.68450905,15.16048649
205,1268,638.6214367,63.82315465,2065.112828
206,529,700.0652288,391.9227063,148682.9169
206,375,522.8182633,129.4360994,1113.841132
207,512,520.6009924,217.3956624,11856.49254
207,1703,525.6727881,211.4925405,14967.60345
209,476,484.2725668,64.22771579,734.0612998
209,701,531.3212946,53.50795096,895.4849291
209,420,352.9601232,142.509954,2508.271521
210,1414,252.2814082,12.7399053,12.06764589
210,1207,219.2840124,31.84331409,92.09988605
210,1481,169.1415537,112.872995,1016.118875
211,1056,356.833513,135.5312204,1778.265392
212,238,193.4954925,22.43796132,7.376290526
213,596,186.6504078,42.63878638,455.3132158
213,1001,1642.392969,26.07236509,397.687086
214,344,745.0250747,107.6077105,882.9868918
214,1443,1099.55667,30.16051512,498.5920351
214,1668,183.7408367,39.14006785,629.9108538
215,1839,245.8542348,35.03455381,112.3912847
215,1031,1151.644154,30.264766,21.82214672
215,1875,56.12003488,89.69939235,290.4220387
216,518,274.1133533,33.08692179,105.2082569
217,243,251.8647729,162.218137,3959.841346
217,269,290.8412154,86.91421223,881.7252129
217,347,475.2483778,39.20491762,226.0615566
218,373,199.749515,107.3245524,5347.851997
218,822,559.1429178,43.4845896,111.6070158
218,1180,296.0129091,101.3044054,1376.019731
219,564,259.4707753,87.88720621,3119.322813
219,457,3785.284771,71.56827795,875.0412967
219,998,2139.601077,40.92153339,99.25630447
219,1823,2011.063681,115.7813943,1909.406955
220,363,3154.6432,54.25196827,119.5302965
221,325,2179.590363,56.66121038,436.8651027
222,725,6002.490796,58.93875188,252.3435208
222,274,618.1188471,58.64019009,488.5816805
222,398,565.2138329,45.11314089,134.1782759
222,485,702.2276992,47.34987401,117.9489364
223,567,498.4011262,40.49029716,56.56694915
223,1339,757.4978528,42.72968031,44.91794517
224,1014,528.5533142,25.54915892,35.94771132
224,874,784.7516748,22.33337755,12.14951662
225,329,124.7648613,38.68544633,109.8184177
225,264,107.4526092,169.9581544,11806.57602
226,402,191.0314798,29.1877498,425.5917467
226,903,227.001576,74.55662734,1571.144272
226,1623,580.2083918,112.8865719,5303.976665
1464,227,148.8402194,33.33123293,49.0297905
227,1044,587.8169162,12.89178158,20.03305561
227,1322,513.6855656,30.07833531,69.44464551
228,1609,680.5687301,76.24319778,508.5429535
228,807,1400.008339,33.90113851,146.3084562
228,1277,496.3083944,33.11349624,98.33700742
228,1185,1387.613862,48.77596999,112.030797
229,1450,463.9731336,84.2934718,656.9707561
229,509,1083.740058,13.47658334,20.10997962
230,868,276.7374659,113.8027407,727.0348547
230,752,251.8647729,171.7660992,2541.080918
231,871,496.9132974,38.63591265,116.3429262
231,934,175.3875019,43.86475833,488.0469959
231,418,455.1286603,36.7104105,108.3822073
231,969,412.7881835,97.51132679,3343.271646
232,1283,482.9838012,91.6865888,901.0696113
232,1145,423.7185614,59.1545798,120.9533143
232,1005,389.6542203,62.42483903,295.1720103
234,299,1642.392969,99.65647418,326.4180903
235,521,3113.028242,84.74156204,301.9268736
236,684,2332.882465,102.1252712,620.8280826
236,1508,868.4444444,39.46903953,199.3865955
236,1116,219.7030029,55.45127219,133.1257202
237,1320,430.2623322,33.83694074,88.47535059
237,1105,316.9564225,66.82151054,163.6234483
237,1290,528.6883345,32.4259749,23.75698034
238,423,376.4096772,60.56302146,311.0714388
239,712,698.8963881,35.31083754,127.6405041
239,1092,334.8063591,81.32546042,558.1151782
239,966,665.3374352,38.75527149,275.7718623
240,737,1238.700369,59.08846351,184.4366202
240,1596,1397.328501,101.752879,471.4850229
240,1852,4023.798886,51.52183918,188.247483
240,785,2267.452804,129.9938038,1294.229352
241,1765,1980.528202,32.89510371,103.9103976
241,1417,1375.671187,16.45331876,32.9960318
241,1143,711.2274612,52.14733058,575.2189209
241,1867,540.5774824,94.12342861,992.1690406
242,294,1223.809673,70.71814213,455.8572577
242,482,814.1403013,64.99370606,687.7593164
242,626,341.2004052,103.7227501,638.120483
243,1039,207.4071355,327.0975613,23971.68779
243,282,64.18869342,247.7947447,4698.412308
244,864,520.8336374,61.98662905,263.5140939
244,348,670.6359917,46.03107212,423.6875927
244,794,454.8005442,49.95734866,293.7867476
244,739,524.5509497,39.12639495,134.2675249
245,511,477.5222472,294.7916461,15297.03927
245,1199,501.210367,98.98293724,414.7440561
245,1133,443.8111945,129.3926896,2907.876514
246,268,516.574677,84.68204747,198.4296561
247,576,257.5711587,59.58560614,498.1778849
247,810,721.2610681,36.80033988,197.6364242
248,313,172.0416514,29.24261411,186.6533251
248,376,335.9269365,23.37364553,32.95414812
249,1076,305.1985315,23.52410569,29.19415411
249,880,360.4129294,28.0569835,314.9673123
1625,249,802.9901462,86.2016672,2436.788811
250,860,278.1529173,54.00840497,259.4680988
250,411,187.5999976,88.47392862,372.3903153
250,1310,333.2326205,114.9690507,1941.730485
251,307,937.9812508,282.4835479,4537.101336
252,317,772.4463271,51.26703379,283.298379
252,470,202.2574813,78.40805756,2919.048834
252,1015,700.2356892,42.77618805,125.1136556
252,497,532.126541,56.95350948,178.8295884
253,876,770.4082018,54.39869585,477.9132908
253,1392,426.2283593,38.60397633,181.518826
254,858,450.4908351,25.44128903,44.6062915
254,481,493.2938712,18.91916677,53.73251604
254,1717,533.8246763,72.30584727,758.7709053
255,268,1083.881004,22.31933201,204.810397
255,680,534.7818544,40.82049409,103.9847952
255,545,1122.026642,32.65179144,576.9628044
256,822,379.5489489,478.9608005,17960.95274
257,836,643.6417399,36.55157423,1108.023936
257,962,397.2930404,94.6741066,1390.869212
257,1053,827.3383628,34.25591198,371.5401307
258,1103,414.8102379,44.57903752,276.5797945
258,646,455.0693512,36.55218025,72.13709818
258,1247,304.8027503,61.59569447,356.8619739
259,324,325.9436551,53.97382974,696.8228439
260,338,174.577126,366.6265503,6522.695672
261,503,361.2344827,67.41660885,576.5877437
262,817,363.9178076,49.28078792,172.1080391
262,1426,150.4000447,75.71712325,1187.93964
262,1643,138.2294114,53.01631643,470.9296692
263,874,541.0916099,70.88638133,548.9432321
263,685,977.0657105,26.82370667,16.63968388
264,401,375.5020468,97.91774892,1059.68787
264,433,218.5365629,240.6532894,11110.39433
265,1064,336.4806058,49.20529212,213.1180771
265,391,333.3095775,70.24650672,875.6912027
265,551,449.8409031,206.6768538,16842.43271
266,1443,55.16065751,37.69491292,131.192872
266,507,171.0089466,52.96017752,108.268597
266,1093,185.4251035,109.3289988,1158.03107
266,1372,238.6672197,103.1985571,604.1195773
267,954,213.3143218,17.41327953,58.49122567
267,1837,315.4688993,60.17554748,602.8414
267,652,78.25206767,45.84783343,372.7466301
268,394,228.6861484,31.95600945,44.85365315
269,715,1158.521852,110.2716863,336.8755163
270,707,612.8852385,46.78559118,228.8249591
270,1156,1040.590722,74.02777527,479.793522
270,1126,1155.872922,34.4326942,96.95951163
270,618,320.892888,201.0016289,4194.010513
271,879,315.2514771,47.22919706,152.6710109
271,565,244.7618757,54.6163648,349.8555225
271,1258,628.9813301,116.0830579,4321.975344
272,977,273.2214511,21.50936421,50.95267088
272,320,230.558335,41.04274846,520.0056977
273,1472,333.3012712,37.78301528,72.64649429
274,364,922.6154733,33.36619041,352.979326
274,717,107.0088861,61.71626651,595.221381
274,709,1027.36922,18.76160997,11.38461166
275,1526,346.3613104,23.11795128,96.15608708
275,594,450.5765588,36.54356793,50.52646346
275,936,409.608127,110.9333703,2173.284916
276,1201,202.805409,119.7429873,3543.891318
276,541,583.5540994,27.01591111,132.6669126
276,1350,371.1478525,72.70206768,592.1225094
278,1029,288.2871533,36.76377123,186.0402009
278,768,432.8385295,33.38477979,92.04884132
278,847,186.1432985,67.05496256,641.6000139
278,1050,161.5078242,33.77983622,146.0702109
279,1842,680.5687301,89.00220472,858.2559241
279,1569,501.210367,51.44064522,720.4455323
279,1573,520.3990842,94.69898237,680.4842276
279,1266,261.5002682,28.75784021,307.0294122
280,1582,225.2335121,38.23292943,499.9674863
280,1080,370.7351602,20.85273259,261.3734764
1549,280,349.1738293,52.49227104,365.4860006
281,346,702.4554958,61.38525778,65.71623463
281,608,417.3778846,93.44597532,1047.188738
282,417,264.9215759,106.1100706,1796.804724
283,618,212.2909486,37.62543669,89.07416533
283,1025,136.0172764,125.9479589,1262.041538
284,1115,170.7145316,41.72329052,274.7627304
284,601,457.9463294,35.16762615,170.1944644
284,448,363.779557,29.85591193,33.00435652
285,673,351.6685067,54.1184851,75.29482249
286,338,608.2677526,299.6978174,3703.683196
287,593,937.9812508,32.97196066,96.07626095
287,420,1988.594729,116.3221449,2691.82685
288,1207,2187.141314,31.63268311,24.14473704
288,789,323.7161354,56.99090986,229.8355564
288,1402,300.6409098,31.69995786,140.3108592
289,1177,345.9701209,37.98600609,219.2934484
289,442,556.4354364,70.91328113,252.2011626
289,1414,1047.798901,47.72753439,228.3837407
289,818,1283.383759,32.38392667,77.69723456
290,303,908.4289056,67.44795089,151.0718992
291,959,2267.648197,31.4944087,85.9142788
291,773,607.0437569,25.35318877,153.1549225
291,352,1038.06779,63.67411508,289.2280544
292,1740,2158.517894,66.35468161,624.3561523
292,1548,429.7601915,27.64531579,147.5713343
292,959,567.5876592,31.29673465,164.8134581
293,1648,195.793041,51.71823884,238.8031365
293,1627,202.4215131,87.1108312,487.1367823
293,1257,163.8661345,35.47291508,50.8938399
293,1332,140.8318461,73.27286091,370.6942512
294,1161,179.3469999,197.876243,8093.011938
294,544,253.4618362,243.0930229,4897.752687
296,801,453.3683008,42.68091825,133.6479965
850,296,298.8760278,45.22206339,113.2726169
297,942,550.4416999,69.66934936,2368.219053
297,991,3561.461404,36.16294774,108.3940556
297,1263,1488.209222,63.25397397,423.9481437
298,363,3465.208353,115.7067312,2969.482986
298,337,331.0074648,45.00438515,344.1304281
299,1550,500.6634181,115.5461301,474.899796
300,674,405.8030188,41.28145172,80.45736856
300,749,270.3514961,57.72687457,302.1307127
301,1607,183.0300287,28.72874954,33.04076632
301,1334,284.5999273,56.69842695,154.3293259
301,1463,194.4876167,45.63612091,128.4076996
302,442,117.555509,67.41312979,284.5755208
302,1411,172.3704069,79.2382681,818.9708658
302,1195,355.6431265,10.69680742,4.922478862
303,390,367.8425915,53.38355333,56.88398134
304,452,350.3249317,81.48947122,1794.282493
304,1036,398.1009021,70.43635986,171.5850141
304,784,217.9900907,78.04212794,636.5027652
305,677,769.663418,82.69483259,583.7145258
305,1820,868.4444444,37.45977929,109.5941006
306,1504,4881.660576,37.57600653,166.5813724
306,1757,423.5456655,57.96552776,262.6664261
306,1675,325.1001459,34.72396764,114.004242
306,1841,161.6755741,68.43134419,219.628237
307,644,310.7959552,216.983431,1735.687166
308,334,231.1258284,54.43453359,288.1864999
308,868,461.9462637,62.10239102,157.7810419
483,309,762.4217694,49.58058085,227.9419785
309,815,1158.153395,69.45358016,2835.030683
309,492,454.2436686,49.09544853,264.5784152
309,672,2345.110412,46.73208,134.402689
310,809,1423.545352,31.99156251,108.4486712
310,601,2237.323983,17.0541453,30.02936872
310,921,233.2483219,36.69936688,275.5665461
311,324,456.4763158,112.4399362,2051.107135
313,376,504.8516614,21.45981435,35.45250853
313,557,668.0956507,28.90457099,83.04846724
314,1254,251.0210505,51.0744345,274.6841531
314,1434,320.9529957,32.69730764,87.25833862
315,923,296.400922,83.28434025,2568.592591
315,916,156.3704658,353.0103411,13897.03092
315,1091,324.1581262,48.8341654,28.78673509
316,379,977.0657105,152.0097217,419.7834906
316,1042,875.792814,63.99881034,302.7565546
317,720,1161.652744,62.30139869,542.8794507
317,760,315.4313458,75.60498577,474.2036886
317,641,1151.232273,66.68320796,179.3125366
318,1527,192.2538579,4.792350909,0.663068969
318,1788,389.3282257,39.79947847,64.65312512
318,1408,507.6330713,26.99837417,122.103508
319,1855,475.0766387,29.98690009,319.0549221
319,1437,217.4732705,30.67371178,90.91333806
319,1747,180.1292799,25.77622353,76.77275284
320,1781,100.8865184,21.83194293,63.67541693
321,347,334.0390916,90.45339407,580.4091223
321,360,1038.06779,171.2735637,5196.727953
322,892,350.3249317,33.57342226,35.37449214
322,1144,315.9036749,39.2296769,421.2539536
323,1235,684.6502382,62.25036965,281.6709562
323,1278,772.4463271,34.62785275,153.1320099
326,398,1012.898539,86.13239759,482.2432986
326,339,1314.719203,130.0021941,1292.287996
327,1502,642.1561865,35.92993923,56.70426469
327,1508,347.1650289,40.94863,547.4558164
328,1604,396.3515444,130.7675431,680.3278402
328,1007,310.8469857,23.09092158,84.76799926
329,342,362.7047848,35.04049609,25.57093158
330,1022,322.7140496,57.77382262,498.6079054
330,515,580.9071547,61.9293291,447.6279833
330,1036,200.3207229,39.52921834,144.7979935
331,1079,161.6990091,23.45909974,23.07510088
331,1436,618.8615534,80.60289022,725.1709098
331,443,288.4706731,52.52698769,558.4021889
331,1722,414.8102379,34.57975241,64.86499536
332,1692,337.3580849,60.26992994,474.3684073
332,1397,299.3455262,28.81875822,40.70172402
332,918,394.3385761,29.77205219,87.14963295
1215,332,368.5087932,37.66522545,140.6138765
333,572,1281.228384,46.35987882,116.5494847
334,931,176.5290593,41.60685662,47.63045027
335,1198,254.7836353,35.2607299,63.0766466
335,699,242.5409171,20.02381354,122.4683188
336,691,485.4980327,81.62864483,699.1584903
336,795,775.0086228,33.2998828,202.7306317
339,485,518.3521345,37.34280509,76.37121099
340,1055,707.9021962,189.0754234,5405.643382
340,1442,638.6214367,16.73188829,2.680276374
340,803,231.2527297,45.37365573,122.5707962
340,1358,337.3277172,146.1461999,2821.818088
340,1679,243.8490966,51.09019159,127.1551511
341,972,248.8807678,34.43611003,92.96647671
341,1153,192.806527,79.31374426,614.2699184
342,412,229.5173671,58.12357222,182.8531024
343,605,430.6985869,28.50957887,134.9997152
343,798,489.2829804,43.31581813,172.9401549
343,875,162.8575248,32.4921234,104.5308863
344,645,211.5440323,71.92021171,672.525318
344,696,546.975464,63.81074179,401.2518822
345,1465,525.8015631,55.06670337,278.9186862
345,1751,1348.923914,6.457898744,1.371029795
345,1441,607.8317277,37.28120857,97.99686468
346,635,1988.594729,138.08462,2685.2288
347,384,958.8743236,51.14255096,96.59615803
348,1138,250.6598557,56.92359079,383.99738
348,1162,283.4620995,72.53489293,293.4594213
348,1102,835.4650817,44.89740607,420.8315738
349,795,241.5011285,20.12738943,116.1484894
349,949,192.1778845,58.3595104,223.1048355
349,1047,202.7696612,62.12500452,242.1781597
350,872,641.1616517,96.8685473,768.8351386
351,838,237.384053,60.58397813,430.1951776
352,717,443.4145726,36.62630241,191.3378779
353,1158,2095.434059,48.29907337,279.3469663
353,1637,1706.847673,36.97580234,116.1140083
353,1493,728.9290015,16.90078683,23.44880898
354,1183,216.9899549,37.76451791,492.9945394
354,422,335.6457943,31.70029343,408.0378714
355,623,191.0871895,274.1016802,13876.13804
355,733,205.3293807,98.5518889,3721.723952
356,994,458.6310303,35.21123485,88.30667261
356,847,330.987834,54.61201187,242.6079719
357,1832,233.941464,42.64581321,145.2791557
357,1738,257.4093228,49.45850797,172.7018984
358,1239,477.2751353,87.6833002,529.0067152
358,1723,979.1256531,26.60372314,73.26456292
358,1657,682.0885166,14.82087961,28.27208941
358,1564,319.7622898,106.257324,483.1142641
359,608,146.7225886,47.60882249,40.24177565
360,406,145.5642076,104.5110737,599.1779155
361,955,496.8374106,38.70272746,312.034041
361,997,284.9899833,26.77491047,53.19274092
361,582,360.9340037,130.6729334,1134.423117
362,1333,142.7871993,27.00190482,74.37370493
362,1343,282.5114686,102.8398113,773.9798534
363,1217,381.3131091,73.26380872,464.3634275
363,764,380.0374362,98.11410924,3086.133052
364,551,1343.962194,28.34384136,315.6630176
364,725,363.779557,66.91291033,376.4099604
365,1438,1510.602443,47.95964136,77.43563252
365,726,1106.600826,50.62186243,176.1990637
365,1673,219.7030029,65.88869178,320.9464659
365,1613,169.605448,40.45070397,731.3245961
366,719,226.8000041,76.56408859,469.4665441
366,1411,585.4915921,70.61209891,534.1008221
366,400,300.9568503,98.81463398,652.6564859
367,390,401.5531654,84.26010998,327.9956435
367,412,556.1092987,101.9520692,955.7583804
368,987,406.9886269,49.45798238,320.1160893
369,1742,713.5162585,28.31539318,61.43116798
369,1578,346.3613104,56.79322111,212.0213271
369,1710,388.4872031,68.81948549,257.7172047
369,1698,878.2173475,41.6896417,178.8148005
370,1385,336.8025037,42.14932386,404.7274181
370,1660,465.5974047,30.70739357,34.14934662
370,1657,325.6817751,41.08830398,235.5814283
371,680,365.3021892,58.13600196,386.777519
372,384,207.7215093,135.0605753,459.7055658
372,417,327.3042833,25.33696301,50.34905263
373,707,52.53905504,164.140981,5896.834755
373,878,332.2770811,52.68019258,494.9374996
374,942,675.9550383,53.08559921,522.9874827
374,1263,700.0652288,81.2484656,199.0642136
374,1313,682.0885166,28.60197476,42.38089284
376,584,517.555183,168.5976622,2298.48798
377,431,618.1668241,44.62857793,241.8081087
377,1454,342.7305492,36.97106459,114.6821284
378,853,629.8633935,67.5387734,339.7346999
378,1330,503.2303635,50.34556437,177.919881
378,759,156.9191198,77.08088942,521.1037437
378,1350,185.0591174,68.69693773,780.9441573
380,488,194.3462435,55.51946195,398.9679243
380,515,357.4694262,42.24461573,152.0903735
381,1118,351.0184233,18.2238818,37.03723105
381,1647,2896.260247,40.52250556,202.4639935
381,1790,3465.208353,76.27992922,891.0440826
382,926,2663.702411,37.99765013,379.409658
382,1838,622.3122248,103.824293,2921.815405
382,1510,267.8195201,55.76605307,550.9196988
383,554,608.6966974,23.71527045,37.7517442
383,545,221.5471136,111.7623764,1369.058653
383,536,239.0312783,85.36044549,491.9229323
385,850,329.6185157,38.10623505,172.7019048
1885,385,112.7359856,76.91723667,1368.117674
386,691,205.5991006,75.68805704,427.2731987
386,397,270.0633943,48.74544817,271.3510125
387,593,370.0824554,89.7205113,461.2806687
387,692,557.8703401,33.5482472,102.4273481
388,1418,824.0333661,111.3936759,3204.35093
388,943,467.5522935,46.74154034,290.7811677
388,1703,680.9342629,47.01349485,143.9596401
389,1305,1080.785337,97.572796,1125.689065
389,422,163.8661345,21.8305698,40.42093782
389,1320,132.3131901,26.16154953,18.41628527
391,614,178.2509221,26.91655312,51.9254151
391,430,217.7093658,115.5941735,1635.10653
392,1446,351.3492495,53.47008176,370.4347089
392,1798,226.733857,22.28560124,19.6869572
393,730,1568.99986,60.32899855,433.6463117
393,1678,2310.763389,34.89074416,32.24471337
394,662,450.5954272,51.94446659,974.0418413
394,446,673.4365235,104.1843829,3148.669925
396,997,1769.885404,79.24834836,451.9328358
396,801,1561.121132,54.29619239,194.4140984
396,582,1830.238566,56.72713369,267.8784181
850,396,1018.022413,29.98211682,83.13015456
397,628,331.0074648,42.10374242,99.203111
398,725,396.1457194,164.7996529,1552.971643
398,476,390.6763381,162.527558,5133.149059
399,1580,507.5619775,65.66798669,3253.386996
399,1619,158.9866846,57.98404086,948.0966787
399,1140,23.19129935,33.05927734,872.5590173
399,1344,188.0676956,57.49473799,305.0678422
400,797,193.46244,41.48800772,218.9087224
400,1077,115.9255709,62.30930937,586.1754731
401,433,202.3707534,154.949234,4952.306679
402,760,171.7090782,107.8232767,1360.867548
403,1051,200.3207229,18.91209881,74.91934512
403,1130,146.9547283,94.42642344,1415.335124
403,1891,537.6519444,34.98052431,251.0596936
404,1005,549.5478994,28.80721533,26.65181304
404,1293,982.7385679,120.1871694,538.2099855
404,1717,1014.781469,28.91164523,35.13865973
405,482,225.730256,100.7792915,2165.098941
405,500,215.9538968,52.05283844,179.796751
405,626,383.3429916,99.79345433,1051.586233
405,527,197.6261759,30.82722183,45.87124874
406,755,766.5512676,61.19538392,319.4168179
407,990,2139.601077,57.77038696,263.2588041
407,591,454.2436686,42.79390777,136.3855021
407,501,824.0333661,60.86958488,247.777868
407,1120,260.003546,43.05200627,106.1403505
408,816,2766.271694,40.62401919,127.0899633
408,538,827.3383628,52.68971193,161.5497328
408,1163,802.9820999,68.07979188,747.08298
409,620,693.9903655,28.39879758,80.90880273
410,1006,314.4173764,31.28790227,36.12167725
410,1083,231.9120538,46.23731559,169.8118221
410,766,89.3986355,32.99372943,71.37446388
411,1165,543.1076246,35.16175987,85.3529183
411,993,460.3875534,39.46375878,62.73841363
413,659,375.5020468,68.22669307,437.5936195
413,704,282.9827895,38.60256107,166.4835841
413,903,346.0714532,110.1220002,1550.188736
414,1560,424.4185627,23.83880526,22.46665963
414,1524,330.3942817,63.47752304,197.3434248
414,932,378.5234856,25.62849911,41.06728715
415,863,171.4634801,40.5250409,77.23804087
415,571,468.9801651,43.38162548,267.666978
415,535,220.9956852,76.95116037,167.4063553
416,509,170.4962728,20.90375747,3.970585674
416,1835,311.7984745,40.46330931,358.6501183
416,617,337.7397836,19.36967408,7.602924607
418,1210,804.1917262,59.37659281,157.4704317
418,779,1058.0009,33.19346119,83.49577677
419,1139,278.1866081,12.5501798,43.72493091
419,802,1085.589741,48.74511082,1871.465772
419,772,416.8350472,57.61904886,531.2396168
420,692,267.8195201,29.95701465,76.74247671
421,531,322.7339702,35.87929293,254.0055501
421,1517,447.1794015,62.73847506,1186.192979
421,1499,238.0226222,41.91129458,438.4246428
421,1034,247.8195303,41.71592918,179.2596687
422,1431,839.622912,4.377521121,1.30535564
422,523,238.0243358,48.52858511,278.4649029
424,910,503.3719165,73.62491314,962.4158777
424,1071,421.783258,219.8914766,17232.84059
424,623,365.5265608,320.458253,18660.9569
425,1766,406.9886269,30.35636224,32.17781632
425,588,1592.572846,45.56591125,141.3955504
425,1563,2237.323983,80.00814349,945.2252359
425,1166,1706.847673,70.74733533,288.9818043
426,1823,426.6868549,103.5644269,748.0521428
426,1792,802.9820999,44.73109937,90.44178981
427,1875,304.1389632,58.36667745,637.3176973
427,1056,335.8573166,124.5355125,2239.829015
428,537,730.4668847,49.72031729,379.2946343
428,1108,847.3250267,61.62128104,436.9337351
428,864,255.9334246,60.92578602,225.4796023
428,948,390.3773495,43.27077704,744.3623806
429,716,223.728578,157.5334639,1069.887919
429,872,626.8812743,43.32703924,128.528458
430,765,674.1569701,82.220646,809.2825652
431,1386,282.9827895,42.77574787,92.90875767
431,831,512.1666139,49.80324646,531.5331926
431,459,147.2319748,49.1674136,165.1830682
432,832,270.0882232,28.83822067,230.9530842
432,1117,223.2747683,27.95437764,179.9690488
434,1071,266.2771936,264.5118791,8037.854519
434,812,721.2610681,62.55313241,296.6797266
434,650,668.6110217,73.34165116,667.0612393
434,805,576.3072459,79.95454106,772.6995959
435,1736,144.1296845,39.76630478,122.0715408
435,1677,272.1220643,35.43536731,97.02497679
435,1828,28.74746286,18.43129729,46.06466941
436,1307,546.975464,20.57699765,46.70377498
436,1809,1025.033509,55.70180116,200.5324292
436,1773,811.0468057,46.97484217,241.7131445
437,545,202.2574813,63.14703661,402.2047566
437,455,982.7385679,31.82343974,42.92506952
437,671,377.5490226,23.32825038,117.4308796
438,1240,323.7161354,42.98060704,608.1452989
438,465,360.4435431,26.30263302,158.3280483
438,1011,564.5887476,61.03381071,1971.544589
439,830,683.9834798,133.3493565,2692.274938
439,837,107.9411169,17.47552213,34.06203935
439,1011,351.5193312,56.03026442,249.0617882
440,458,351.9052814,154.066509,863.0862006
441,1484,192.2927303,71.44972358,918.8515863
441,964,647.0811089,41.95308984,214.866716
441,1514,660.0908925,41.9989998,220.1919438
441,1523,296.1770007,57.55655067,175.9142125
442,1084,319.7622898,17.59756568,34.00570773
443,1050,161.5027547,21.73256673,14.26941251
443,605,331.0817861,34.19590585,173.0694031
444,1572,113.9476218,26.94057215,108.3221092
444,1800,194.4176342,74.94836385,415.4493075
444,1065,458.9497758,60.15516932,815.8480113
445,1705,345.7876087,32.31593195,55.09263436
445,1504,2239.113637,39.15246782,275.4313897
445,1272,2283.836889,38.01739113,162.1723265
445,1675,1276.518468,39.14191502,127.5405397
446,1663,232.8683491,22.56134245,5.219155365
446,1450,212.4484364,15.29637505,33.53834208
447,1114,259.2004389,39.98545944,546.8208068
447,1168,221.5894798,192.4128111,18346.48005
447,699,228.971762,34.46866324,131.8505098
447,836,441.5596409,131.6522208,4415.72136
447,555,605.6576391,74.43757933,227.0198982
448,1026,61.01116025,26.17199881,20.03244469
448,1288,184.5621388,37.68317793,687.5011737
448,1223,1712.154667,32.28945316,256.6928362
449,629,745.0250747,258.7476628,10905.02019
449,512,928.6178001,34.72856522,106.0047878
450,1445,1014.781469,48.86968939,371.0870915
450,758,568.6881187,34.94865202,36.07475942
450,1218,652.6608608,57.36797549,305.0634037
451,1407,212.4766895,43.0422038,326.2063387
451,1265,205.6968116,18.95719007,7.723162701
451,1021,304.9521499,85.05407344,993.3428167
452,854,199.749515,64.54573591,845.8010242
452,542,211.6694912,40.87251901,85.51958042
453,705,556.9343313,25.25638227,135.3418746
453,1726,379.5489489,79.36709317,456.8868052
453,995,713.5162585,18.95751754,15.54435077
454,1389,510.7314006,39.63320879,106.7074164
454,1373,509.629512,75.22537675,559.3814853
454,1534,337.3580849,129.1773497,4917.686017
455,536,227.3259256,28.07107337,177.3268256
456,941,405.9290698,93.97191699,2007.368667
456,555,300.925423,95.51196182,1567.562704
456,1732,250.4579211,120.9679702,3242.386365
456,799,179.8530481,453.1232485,30759.64756
457,1229,433.4806221,55.95719611,307.3441174
457,1061,467.922171,29.06326225,91.24707765
458,781,306.0426804,194.7298502,1597.236962
458,665,309.2799252,119.0070571,1129.981878
459,1454,521.0576293,44.54473195,262.8091614
459,1541,522.8182633,49.92528016,220.8090124
460,1153,699.7236653,82.85302308,3524.906753
460,1335,626.8900077,172.3767659,3860.185077
460,468,66.08638951,189.1765563,17909.84843
461,1641,176.7870752,174.3314307,2246.158661
461,669,359.0957098,64.47841061,445.8141846
462,1118,252.5996352,63.68078682,322.5575856
462,1336,445.962037,85.77334065,558.697707
462,1388,190.4208117,66.73959967,525.5811504
462,1296,232.05714,25.6036237,82.59957736
463,778,202.5600685,46.52158879,166.9274352
463,1805,147.6014535,95.94672742,1595.568186
463,730,391.1443351,83.11838208,1093.862356
463,877,338.6277925,74.03794737,1728.589271
464,698,276.4329203,96.9917171,4561.032106
464,608,1036.890505,46.59256447,70.77290275
465,830,257.7163082,40.32224443,74.32364413
466,1241,700.2356892,46.39970957,194.6809396
466,700,1728.254341,24.2312232,39.60468472
467,476,496.9689526,30.60161435,22.41213826
468,1685,340.2725957,99.33597526,797.9152319
468,1700,478.3520148,40.88102384,136.0129158
469,1391,255.3599632,56.78089225,119.9360197
469,703,1622.907788,88.78736569,494.8463858
469,923,2011.063681,93.18516629,1205.575942
470,760,1397.328501,69.64802796,495.9851336
470,987,140.8318461,50.06743441,263.106168
471,1891,132.3131901,78.64970521,1120.618905
471,1782,1013.258931,16.95045143,30.76082406
471,827,260.3460928,19.72534252,16.09449344
472,1669,250.9085722,54.87801562,102.2413157
472,1369,247.2161626,56.09707189,735.4186857
472,1561,309.2870407,53.50037698,175.6546073
473,617,412.5236789,23.62799937,6.282938975
473,518,310.5509927,22.3697511,7.909279693
474,1198,422.4853881,48.93724134,199.9266094
475,1096,1357.614927,73.58576941,394.7482825
475,724,1830.238566,58.79425588,1470.864557
475,1205,231.735123,35.00270549,506.8475928
477,1515,208.9813393,76.11591335,1306.479434
477,1746,121.6308203,45.07474694,374.177468
477,1408,345.1284077,76.76702666,1033.23374
477,922,417.2953069,44.02324657,96.8386573
477,513,273.1858841,122.864831,2613.573473
478,979,254.0940805,37.45447148,81.46917743
478,1387,580.9478058,47.80986139,107.4078705
478,685,315.5945741,21.81051735,63.82659494
479,945,313.5298126,69.10945942,2266.705694
479,966,72.26269556,44.99323779,268.8497844
479,819,1229.628076,12.4909079,15.13507176
480,1778,377.5490226,46.58766096,243.6837547
660,480,1036.890505,16.46801126,39.1645429
1788,480,169.3920086,21.16566277,30.70301041
481,1047,377.3260739,34.12463638,71.68957942
481,1570,581.4989553,99.70737487,838.9207311
482,653,347.1260675,142.7174381,3406.441218
483,969,544.0247366,28.9659212,65.50213311
1144,483,212.9194736,48.7455136,790.0488739
483,1186,214.165958,42.44674088,230.8173579
484,928,706.9015351,24.59496916,6.393631023
484,963,290.389597,95.23364494,433.4794823
485,709,144.3885285,54.42848042,371.0211605
486,1274,464.2773981,44.97089532,184.242497
486,593,164.7646902,108.9635995,1355.132888
487,1159,744.8007551,35.13979429,79.53042043
487,1591,646.8891553,200.0667328,4907.283614
487,1243,517.555183,21.32609274,31.28073684
487,916,699.7236653,74.45682861,494.2493895
488,596,1044.207014,58.82676815,84.68103866
488,1022,315.4313458,37.03909728,95.39426152
489,1706,999.998034,37.36699296,131.897326
489,1009,212.1769259,89.51762479,541.1948072
489,1602,230.3455076,41.68968641,98.42377842
489,1016,128.4185079,20.80120362,23.78455577
490,1716,245.4629425,38.543655,141.1606389
490,982,331.9189396,58.11930922,1034.882641
490,1257,333.8853966,3.685193555,0.35283791
491,671,315.9036749,64.18668358,1307.395534
491,581,554.456952,36.9006242,90.99629453
492,573,412.1781335,63.3845744,800.8334864
492,771,1662.937701,28.98501425,33.55335128
493,502,230.0838524,49.99252175,349.2294927
493,1089,1151.644154,99.67195917,979.3118173
493,748,314.2687725,84.27722174,798.1854411
494,530,390.9992642,87.52193745,573.8498921
494,665,534.2668117,121.740379,2606.299767
495,1299,377.3260739,131.3625795,1213.612228
495,1279,235.3112937,75.19520488,1797.768984
495,1274,455.0693512,66.62239299,870.2935453
495,1366,693.9903655,83.92956067,918.2393923
496,1402,1280.812706,46.92912972,183.223467
496,818,565.1937117,41.84617948,111.7019729
496,622,274.3328539,32.20514033,189.3834764
496,667,412.3358877,35.48466919,56.60142785
497,641,425.9140946,50.22793317,82.22019608
497,1092,494.4566028,40.82655386,46.3540601
497,712,352.9318802,25.09183348,144.2364224
498,1786,467.922171,23.12199811,18.1587386
498,897,316.333154,16.0432469,45.50622229
498,861,285.5168819,126.1161092,4029.982842
499,1825,2556.670043,53.92945541,325.9194296
499,835,875.792814,18.83883492,47.59262925
499,722,1124.238202,23.69101146,48.70579097
499,1737,230.078411,45.31934097,207.7164896
501,627,336.4806058,35.49364468,160.0058157
501,885,524.0079589,116.5419817,2916.117626
502,547,75.31901328,138.1685963,979.317599
502,1068,560.1996504,36.860428,13.17549876
502,1139,135.7444148,47.94596103,698.2882452
503,602,224.9325864,44.01958169,289.078867
504,1248,273.5937563,62.99037857,588.7513629
504,1194,488.0512947,43.53571738,168.2131214
504,1182,141.573317,55.52880704,421.838356
505,759,562.8715458,23.95838302,43.74142129
505,694,259.5491809,64.24816711,772.2077929
506,826,204.8524914,97.27401705,1381.398877
506,623,448.3341374,98.69072169,364.5516469
507,552,919.8431229,51.99399997,444.1374828
507,1214,568.6881187,5.558556414,2.376178858
508,1549,253.3709515,26.19574998,25.56371839
508,1094,393.0597599,66.70991119,391.5247952
508,1787,361.1545333,89.74895062,2136.503089
510,731,410.3207952,63.85422525,443.8200099
510,843,400.6480744,154.7859674,7057.203911
511,893,313.3206268,20.43355857,29.01310347
511,565,241.4176786,303.4951968,55246.93243
511,691,362.5421336,65.4849152,595.7425241
512,647,443.815225,207.35929,16009.95874
513,1236,149.2203639,49.68446652,90.64382971
513,1520,136.8058842,22.60526302,36.91327658
513,1457,114.9437404,25.34462276,43.82005898
514,1249,207.0063574,42.73518588,146.5933171
514,1270,453.3683008,45.93864485,225.5728262
514,604,307.8154888,24.55827536,36.20847308
514,1098,290.8233659,53.19066925,46.02044896
515,1099,713.2862675,68.7971717,695.0882844
516,1860,491.9788734,65.10020062,334.9858304
516,1266,512.1666139,30.18833576,183.4072436
939,516,626.8900077,37.23036097,348.8677288
517,1791,325.53111,58.83791611,424.9389084
517,1003,507.8290308,36.77816812,85.00544995
517,562,327.1391113,34.25752252,285.8266648
517,1312,634.8676795,68.37914228,725.5165625
518,689,146.2787448,37.3273538,89.90433551
518,671,359.9021833,55.31780869,208.5759219
519,1132,145.9190187,48.66301437,284.148965
519,591,436.6127438,54.41082943,276.7359774
519,990,238.1140514,48.05339732,369.9229718
520,851,228.7977051,148.2392903,3162.637973
520,547,255.2407113,154.0845194,3462.17188
520,756,185.8841351,175.4829069,655.4595566
520,942,313.6144504,167.2562499,3603.226871
521,602,56.12003488,99.49036993,1182.550323
522,750,958.8743236,26.05084531,16.62090422
522,1355,257.7163082,45.97192921,141.1430671
522,1146,320.892888,85.52558343,615.2509991
523,1320,314.1148675,53.80050143,756.6081589
523,1146,540.0478393,52.49946542,118.7063482
523,1153,395.9190753,61.86228748,1090.10194
524,938,309.5056067,48.87563461,359.712947
524,632,147.6764057,64.81243021,593.9781066
524,1641,1223.809673,61.02101044,326.9159484
906,525,728.9290015,63.81501775,172.5462965
525,1766,217.7154892,27.53647893,35.56595224
525,1884,188.8040849,135.8509808,6159.978569
525,1886,444.6049052,66.94382813,214.9923523
526,562,351.4324351,28.11403384,172.0606623
526,1459,366.2891095,66.85982796,109.4306578
526,1373,458.9497758,50.64596366,303.677165
528,1126,144.3885285,28.32836604,31.61038943
528,636,364.3413238,41.1540695,99.30273886
528,899,37.16157929,54.65234949,778.9734752
529,851,501.773329,122.7908627,2464.622767
529,1151,686.2321224,88.66773639,1447.460804
530,674,520.6009924,69.62309176,535.4333666
530,647,520.3990842,72.39271025,640.0120023
531,1370,4033.865372,29.6536808,96.8072652
531,1176,910.1111512,67.00098526,356.5908151
532,577,1555.395818,21.04592298,22.42099958
532,825,261.9023515,49.32995651,543.388322
532,1249,504.7456495,32.90438304,82.3564086
533,752,429.3251195,95.75626117,729.1307832
533,840,209.1068497,81.75876776,384.5111321
534,1276,211.5300381,28.40030209,127.3807318
534,1816,477.2200282,38.23841537,288.9321539
534,1772,495.6572492,32.06269167,104.113681
535,1357,658.1514157,56.51804497,571.4088926
537,899,419.0126428,53.45110579,856.8841599
537,636,307.8306456,75.44875879,743.2006909
537,1138,377.6218647,54.67324503,210.913168
538,556,337.7534872,42.8821201,249.3066447
538,991,325.8740239,84.80963005,1334.597446
538,1298,222.4363981,54.38761139,203.8082465
539,611,799.4633154,38.64639105,268.8432229
539,656,365.6032421,28.32380862,39.75398867
540,1625,758.9915608,33.48215425,126.5414296
540,880,999.998034,89.40104496,377.8684178
540,1577,516.1461434,14.60699483,11.76651435
541,685,250.9085722,26.95480982,92.89348512
541,613,241.0734313,69.18965643,607.889884
542,952,226.6947229,90.1214703,574.2404781
542,784,249.9088715,83.21646953,495.1947457
543,1860,175.556399,26.63066529,52.38962825
543,1420,133.4161403,29.21468699,118.5802781
543,1866,1672.884115,23.49057015,176.9340368
543,1889,1161.652744,104.063852,1197.472724
544,1357,1124.238202,104.4327292,1922.134672
544,989,467.7929198,73.7528795,140.2203569
544,1875,669.2937082,171.7795839,2248.538133
545,689,502.1806243,94.09616803,1277.939992
546,731,2034.517496,96.35836528,243.4024139
546,1168,176.2882066,5.874214408,0.756786685
546,1114,190.3866487,86.14962695,313.7353242
547,1075,85.52590926,90.98225408,1335.200945
548,575,99.25144125,27.93181342,21.2456386
548,683,312.5007547,29.72791556,47.53010651
549,1635,361.8827805,45.99106918,289.3272028
549,1804,185.6881094,47.8673406,461.1626653
549,1505,205.9934587,108.4039493,1364.703162
549,1382,167.2679445,112.0368672,1811.868383
550,1399,193.3696927,51.39278279,62.47646909
550,1141,365.7887633,34.76766594,80.11113026
551,560,342.7623639,66.73863771,1496.836833
551,1008,595.1792172,42.4395464,309.1727994
552,1351,140.7218803,35.83305845,380.6853321
552,1443,324.7603541,38.12818292,343.7886332
553,1823,2356.527401,76.51578139,698.7682865
553,1615,1686.876154,88.56294661,404.0899525
554,680,1741.28061,122.1904826,1183.005645
556,1263,317.7348058,23.14096301,23.86021061
556,1318,624.0356267,27.48382431,113.8228472
556,816,385.1798218,45.72103219,166.3964142
557,741,535.6265217,23.96134955,50.12982171
558,1116,458.6310303,34.97866195,115.5474487
558,1508,327.3042833,61.55923328,581.697133
558,1589,61.67462177,43.89121261,369.8523566
558,1655,378.5234856,60.96873362,273.7194233
559,1231,189.6240581,47.19893487,113.201312
559,909,163.4086438,39.14612275,109.5318839
559,568,152.5390573,72.70106939,221.1872083
560,1001,277.0152853,40.27535762,107.977405
560,668,180.5880068,27.88334107,38.86834112
561,1683,492.1675524,55.00219286,431.2754412
561,1824,180.4126342,42.35363776,160.2623895
561,1677,186.9244155,33.7276122,53.10776501
562,1389,181.8802626,100.9414241,430.2485385
564,1291,188.8080619,31.65221418,131.2846701
565,708,554.456952,119.8571597,1159.836515
566,1274,79.61011847,50.93924247,126.7832788
566,978,242.6223644,38.92995593,269.4316133
567,749,1454.215153,97.56928877,836.2500125
567,1463,276.2753372,75.2778708,571.1270403
567,1667,464.7243505,51.52175533,46.26288455
568,1183,303.0645202,67.03807022,225.643261
568,767,1234.234482,57.70913929,341.8832942
569,650,241.5011285,35.1649386,98.00231286
569,945,198.1395557,63.96658033,700.5115712
569,805,165.6644771,129.3640141,1697.275963
570,606,193.3238535,27.89970431,59.67802612
570,1714,175.2258277,25.42741041,27.84435008
570,1868,225.1874039,29.26814722,44.06798119
571,1221,1432.752477,35.45099075,77.23921369
571,1357,218.3910293,87.86763512,276.3806533
573,1011,332.0120067,32.98609699,425.1263621
573,1348,209.3926731,74.58942934,557.9821654
573,1060,348.2928019,41.6971509,278.6470062
574,1019,191.8857738,10.35631126,9.326434674
576,943,191.1436769,156.5642222,6410.723959
577,1213,618.1668241,29.41844943,34.70276519
577,1049,332.3824495,52.36467716,108.5033529
578,668,440.927846,29.22866219,54.64059002
578,728,126.0383256,42.25494696,67.7050957
579,1620,118.5706484,19.10980982,42.84958259
579,1380,417.6863188,67.05903268,571.3863898
579,1602,455.1286603,25.16383059,18.72692027
580,926,415.7874044,37.82200231,229.5216421
580,1847,308.857987,74.76043101,403.3593498
580,1397,588.5777404,25.6146398,82.65178563
580,1507,175.2294273,34.55522186,242.5793921
581,653,1014.67495,146.4591329,1084.989709
582,609,1155.187674,35.85025124,184.7818824
582,1228,905.4421895,49.98220104,184.7658112
583,1187,1289.528685,50.87242985,96.07267634
583,1235,471.5487556,31.89196783,25.07818584
583,1278,426.2283593,51.45731379,105.4695989
584,683,185.6601824,91.5859366,1561.299549
585,1062,246.0498051,59.9312801,576.0386158
585,957,941.1702069,34.87141993,137.7008653
585,1128,1741.28061,85.68051349,1049.490169
586,1383,1120.091888,18.17690317,45.72645644
586,937,2004.171289,65.82209384,295.1330714
586,1367,241.0734313,223.9280505,5870.146537
587,1392,233.370582,42.0237316,46.47782967
587,768,199.2089648,13.86058277,13.64659826
588,624,2558.887309,44.20263295,134.3113005
588,1291,1255.795005,72.77007134,599.023205
589,1795,535.196487,123.4525687,1251.833291
589,670,2499.055757,19.65914959,10.97089141
589,954,228.4536373,27.93013582,47.02419989
589,1239,759.6472394,94.63726661,192.7525571
591,627,412.5509887,47.18379328,298.6642199
592,935,153.1713089,42.56161475,149.5261232
592,716,615.6853378,137.7818821,1968.967224
594,630,520.6072071,44.20759364,171.387075
594,1349,406.5579245,46.57403384,45.55598561
594,1679,516.6684936,161.2819903,7087.64659
595,694,391.8038404,60.00069111,385.3307571
595,1350,399.3886062,61.72975644,916.9246506
595,965,1233.652182,39.76445979,209.0391271
596,945,1400.008339,203.0919244,4530.329669
596,994,756.4476166,50.94556614,145.6051974
597,1790,1589.350889,21.55955339,16.68278552
597,1605,193.3696927,26.69727914,101.7253378
1030,597,275.604793,24.23985435,57.04546377
598,1474,122.6468622,108.5309545,2371.654433
598,1877,323.1423428,36.42892877,45.21518897
598,1669,1304.912095,102.7416718,1404.566156
598,1173,1051.848713,98.94043168,2089.247121
1186,600,293.5099803,39.67491669,172.3522776
600,723,1255.795005,32.3325935,68.69439931
600,906,423.565812,71.47131496,424.1310487
601,1288,364.5744015,42.18703163,214.417385
603,1676,443.9603623,43.69430382,188.1771184
603,1122,450.5760534,41.35839463,54.39618491
603,1254,212.8187239,32.62089825,132.2945803
604,1325,319.6698727,26.57745928,28.67015246
604,1295,500.6634181,27.15843496,29.83831733
604,867,354.6651261,49.50419664,367.4076252
605,1050,247.4270666,20.39440877,22.12687558
606,1190,98.19303558,23.40697989,66.68668454
606,988,81.1072442,72.36138256,856.6540432
606,1023,312.7803781,32.91193506,29.41490222
607,1149,313.9204424,121.8342895,1025.495604
607,1017,461.9066001,55.1930955,1016.54231
607,1131,506.4348279,34.9822627,119.2543993
607,1827,481.4511858,110.7729407,841.9171664
609,787,389.1891435,100.0762726,2120.019491
609,1004,337.2747106,23.46658025,31.3711985
610,1323,300.2698023,61.32094537,1520.061167
610,1353,176.3622819,42.69297844,735.601804
610,1157,344.1873759,30.65958282,228.8512165
611,620,350.2059925,59.66691126,385.8804763
612,1170,354.6830268,39.40527949,213.4571099
612,1128,306.0825483,26.81600429,124.1205862
612,950,140.0576135,55.73969248,180.8702979
613,1387,1103.828643,67.63573264,297.769868
613,1237,814.1403013,41.6433929,150.1393434
614,896,1280.812706,29.06247528,58.21163614
614,784,293.5099803,87.94514786,965.8817928
615,1388,653.6597625,57.42102116,957.8509079
615,1412,312.6233832,65.92034224,431.7334677
616,1857,575.4347967,90.95675742,662.7191947
616,1337,429.1016293,27.47252468,26.62706423
616,1342,208.4203538,40.72907932,201.5897725
616,968,141.5225217,101.3152689,1136.097901
617,689,187.0601788,49.71287016,54.14597273
617,1107,150.9818112,26.42181881,44.74155576
618,878,91.89183806,30.79803806,33.77884779
619,1121,469.8656346,58.59499159,445.3903632
619,837,406.3058076,68.22389975,1118.581019
619,724,178.5930974,66.5790307,1054.211702
620,701,117.555509,48.42561336,525.3601141
621,1637,331.5724099,32.68933099,34.03682339
621,824,555.8898734,85.65135373,433.358042
622,804,351.6685067,27.55289934,38.15784528
622,930,562.8715458,65.31470062,255.3243882
624,1766,856.9806966,50.62877413,87.8812744
625,1773,264.08751,54.40346245,368.8733464
625,1681,316.8667279,61.65921889,140.3357559
625,1821,247.8196271,65.09656341,292.5906937
627,1067,198.6988912,23.70152352,7.502562554
627,1033,139.940451,26.91824497,23.04629515
628,1308,578.6141626,29.46496613,41.26287231
628,1133,304.8027503,18.87302367,33.12894583
629,665,304.1389632,42.69632757,177.5900624
629,647,432.2380955,26.03920474,39.44114145
630,675,570.5216524,197.9910969,10942.65651
630,1460,239.8968548,23.91858858,44.78217575
631,1070,540.4840577,36.2025761,73.26448589
631,902,236.0345599,87.43522768,539.8828841
631,1135,132.1916283,29.38440015,18.47789293
632,677,983.1410724,93.42200283,1990.616193
633,904,219.1141492,33.9076616,175.0393243
633,862,231.735123,36.95776098,219.7349703
633,1533,515.0530804,25.81059953,45.50094306
633,651,270.3876214,53.72989902,1335.902013
634,821,449.1287667,30.021642,74.44884174
634,1725,165.6061356,45.00991462,200.2283095
634,786,264.4056949,86.94124096,1072.038155
636,808,240.2681057,49.60005976,243.2465491
637,756,361.2623371,92.84671746,2524.570958
637,1343,27.24439479,94.0735446,646.5175843
637,1217,187.6538421,354.7270077,35438.17018
638,717,1099.55667,50.97209204,230.3662243
638,1478,210.0897338,56.84512454,306.183951
638,709,566.8046306,46.07830428,240.5261845
639,1013,440.469208,42.40307862,166.1106834
639,929,242.5286421,68.88170783,662.0582266
639,1378,257.092466,30.79133539,76.63614496
639,1406,526.3930735,30.13900318,58.17238739
640,825,509.0410597,64.09160576,1212.587063
640,1249,214.3025008,38.17897303,58.27636076
640,1270,714.5698479,47.59791035,189.2454066
642,855,769.9336156,51.61496249,304.134727
642,1341,353.7171055,43.8128462,184.0304069
642,1446,471.329341,38.76098948,193.7040298
642,1890,1125.188288,78.76986388,455.8596264
643,849,616.3124407,87.01713129,1024.989288
643,1654,246.0758193,31.05336942,60.09442255
645,1053,262.9853943,78.370777,796.0839052
645,1234,394.0931082,122.3645637,1599.41441
646,1205,338.2452817,37.13585906,285.0464339
646,1103,405.8030188,52.54075783,180.0353879
647,1418,285.6781238,239.3631184,5298.01545
648,929,376.4561013,42.83660717,199.5109382
648,1309,261.567007,53.2516045,166.412977
648,1406,1055.858964,71.11666132,403.3154694
648,710,86.37263302,44.40742392,93.36632367
649,1255,254.5667925,76.13280154,252.4149023
649,1363,96.10959483,50.85876589,345.3221412
649,937,93.67032736,28.45366791,51.66740016
650,695,268.7115101,57.57988246,296.3091895
650,945,393.4139868,83.91287712,2842.283891
651,841,190.9052235,22.53526023,69.00562262
651,1560,259.5491809,31.38931232,48.02837296
652,1579,393.0597599,32.21518714,79.90705687
652,1642,366.3659135,27.19742285,49.03370892
652,1444,1101.767362,79.17785627,672.680443
654,948,257.092466,66.32434214,344.6940199
654,983,1069.288059,20.8675086,45.02829431
654,1222,781.5581147,24.48819793,16.38741202
655,1181,470.2261944,74.48169885,207.9530479
657,1532,504.8516614,49.24554671,34.32322479
657,766,196.321225,45.89053463,94.64092859
658,1189,388.6469014,40.57997398,117.5419713
658,881,275.0018723,109.6499513,1346.896833
659,931,288.5198866,42.05507983,88.22719898
659,1043,299.4326317,46.08665298,136.6166536
660,1712,104.8943503,35.58044283,291.5287854
1758,660,1293.915135,42.41393693,185.6341204
660,1752,504.7655711,46.82516264,205.794678
661,1405,389.3282257,29.53392297,73.3207356
661,1797,352.151325,37.83837692,70.30394929
661,1627,39.97393983,21.69105269,32.20828883
662,1639,395.8316253,55.33175845,262.5515852
663,1150,174.2833943,16.26500569,28.02687835
663,920,386.3043426,24.24188917,70.10793499
663,1095,494.3112084,59.15176394,200.2874449
664,682,78.25206767,38.09836088,139.2482351
664,1054,255.2407113,42.85357721,87.72507067
666,1402,284.4441927,150.9573678,4291.680171
666,817,222.1820801,89.00707153,670.3769498
1426,666,674.5268534,52.53022722,549.5768853
667,930,1047.798901,60.90380895,134.1263706
668,833,1605.266396,55.06359234,152.9851347
668,791,454.2245491,51.32783181,104.7048643
669,1124,158.8096179,82.6581883,755.8937913
670,1125,1212.751048,61.17007737,355.3618502
670,1369,1980.528202,43.99122035,315.3207023
670,1621,225.1874039,103.7944805,703.1857843
672,1186,1433.212385,51.92562844,310.3617691
672,771,653.6597625,51.87551509,466.6150346
672,723,484.4924959,33.1085911,72.29026671
673,823,190.9435949,9.496055531,3.319430074
674,692,121.5519876,42.20556457,229.9472058
675,1366,140.5790723,162.9787169,946.1829747
675,1670,306.3666994,84.11598673,1461.596216
675,1511,266.4956245,117.480014,862.0656399
676,1063,218.8597011,85.68956031,1216.050583
676,1681,346.0714532,100.4649644,1198.353203
676,1159,208.9813393,28.09105419,71.44966081
676,1275,347.6498187,56.99340285,144.4579482
677,1629,151.6687856,28.84567485,83.6352888
678,1720,334.255527,35.2718536,340.2214519
678,1893,287.293263,71.92634755,1166.356259
678,1686,307.3229515,77.61711974,819.0289033
679,1747,394.2664607,71.22390249,823.367974
679,1817,398.7211986,173.566834,11565.88959
681,864,333.2326205,32.61164713,60.09888935
681,948,337.2747106,49.65284904,211.9777036
681,739,506.067925,62.6967397,661.5137566
681,983,364.2085207,60.74446741,262.3103475
682,1303,509.2293938,43.10865982,316.606479
682,879,414.4702621,46.42813654,270.2099617
682,1253,360.1340311,40.4429328,87.79576273
683,757,414.3223762,98.63886897,740.1351755
684,1502,791.542227,63.28726186,297.3292656
686,910,1666.817721,98.05614393,1198.954343
686,736,1974.658957,54.26901838,163.8483713
687,1065,1027.908899,63.02060751,288.872333
687,1774,409.608127,112.8193951,3594.043896
687,1440,623.155329,37.98426234,223.0756155
687,1870,219.0246148,43.70010705,231.7709484
688,754,593.3162441,24.54053013,74.54139005
688,1795,293.1300936,28.84384132,115.6999711
688,1125,364.3413238,42.68063765,133.4553921
690,747,591.9293834,129.1147483,1597.176621
690,707,418.892414,51.26998119,47.4893189
690,1132,318.9586978,67.03406002,1429.231389
693,1128,304.4017252,58.29989192,245.2989673
693,1454,352.7578063,38.16924536,204.0724545
693,1538,484.3072559,45.20283624,222.282522
694,832,202.500837,17.31512517,52.37584129
695,812,643.5875973,92.31176698,589.9403243
695,712,506.1965775,73.20142445,420.1662148
696,1659,136.2816524,47.02358537,301.289718
696,1834,315.0380857,58.62366223,221.6799489
696,1671,389.0097565,70.52765714,348.8661385
697,1639,280.2382615,17.27688495,28.91453826
697,1456,204.8524914,30.94918787,146.0615597
697,800,377.4880952,25.30412403,62.38855901
698,1875,669.4787115,148.0853615,1893.339292
699,976,418.7348423,103.2058115,647.5798228
700,1293,4023.798886,29.31152828,18.81844142
700,858,1808.60053,3.72740019,0.583416244
702,1463,1062.645007,34.03735101,58.87046691
702,1334,714.5698479,79.52292251,443.5335658
702,1544,493.8147888,31.493445,97.66251343
703,1285,669.9234775,55.82341897,446.8593871
703,1403,188.8040849,62.14838974,264.3335806
703,1189,273.2144727,23.37665847,29.8261124
704,941,244.3404887,249.3178863,8905.705097
704,1732,107.5830727,98.8693256,955.5150096
705,1887,159.9451335,34.7835983,285.3212458
1886,705,211.3874654,63.04400119,533.5930918
705,1599,1023.613396,44.2457981,140.1164166
706,1621,597.146254,73.9948702,704.8867695
706,1495,656.4404604,162.1280006,3306.959973
706,1723,183.4471189,46.20739238,195.4959842
708,1258,233.2586384,46.97415685,337.2868276
710,1574,191.610028,29.15976918,91.83287867
710,1319,244.0320835,47.45233076,197.2425052
711,1295,436.6127438,51.42211183,153.2409796
711,867,313.2438909,93.44030256,461.2114266
711,1305,604.9681706,190.5578885,8423.861392
712,945,315.5945741,28.02320374,115.0905569
713,1360,175.2294273,55.84040975,71.85481959
713,1850,307.8306456,55.2913911,117.6287497
714,807,683.9539466,44.96203702,162.2712292
714,1576,351.1958333,32.8577134,106.73795
714,1185,375.3729859,33.98011318,70.73228265
1745,714,313.3206268,33.33844842,95.30788754
715,1039,242.8644927,11.52500369,19.78023724
716,823,542.2734733,29.24588493,108.5871176
716,1235,356.8069472,37.07982099,112.6688181
717,773,191.5495274,38.76766987,660.2123256
718,1314,165.5916463,67.44533218,942.5879787
718,1269,472.9959756,69.62308657,377.6423938
719,1731,68.03218618,60.76920791,322.9389404
719,1483,174.9291595,48.56335069,249.8531556
719,797,242.5409171,99.83683808,772.8000619
721,1412,245.847861,31.20150589,152.2638512
721,1836,139.1397902,47.44461028,179.860573
721,1545,332.3824495,43.28803629,157.6242251
722,1477,600.2121493,97.00456245,1456.404637
722,1267,459.1449638,94.57793728,1806.71791
722,1709,199.7437476,46.84582878,150.5884505
723,763,213.9587435,29.87655834,81.60691801
724,1348,187.8496967,88.33703405,1101.914994
724,970,473.9405049,58.03633194,228.930392
726,1691,1510.602443,38.44551131,99.08292741
727,1310,425.4607447,4.573480732,0.899934649
728,791,889.3523211,34.48989396,154.8518853
728,980,1256.785563,58.91098575,511.2227581
728,1008,398.1009021,29.82939352,65.43828902
729,1812,313.5298126,21.85987742,21.31727684
729,1208,205.9934587,49.04933307,167.6264665
730,1811,346.6419963,53.40449825,487.0608151
731,1180,1640.565362,27.70239899,102.1683008
732,998,963.5097573,53.00085574,1458.596712
732,1247,982.4759564,33.30178119,205.1581554
762,732,67.1048322,66.75017518,590.8123048
733,781,1069.288059,203.735602,8289.423805
734,1476,791.542227,77.24161199,849.4539862
734,1760,691.7608617,41.07374317,184.958279
735,1340,244.3310552,35.2829269,126.9773921
735,1439,235.1135961,125.468182,1069.20356
736,840,756.1053196,89.46591547,294.6840263
736,1071,537.0465409,68.12718383,446.6361423
737,1728,273.4911032,26.85187839,118.1215456
737,946,283.5724244,80.24088766,765.133954
738,1471,192.2118626,21.29686236,77.03936639
738,1783,278.4021645,12.63513332,14.65193669
738,1843,1151.232273,42.41897438,222.1692932
740,1033,227.3259256,38.42341777,266.1537968
742,1517,422.533469,103.4812193,1266.052427
742,1248,350.1660614,84.4304079,779.7801948
742,1499,496.9132974,30.95598684,56.14890907
742,1496,352.151325,53.5529564,271.6236489
743,895,194.6769792,118.4809473,1510.231392
743,751,381.8613171,374.0146216,18039.24142
744,805,161.9954584,263.0718426,29372.8093
745,1106,932.9795716,98.11635485,4097.126889
745,1874,471.5659986,47.167593,182.9986138
746,1624,234.484803,66.03325891,723.6469086
746,1251,72.26269556,24.64784757,60.55361142
746,940,387.1093873,75.08071631,788.5544637
747,1067,1454.215153,38.4097178,18.35986582
748,1253,1014.67495,38.99064422,253.7785734
749,978,242.8644927,75.65683256,758.6815251
750,1475,314.5977668,18.05357788,14.81464565
750,767,136.409658,145.3831416,879.9499047
751,1129,207.212196,111.9814323,2357.128117
753,1563,178.2509221,61.10391037,981.1828597
753,1792,136.2343272,57.41200837,423.4228383
753,1756,302.4485886,4.719785976,5.349667384
754,1287,375.198357,72.66333732,881.5265371
754,1480,220.8072402,24.69949226,105.5111471
755,1252,289.9981091,57.16048439,271.4043295
755,941,477.8586952,218.3647671,3247.440517
756,1151,356.5411024,88.15672442,1900.619819
756,1333,296.9386811,35.72641027,93.7735376
758,1640,422.533469,92.45848969,531.061661
758,1329,142.2912529,21.30791526,23.95965994
761,1720,334.6260569,30.83033013,144.2297351
761,777,126.8696917,57.43085872,868.6657768
761,1656,230.5115871,65.20847959,735.7638137
762,1594,132.1639888,77.91572233,1589.976325
1651,762,287.293263,60.24605256,232.1573815
771,763,136.2816524,34.01831865,69.67642315
764,1157,431.0930951,69.17787806,686.7326567
765,952,321.2386193,118.0568465,1305.151589
766,1230,350.2268409,39.10225192,139.9571441
767,1431,419.311019,27.23513415,48.51155618
769,1521,444.6381518,22.8955773,49.46745603
769,929,450.4908351,81.8161519,1213.384937
769,1309,290.2760773,42.75831722,227.4375994
770,1594,362.7047848,32.91713612,342.4878019
770,1651,1605.266396,84.35352525,2500.779845
770,1191,657.8851349,28.77588651,91.93167465
771,1060,476.5458367,60.29992818,287.3463859
772,788,331.9627717,29.07183163,128.4607356
773,1608,583.4441876,27.32671,47.62816651
773,1478,361.2344827,42.67872759,105.7880306
774,845,742.0186781,41.53643851,82.16732881
774,1475,655.5253337,36.18179697,39.58124473
774,908,461.29248,74.95221165,242.9629602
775,1010,477.8586952,25.37343311,109.0901908
775,1177,398.9027904,54.75130527,414.8751369
775,1084,405.9579217,31.0975043,50.62395694
776,840,248.5186834,250.1788643,9452.859779
776,812,566.5000649,50.07610361,417.0334079
777,1653,361.1951487,34.42403417,163.1952378
777,1497,144.6887032,53.34960318,425.3761769
778,1727,212.9205378,27.02150007,73.16390303
779,983,165.1214109,27.27421004,29.0646645
779,871,223.9757753,41.39692567,180.0646529
780,1241,238.1140514,45.12510222,55.47883329
782,1382,183.0073139,74.59969862,568.9988867
782,1580,570.5966595,24.73201789,61.13338995
783,811,766.0010004,27.92225793,81.62284153
783,1141,278.1866081,30.80529495,47.8093379
785,1614,344.7425771,12.0762552,35.16083126
785,1154,242.0373337,48.83542838,189.4690839
786,1644,461.3054735,35.81927989,563.764341
786,1200,859.1051817,25.65188094,110.4239041
786,1177,542.0671848,27.0177204,71.88999079
787,829,124.0511176,71.24825867,1463.837949
787,1074,733.8491381,107.4762391,2811.84911
788,802,757.4978528,23.65943205,16.00251023
788,1026,244.3310552,23.11518533,33.56214314
788,1121,567.5876592,57.2995413,1113.183643
789,1481,879.7321326,22.6854164,39.41402892
789,1553,107.5830727,34.49999298,148.3125852
790,1035,287.2852446,51.22463302,151.7678871
790,1091,200.0700202,11.38534615,13.29075918
790,1419,173.6150959,40.19042641,104.1631614
791,875,262.1330427,56.56550835,317.5891309
792,1065,310.2824611,60.30306444,343.9949603
792,1404,136.0388933,96.21747341,899.1087733
792,1774,98.15316266,101.6256423,1352.767359
793,1131,255.4761167,158.4103088,3050.535131
793,1851,260.5056325,43.36839867,85.3143971
794,1102,244.5961223,42.06959274,272.942895
795,858,342.4608015,30.53922519,32.90374678
796,1457,239.1655126,58.0583502,413.0422278
796,1048,293.6547713,34.72353172,163.9007108
797,1265,210.0897338,36.47904296,65.5094022
797,853,1054.551688,71.89353866,327.4603741
798,1722,652.6608608,55.94382892,346.8086824
798,1220,314.2687725,42.47716444,175.0372957
799,1234,173.825007,113.4741499,1270.885626
799,967,262.0354496,55.98362742,482.328416
1663,800,330.0351497,17.76104405,27.85006341
800,1501,247.6208231,46.57283922,202.8277799
801,892,387.465959,62.40761546,432.9294645
801,1144,528.5533142,38.35165038,606.2604571
802,1115,1013.258931,72.04445788,3917.590201
802,1075,637.9453543,132.8025478,3059.963902
804,1195,359.9913936,54.61621251,120.436834
804,1375,229.0295232,7.592598939,14.37301368
805,1057,326.1153469,49.43260573,116.158124
806,1100,553.213835,99.64650488,4238.453462
806,1488,308.0733628,82.64711004,2387.472411
807,1761,641.3544503,56.57335937,125.2285328
807,1282,93.0879467,30.49758146,67.00800778
808,1088,151.6410718,41.23487915,144.7296923
808,1162,75.58673852,62.03763544,807.4311099
808,1138,272.0009025,82.41381574,924.5498863
809,1181,290.5469425,44.20839452,237.1070806
809,1115,261.9023515,16.47947181,10.21322503
809,1204,193.7712416,32.64031911,384.6241395
810,936,421.7226665,33.70889979,133.1741818
810,1264,98.26014065,19.99241692,113.6263482
811,1399,122.9169129,49.16300122,140.790417
811,1315,464.6200432,33.80427665,73.19401955
813,1856,591.5561868,41.94083742,312.5507968
813,1883,934.5742395,24.56156092,59.37770132
814,1615,1197.465221,41.47334235,327.7925785
814,1292,361.1545333,55.25789441,272.689037
814,1759,414.4702621,109.637863,1583.480011
815,934,401.9370702,68.86907947,418.840926
815,1011,724.660058,120.0057076,6017.596709
815,969,240.825324,28.73242428,263.2270714
816,900,216.9899549,36.01727031,93.07301871
817,852,544.0247366,44.92264964,161.5666115
818,1195,570.5216524,130.4080605,1674.263245
818,1207,368.5087932,30.53035904,82.01458083
819,938,439.5600484,13.35142992,33.96203146
820,1250,480.9057184,9.67102464,13.07017015
820,1512,1763.386917,28.28260947,107.4759232
820,1808,468.6458284,61.90067013,620.8720106
821,1779,323.0325162,27.89541821,48.85729514
821,1699,271.5578782,31.03643514,64.78337956
821,1865,623.1272975,33.8723074,55.70262315
822,1039,516.574677,157.8931854,871.3583391
823,1157,515.0530804,83.90106358,3744.395908
824,1344,1564.535366,75.35323415,659.1009363
824,1248,562.2667658,57.39403625,523.8518731
825,1091,241.3516405,288.9348147,10111.02856
826,854,129.216138,101.7323266,1921.535934
826,924,491.4043861,43.42202562,192.6716847
827,1782,437.0810983,11.55587657,6.312791151
827,855,626.972133,19.85499194,16.23664107
827,834,460.0505267,56.81118918,185.358033
828,1540,1072.394654,25.61000029,87.66135879
828,961,804.0456248,45.07252446,176.8572354
828,1771,250.6635728,78.43054492,555.9776268
828,1861,260.9699899,23.65277768,20.46659811
829,955,461.7218159,72.10040063,904.3881493
829,1053,192.1778845,52.37453378,206.7632205
830,921,112.7359856,17.67635828,36.36171845
830,1223,267.19042,53.44201501,153.9177422
831,1324,196.321225,61.95717413,1027.744653
831,1586,623.155329,43.08534264,107.2298622
1541,831,295.7703961,43.89729612,567.3868491
832,1363,268.3745656,74.0962288,2550.128128
833,1001,267.044376,31.02412157,159.7929252
834,1500,140.5790723,23.01925837,55.97356459
834,1388,279.4987668,73.7981839,1610.655811
835,933,219.7756159,68.40387559,337.6151878
835,1287,206.7078728,28.91161123,42.38637725
835,1795,386.9552079,39.78310178,231.0765762
836,976,147.2319748,68.45022944,526.4142522
837,1348,189.6240581,78.25064245,1153.749561
838,1703,139.590631,73.84274574,1008.050936
839,1035,212.9205378,37.88885491,153.1837306
839,1419,565.813551,62.16351432,313.7284883
839,1379,326.6865222,67.14276231,106.6936414
841,1894,173.2781747,71.83077876,403.6482127
841,1503,478.8591703,55.71759646,554.2174002
842,1819,347.4242163,58.88498359,574.0356016
842,1531,1008.555635,22.20642509,32.39242489
842,1063,573.3650639,35.15515311,179.4199009
842,979,525.8015631,48.49489369,59.9432014
843,1025,928.6178001,49.89294287,218.2497368
843,1168,756.4476166,22.32724396,98.60005749
844,1278,173.825007,58.36036963,104.1597435
844,872,470.8153398,9.642597836,2.415505667
844,1199,111.7340762,59.84150234,59.95735997
845,1622,906.1380717,56.98196864,333.2795805
845,1475,550.0465466,90.375598,825.1131204
846,916,531.8086827,68.96154284,186.5301609
846,1056,320.1338172,163.3207359,1429.001624
847,1085,191.5495274,37.33230535,93.17393173
848,1154,231.3441538,70.19041485,526.5147856
848,1650,233.7767717,64.33460966,775.9034402
848,1610,138.8978377,53.71312151,333.6798602
849,1729,221.7950418,90.69776049,529.5166195
849,1131,245.847861,25.54815414,35.44496175
849,1877,188.032783,77.04048732,1846.729551
851,1268,275.7908357,71.48682715,406.2885278
852,1224,212.1769259,65.86237297,277.7365169
852,1553,606.9541362,58.40971792,1235.452904
853,1171,127.3342456,50.76179529,146.9847999
854,952,371.0090891,38.48955578,47.95162206
855,1238,322.2312508,60.70825448,652.8470265
855,1100,391.328738,124.5401681,5434.24471
856,1859,235.0038754,22.72721513,32.82876786
856,1413,287.0060595,18.37793567,52.3490117
856,1731,506.2930459,39.57691155,67.58154091
857,1240,185.8841351,41.90000855,136.3882289
857,934,300.2698023,42.2892076,324.3992233
859,1898,490.8295407,110.853702,2672.066824
859,985,349.0905354,22.04081086,51.89092981
859,1661,1314.719203,22.24973104,21.49349112
1691,859,283.4620995,53.89520993,467.5204528
860,1359,224.8101062,61.09058958,378.7914971
860,1165,335.5366158,48.19355672,81.60424689
860,902,397.7534043,79.19713764,376.4990759
861,1015,498.3483237,97.29445163,1475.850854
861,1078,478.0267061,72.92833933,970.8539797
862,1828,149.2203639,48.34766982,209.7441634
862,1824,231.3441538,78.94412622,1379.349962
862,1894,267.1579858,56.80346109,217.7366211
863,1851,121.1557126,37.38430355,138.9891267
863,1066,349.7934557,49.18300464,369.1580142
863,1221,177.3788564,48.33675605,191.6831346
864,1138,246.0758193,45.16997545,525.3514214
865,1343,278.2390102,28.23559408,44.82366866
865,886,345.0539638,30.44818105,61.88237844
866,1628,2283.836889,40.723976,67.29708691
866,1299,4033.865372,49.67252198,184.5383273
866,1259,1293.915135,30.2691791,125.3355464
867,1098,193.7712416,29.41369364,50.67233325
867,1340,250.714191,48.59353895,234.2136503
868,1043,533.6401359,70.11680254,574.3542894
869,1683,250.1775177,38.91871502,434.9891995
869,1677,338.2898817,51.37622238,127.0457488
869,1736,608.2677526,20.37347714,77.92140149
870,1707,448.3341374,70.98264454,530.0484673
870,1672,366.3659135,49.03276935,314.4365524
870,1555,401.9370702,32.31220036,144.8710677
870,1715,288.1393449,46.06939568,276.803962
871,1046,409.1217955,25.45958193,88.02619926
871,1246,235.3112937,35.29298217,108.0697651
873,971,89.80652483,29.53386331,30.46337812
873,1688,154.6465621,47.21396614,61.849547
873,1628,1432.752477,69.40893054,527.6214679
874,979,192.5960514,36.82336471,128.1552873
875,1220,261.2204073,42.62708435,176.3444323
875,980,439.5600484,22.83521582,28.22428044
876,1124,1135.948688,18.9273873,44.97489429
876,1536,173.7443974,46.1801666,214.6488423
877,1811,764.6463941,49.31107666,110.3528362
877,1687,221.585854,40.91496225,442.7545642
879,1313,228.6426132,44.01772469,206.4714808
879,900,304.4017252,64.68219709,287.0864241
880,1158,422.2628695,48.10984627,333.4021123
881,1345,327.3099315,48.58780186,118.209842
882,938,173.2564684,211.5752795,5302.514981
882,1085,213.3433206,95.46093182,1765.137424
883,1734,165.5471003,75.1133185,512.987147
883,1449,454.4944612,81.79224415,675.6657183
884,1456,194.9990325,37.51248006,135.9094129
884,1501,208.9353201,29.3230631,68.58368312
884,1835,516.7491094,59.48288314,157.0957777
885,1102,1025.033509,59.55528799,658.8014686
885,1204,421.055211,65.13268233,313.2840186
886,1328,377.4880952,71.22634045,2219.287948
886,1323,683.9539466,47.81016577,966.4708722
887,971,413.5034479,52.65635777,454.3634636
888,1111,583.7037356,37.54879122,95.04652959
888,1435,2285.848059,27.07983803,66.49670087
889,1057,628.6257362,37.76136053,80.60271762
890,1784,290.5871016,12.25683482,14.51926646
890,1692,383.8978287,47.01020952,548.8250374
890,918,301.161894,70.29933812,511.2797615
891,1813,331.680824,43.70668985,230.696773
891,1393,429.691581,27.84485692,37.50205198
892,997,287.5339652,26.53135099,24.3090393
893,1353,241.6442947,50.6587635,286.7707643
893,1169,220.9492292,67.37789591,471.372795
894,1628,196.8525428,28.46994919,50.58937299
894,1568,175.8291427,30.21788792,83.52656302
894,1259,284.1048662,73.39300026,730.1807753
895,986,304.3038699,63.26128794,205.091603
895,1300,396.1457194,91.13474717,1539.867638
895,993,285.6781238,166.0265768,948.7598994
896,1036,232.8213646,30.85559989,85.56548806
896,1064,214.9886571,76.22762384,672.0534342
897,1888,224.0087819,114.6540383,3909.544622
898,1827,386.9601822,37.90696985,398.6331783
898,1851,369.6500203,144.1427549,4663.238305
899,1025,505.40604,76.33957319,702.0347846
899,1108,258.3630147,34.09628912,971.23587
900,1318,3630.189347,94.76515836,1459.31922
901,1661,3113.028242,37.23718127,105.6488753
901,1438,2663.702411,24.72781782,32.46837344
901,1319,668.6110217,57.68417556,110.4405648
903,1732,568.8964783,52.5014924,364.9341136
903,1539,914.1837157,76.87597941,269.5136403
904,1512,310.7959552,34.47338418,61.56925724
904,1518,340.8211338,38.37717869,127.6193978
905,1185,224.6265588,46.21771303,272.3406587
905,1745,1433.212385,34.30425939,165.3082465
905,1705,493.8147888,25.98159988,124.9593071
905,1504,192.5960514,45.61110017,272.9307535
906,1885,1664.859868,28.94845137,160.1674518
907,949,278.7823559,60.8713725,147.3833055
907,984,273.6748765,41.43203614,109.6449756
907,1047,225.70321,30.36796871,48.58293903
907,1546,452.5730792,81.51720041,454.5076546
908,1358,134.537117,150.4830537,4400.429818
909,1395,378.2537959,64.45030679,211.4705996
909,1622,166.3330078,133.163091,522.3153258
911,1614,467.7929198,18.18848133,66.41939166
911,1780,248.5186834,68.76999498,702.3256091
911,1900,489.8020495,18.33244397,5.110137077
912,1073,363.9895721,34.19973238,253.2069831
912,1471,327.3099315,16.06004388,10.84350251
912,1519,81.32587157,24.93401,77.41839456
913,927,188.4418958,25.75682341,662.8957009
913,1210,180.1292799,61.31055633,376.6412858
913,1192,311.5380371,67.92167279,509.120769
955,913,129.7246327,63.84341221,813.2058378
914,1223,164.5701772,19.00775189,65.61545156
915,1604,183.7408367,49.31525649,96.67140803
915,1643,856.9806966,55.82522897,215.0418903
916,1875,1054.551688,166.9630649,1864.968959
917,1057,445.4054304,41.51322006,104.4844406
917,1022,312.3035886,34.18582605,199.056591
918,1569,211.9033815,58.64451187,707.0605499
918,1573,205.6812406,61.38353317,754.1775273
919,1781,207.7138149,26.33300565,12.57139334
919,1639,502.1111475,30.39129041,28.43681552
920,927,121.2443022,63.87259511,353.2011422
921,1288,269.0872958,16.99361581,26.08021672
921,1240,165.5916463,47.83041683,197.8983801
922,1804,183.1001312,83.199924,3731.75019
922,1505,218.5492369,36.43764187,148.709453
924,952,415.24228,89.08056898,522.4743324
925,939,204.2516645,29.2788663,114.6066585
1072,925,332.3477681,28.09616882,114.3380225
926,975,507.8290308,19.10061433,40.62206403
926,1045,255.4251042,38.55671384,211.0113815
928,1075,361.0762485,37.96112778,141.2857918
929,1551,59.97920594,46.52210008,143.3739681
930,1383,182.8543638,75.14635924,269.5271129
930,1371,264.9869195,174.3138961,2940.296882
932,1701,179.7670643,55.19265946,138.1589259
932,1876,84.50477683,75.79097498,253.8024821
932,1009,180.9136321,42.64776734,89.74199939
933,1833,203.1393862,51.43160439,367.0927245
933,1825,412.1781335,31.29830241,142.6061346
934,1246,516.729278,31.87434583,112.7022096
935,1353,151.5351911,79.24632389,753.8368549
935,1169,368.1805411,41.67537574,96.82992271
935,956,100.6051159,41.54532411,87.50768914
936,1550,120.950215,184.2001095,1818.778332
937,1117,196.6699687,68.06657774,381.4117233
939,1420,281.2981577,34.20068929,143.8176285
939,1575,1387.754926,28.64439211,77.98931103
940,1149,1120.091888,50.68427414,814.7935891
940,1729,769.9336156,57.77625483,992.1939967
940,1131,261.2204073,94.31439451,788.8541985
942,1068,340.0459077,43.02772735,288.9738169
943,1152,339.7840332,115.6202424,4098.472143
944,1219,729.1902363,39.82136275,61.4400288
944,1295,461.8181134,21.37667306,16.04968285
946,1545,262.9853943,176.8616728,7038.986361
946,1864,319.1842578,101.1382154,3140.576855
946,1614,142.2912529,43.25837537,517.9635113
947,1347,173.6150959,28.0199108,84.59488268
947,1552,334.8991809,29.91884506,66.17591857
947,1361,304.2261242,61.15485183,463.6278168
947,1197,228.4536373,24.11008603,57.95748601
948,1216,382.6730463,52.77074502,436.7806054
949,1308,98.26014065,38.15768301,201.0625989
950,1041,313.8177829,60.79687237,380.0055485
950,1398,228.3722807,44.95198686,70.64139486
950,1390,479.26032,65.56597887,356.9432944
951,1091,5555.625992,39.28272495,97.29387451
951,1419,167.2679445,28.02137154,21.3184734
967,953,566.8046306,104.4598842,698.7285737
953,1557,506.067925,27.28224334,85.49952261
953,1846,239.0312783,32.45314819,131.1899622
954,1737,237.5079512,121.3696132,1091.363252
954,1579,223.0838282,26.49322862,66.83634605
1192,955,264.0017055,50.81892042,569.0004966
956,1187,506.0911374,35.50272862,59.17634745
956,1235,443.4145726,74.71899873,1153.286178
957,1362,75.50330093,45.173946,157.1783466
957,1547,290.8539716,51.86633397,350.2995411
958,1183,336.8025037,13.75061232,32.05766627
958,1305,669.9234775,97.94666583,1476.9302
959,980,335.2836766,23.71743376,40.97290409
959,1008,1135.948688,25.56334784,66.37894694
1748,960,844.7026092,60.03144804,578.9467983
960,1321,834.4591962,116.0172566,3583.667087
1760,960,373.0802071,59.94585142,539.2772205
960,1649,554.261027,58.39305904,117.286121
961,1101,266.7629033,91.81227675,591.6444116
961,1317,359.5430798,45.55211103,103.4149425
961,1429,980.7063535,84.45417913,344.5962903
962,1095,503.2303635,32.88267607,41.69885741
963,1127,422.2628695,30.35650736,48.9459756
963,1115,252.1376521,45.31290399,81.61870204
964,1422,379.710862,54.04888533,245.4444913
964,1676,147.7734406,56.56679116,179.9222517
965,1117,312.851384,112.4474667,557.2001585
965,1367,675.6140046,85.96631987,892.9368375
966,1078,801.2480006,42.13087883,187.6733744
1858,967,217.9900907,32.85299401,81.876731
967,988,338.6277925,67.01648141,204.8962089
968,1468,387.1093873,19.75479586,56.58567844
968,1407,573.4910421,42.12468321,188.576625
969,1192,305.0422449,25.95845174,84.46028954
970,1109,357.842533,72.66569805,277.2007039
970,1103,445.7206334,61.44683295,958.6918246
971,1242,196.6699687,33.61107112,82.14878255
971,1406,284.2564098,66.46327159,179.6638208
972,1290,311.6035031,65.14606068,557.5167533
974,1436,363.8910957,56.19257718,434.6202293
974,1740,235.1135961,64.4008392,142.2375025
974,1494,637.9453543,61.76084009,404.3188512
975,1365,669.7416885,22.41063468,27.7496583
1597,975,583.5540994,132.1867932,2520.573112
975,1558,371.9397429,67.85587183,1016.039239
976,1095,156.3704658,56.61295833,470.7693876
977,1781,141.5225217,27.39411382,29.90968953
978,1451,139.1397902,89.66144084,1211.866756
978,1463,555.4109708,43.37277965,103.6002698
979,1285,835.7274091,92.99028863,505.092033
981,1136,616.2614777,75.4863771,1953.142294
981,1798,405.4376708,41.9731521,193.1556896
981,1826,369.1366858,59.48342148,1131.185638
982,1585,408.4159668,40.53140781,329.7233604
982,1648,122.1942999,27.92208007,123.0881899
983,1046,277.7654698,28.07496259,139.4801532
984,1133,118.7153404,25.98703969,39.25259673
984,1327,403.8793365,22.12594441,11.48107511
985,1226,364.2085207,84.86276731,328.4845046
985,1097,346.6419963,64.86085614,544.0460423
986,1165,490.8295407,119.1679906,1498.824559
987,1015,1191.105926,141.6807663,3215.567741
988,1250,1032.437045,37.98750743,208.9075878
989,1024,628.8184826,56.45070667,68.23993773
990,1088,839.622912,68.37799782,288.9221709
990,1162,581.4989553,38.5562072,87.91865838
991,1040,454.2245491,34.1562577,56.65303386
991,1328,212.9194736,31.66408921,139.9505608
992,1697,217.7154892,92.09593212,534.1466269
992,1170,335.2836766,48.72554988,508.9646283
992,1568,338.0642436,61.21172279,179.4906984
993,1129,127.6770045,53.13818829,382.6118522
994,1085,204.8096738,19.98502671,40.72344115
995,1593,299.4326317,38.02598084,23.33973297
995,1331,323.0325162,25.79823772,92.63342256
996,1636,101.8033251,47.06465011,149.5371517
996,1861,399.5874423,24.7984011,32.31569643
996,1672,489.8020495,59.17694642,392.1745728
996,1707,517.4086721,37.16122299,134.0840695
998,1205,477.6647368,51.63634328,1522.227377
999,1304,576.3072459,51.58897572,206.461714
999,1034,265.1027488,56.51102267,583.3622598
1324,999,558.3018389,95.00536887,2460.522524
1000,1315,357.4211828,75.21633283,383.5943401
1000,1359,166.3895178,79.4082849,346.5400885
1000,1165,174.798879,48.76082101,160.4745375
1001,1099,150.7177595,94.29955535,1770.017492
1002,1160,1589.350889,44.71272191,121.1732566
1002,1888,1094.768275,104.7081559,886.823392
1002,1820,238.0226222,73.16682116,571.2805811
1003,1845,276.2753372,18.89263465,35.98862293
1004,1018,457.9102345,31.41027266,83.28926508
1006,1218,122.6468622,66.2770657,482.7207303
1006,1329,21.65960939,83.58522043,644.0068675
1007,1028,126.5451723,39.08111937,663.0654414
1007,1371,341.2004052,33.08619153,170.3918336
1009,1336,267.1579858,88.66380874,735.8756215
1009,1542,366.0146793,39.68140203,79.14282397
1010,1462,359.0602097,33.47113851,135.736968
1010,1537,287.763438,51.94086426,189.1329376
1010,1260,443.9603623,15.10599963,6.119745247
1012,1338,98.18900417,54.90298718,116.2979153
1012,1245,250.0881637,58.60535536,217.2224176
1013,1058,373.2936321,39.59650601,155.7361521
1015,1092,512.3599603,67.14272595,251.8295515
1016,1830,327.1391113,111.5903755,475.4987639
1016,1647,1628.943577,27.218143,80.11383453
1018,1174,714.442903,17.28099707,72.11918255
1019,1109,126.0383256,57.85207475,367.4353101
1020,1529,222.3496414,74.90874891,465.290939
1020,1472,209.102316,79.71393665,294.2953028
1021,1171,698.3434451,33.70833658,87.06520793
1023,1808,270.3154592,32.9472037,67.79120131
1023,1816,168.0767401,44.92086446,298.1724977
1023,1276,642.1561865,28.37867043,31.72671938
1024,1849,1728.254341,147.3182212,1139.232772
1027,1279,1191.105926,28.38254058,52.86206659
1027,1390,657.8851349,85.18996201,311.3456825
1028,1426,216.4567285,34.07010492,148.6797804
1029,1085,294.8788977,57.38345299,124.3378132
1030,1368,299.3455262,21.31311492,63.27024087
1030,1482,432.2380955,81.87641226,883.9004027
1030,1428,383.8978287,65.23323602,1047.55047
1031,1591,278.7823559,56.38796562,133.7995824
1032,1168,281.3872696,42.7745048,12.06906024
1032,1222,182.1806897,71.35362673,2384.554682
1032,1198,544.689017,27.40067314,395.1598376
1034,1090,345.1055575,70.41352141,281.6112192
1034,1484,925.2190875,60.17139199,153.545229
1035,1399,261.5002682,66.733455,159.3005691
1036,1099,376.4561013,31.73646543,123.3294483
1037,1814,517.4086721,102.456563,2154.15734
1037,1087,498.3025608,95.8051008,958.1755322
1037,1617,344.9470654,64.76114298,1446.622231
1037,1470,348.0515964,42.06050678,298.3590532
1038,1696,489.2733294,79.0600418,2054.735834
1038,1719,246.1195413,29.32187399,50.16370126
1038,1203,186.3356176,29.40744344,131.9739657
1041,1170,165.5151902,35.62306889,433.2501171
1041,1565,1020.176889,32.55381338,177.7238901
1042,1300,1866.193322,22.02755264,13.09145266
1044,1656,1012.898539,56.02660703,518.4856155
1044,1758,86.55318403,65.66117021,575.6303724
1045,1477,799.4633154,83.23599449,665.9879707
1045,1847,724.660058,30.46224204,62.9939874
1048,1490,157.2249592,21.46336404,107.8808286
1048,1562,284.2427263,17.14303588,11.72608436
1049,1325,394.3385761,22.07003954,13.45606726
1051,1738,161.5027547,77.66047079,1456.869198
1452,1051,301.161894,82.10858488,536.1340781
1052,1567,313.1806594,12.6886713,5.037912733
1052,1489,230.2660143,21.37667703,35.55836676
1053,1074,295.6367042,96.33593775,3824.925028
1054,1253,306.0426804,38.23567916,83.46071957
1055,1349,472.7748279,150.6743625,2048.920848
1055,1487,300.5571136,28.51873254,50.04643285
1058,1548,318.1792328,40.74618642,184.7316653
1058,1608,440.0064418,27.86139505,31.43376485
1059,1881,525.6727881,59.10005179,271.3771584
1059,1757,496.3083944,64.68517106,591.722921
1059,1863,390.6763381,36.43962545,88.07630489
1061,1096,181.2781944,27.90995362,90.09976583
1061,1205,261.5753554,42.77570342,296.33288
1062,1697,224.7686089,42.98755898,153.2697129
1062,1362,96.10959483,47.36859461,1209.614324
1062,1170,433.0777914,63.21887623,393.1974104
1063,1179,407.188637,54.81742435,215.7584936
1064,1099,262.9349518,73.27480278,527.2047161
1066,1603,260.9699899,47.98207185,719.4227582
1067,1132,237.5079512,138.5737427,9346.813929
1068,1303,220.1828316,101.5836757,2142.388908
1069,1140,354.6830268,46.29008145,70.79889717
1069,1520,397.7534043,81.6753184,463.7611017
1069,1490,409.8056342,18.94088013,25.42638933
1646,1069,493.8019149,94.83767296,1447.686197
1724,1072,325.9436551,27.67488556,39.43587203
1072,1497,405.9290698,47.04530812,389.6059207
1073,1209,565.1937117,70.18960359,606.7527402
1073,1474,300.925423,23.84785926,37.05062313
1076,1610,299.9488593,30.63497495,146.6866759
1076,1595,180.6695447,139.8408367,4326.527435
1077,1411,379.1506685,86.42108267,640.8902064
1077,1255,33.5412434,28.64831492,118.3553596
1077,1363,262.1330427,61.43543394,744.3010809
1078,1092,186.011315,60.23067113,394.7591996
1079,1392,427.0568548,30.22565534,144.0120799
1080,1094,176.124342,10.76825248,21.77442163
1081,1174,236.8384633,10.1752084,4.252044801
1081,1228,128.9108704,59.43982436,344.7509071
1082,1211,343.7264565,158.3074608,4548.677138
1082,1175,245.4629425,24.68018547,92.62446712
1082,1273,406.5579245,114.5267833,1362.168189
1082,1283,331.9183729,27.00707396,95.23989164
1083,1370,222.1820801,43.59349867,91.07787901
1083,1532,963.5097573,39.59760163,86.85815026
1084,1260,309.2503307,36.49732719,123.332154
1086,1878,302.3180211,34.08639407,164.3183195
1086,1479,362.0874831,37.95404043,88.72539207
1884,1086,3932.226913,36.2929007,231.1537683
1087,1690,1276.518468,28.41003167,99.84541578
1087,1558,2098.285937,57.36769383,375.6184617
1089,1139,281.387117,42.26696413,213.0672442
1090,1499,180.8968523,120.9312969,4179.975058
1090,1430,148.7778925,27.32174346,42.3079787
1090,1422,293.9807589,41.61949116,90.20877649
1093,1668,1250.137312,61.00802583,572.2486606
1093,1824,555.4109708,43.62366441,267.2501263
1093,1768,755.7504979,69.48347399,448.9922897
1799,1094,568.5783798,23.47522795,70.09328332
1097,1469,349.1738293,43.68432269,705.367468
1097,1583,579.5088314,79.40893206,530.3754822
1098,1427,145.5910052,30.36044781,44.59730828
1100,1311,125.4311527,104.0904452,3199.736271
1100,1136,60.91020231,34.9618972,194.4971378
1101,1433,263.3073136,37.7700864,115.9150754
1101,1805,320.8957553,99.61550624,840.4973548
1102,1120,437.27896,99.02054176,1215.265496
1104,1535,300.6409098,147.2676063,1305.112788
1284,1104,573.4910421,65.28328038,758.7408235
1105,1439,464.4351601,28.63354978,49.23203892
1106,1578,689.9948448,27.81900099,163.3199395
1106,1698,333.2923204,43.06757418,162.8925569
1107,1835,200.9250985,21.13631842,59.10489284
1108,1216,136.2343272,36.72101035,488.6084081
1110,1122,343.855049,71.95263063,385.5597571
1110,1502,207.7167499,30.95332525,48.87055666
1110,1284,138.8510248,83.95274276,779.7566424
1111,1159,508.5857965,69.01342105,504.5911297
1112,1557,2662.134322,35.90112382,87.76760551
1112,1346,2341.621036,72.80171333,1245.2581
1113,1507,711.1470145,13.35731615,35.59695167
1113,1267,534.7262649,54.66728116,244.9578777
1113,1297,1424.284554,21.36492045,85.25152694
1116,1164,424.3351096,27.01934948,52.35321989
1118,1542,592.6053692,47.29618238,233.8771957
1119,1773,303.3538764,77.00705166,1072.068406
1119,1821,581.4829376,48.73596033,133.2398152
1119,1749,224.5111459,38.05542252,290.3586206
1120,1162,386.3014545,55.2538117,631.4368167
1122,1634,334.8063591,35.94503097,69.43119662
1559,1122,1032.437045,69.87317815,179.1100027
1123,1315,697.4012569,244.7154292,9824.461637
1123,1300,526.3930735,110.6332192,186.2124381
1124,1326,296.8561054,63.04423549,416.335724
1125,1489,465.5974047,35.93052265,67.49541078
1127,1181,742.0186781,35.52626533,37.8349759
1128,1398,460.6256727,34.78670012,83.64537823
1129,1310,219.0246148,51.21619722,267.702149
1129,1335,722.8980514,47.32253142,89.30759787
1130,1899,124.232046,70.78907521,856.0978241
1130,1782,3705.554474,41.32303989,64.27264766
1134,1631,2341.621036,179.5753511,4106.070364
1134,1541,796.2212338,62.3344418,1171.961555
1670,1134,1387.613862,69.35811374,1793.61024
1135,1280,1040.590722,44.84307734,39.42985429
1136,1890,597.146254,31.91829104,38.07263346
1137,1769,474.2868375,36.08161108,272.7850863
1137,1757,25.73839799,17.44688453,17.63541673
1137,1504,262.598445,81.22370733,799.5554593
1140,1571,122.1942999,125.5708183,1912.513194
1142,1178,331.346377,56.2445533,2154.553227
1142,1880,222.6732767,23.00774209,79.31897061
1143,1573,253.3709515,32.99897929,104.4827975
1143,1381,949.2317713,11.25263091,28.41327461
1145,1273,547.1455093,35.06248316,47.90859572
1146,1685,1666.817721,65.37409106,62.68561437
1147,1225,583.7037356,74.0970685,598.9171568
1147,1285,1050.099938,39.65640623,62.21157629
1147,1391,273.3032235,70.59399431,396.8910324
1148,1665,517.3137746,35.71955666,655.015971
1148,1802,669.7416885,37.45503146,231.4795549
1148,1281,218.3910293,128.6012556,2232.109491
1149,1624,129.3977951,114.1784969,2286.329784
1149,1409,428.3463439,146.9668461,2049.189266
1152,1667,421.0464061,34.70373198,163.3811062
1152,1511,309.2870407,90.60986917,863.4875561
1154,1852,104.8943503,133.1693503,1128.120921
1155,1425,484.2725668,47.55940288,1003.692898
1155,1678,507.5619775,31.505505,71.36338832
1155,1721,524.0079589,51.69972754,559.0877912
1158,1382,354.6651261,20.66906186,53.3828785
1158,1682,190.2236051,12.26175862,22.12363494
1160,1629,309.8837454,51.5640343,589.3630746
1161,1827,166.9479883,132.5129202,912.0428673
1161,1851,324.4906359,34.30777862,52.24463977
1163,1298,359.9379844,33.667299,64.38373168
1164,1592,379.6559295,50.02263544,88.24798733
1166,1726,439.4701222,42.99015117,165.322112
1166,1756,434.3321001,83.11227881,1162.382891
1167,1630,220.1828316,30.11691216,217.2977767
1167,1763,518.9610531,34.72794919,174.4780908
1761,1167,667.0150371,41.13334441,160.8502089
1169,1187,510.7314006,60.81210102,87.77272696
1171,1330,685.6646955,79.91406003,137.4344261
1172,1623,880.2680957,39.19388247,198.7606641
1173,1789,784.7516748,107.7780935,798.3441723
1173,1755,516.1461434,83.21250716,1271.092313
1175,1258,721.2945621,53.00671958,603.5869063
1176,1532,136.8058842,27.60867176,17.81894031
1176,1304,183.1001312,82.94446842,425.8342165
1177,1236,193.8731916,86.23603125,624.1431885
1178,1897,398.9027904,15.85207439,19.38437256
1178,1396,722.8980514,80.29015372,411.3594553
1178,1536,215.6588456,99.6922934,1835.07805
1179,1531,231.2527297,37.49596336,91.61266425
1179,1821,75.58673852,73.30409585,323.0867952
1182,1694,280.8129592,21.26019698,17.7699343
1182,1559,267.0575518,32.04255834,146.2236962
1183,1367,169.9984921,183.1182715,8730.06733
1184,1593,294.6685619,32.59924302,161.615134
1184,1734,112.2062894,74.8685111,662.772882
1184,1814,346.3408786,27.59344731,91.30671367
1185,1711,223.0838282,39.11870714,169.4289094
1188,1770,242.92989,110.8623817,1055.020647
1188,1610,424.8894321,70.1426823,217.9160991
1188,1595,807.9075937,28.90541472,105.0543166
1188,1445,395.9190753,107.9573007,816.8661411
1189,1345,210.6821379,126.490076,5114.750759
1190,1846,146.7225886,28.20016458,66.6243604
1191,1747,313.1806594,35.78621028,243.7735981
1193,1229,304.1354992,27.91447399,71.32741267
1344,1194,248.2977713,45.39660484,59.58192192
1194,1559,314.0591884,66.16262904,537.9494282
1196,1458,657.2673799,50.5516266,169.2704532
1196,1776,271.1658856,49.74869173,209.8554959
1196,1380,252.537158,38.61399347,80.12031386
1196,1467,176.8737082,36.71082593,55.82543972
1197,1779,449.1910293,29.2774762,93.88865849
1197,1699,514.6940253,29.41700957,40.10442866
1199,1409,463.9731336,152.9703603,1421.535141
1199,1456,463.0510885,90.79860994,341.2954986
1200,1587,2064.634066,109.8567318,595.278383
1201,1330,298.3073433,63.42957033,450.8771109
1202,1271,197.1452485,44.95199822,336.9573673
1202,1728,645.8292508,50.20530946,355.5496505
1202,1596,516.6684936,88.20946426,849.6613322
1203,1480,204.3966949,21.23384633,66.48260444
1204,1240,314.1148675,26.34309497,18.18890723
1206,1670,324.9887435,83.73437148,1245.476355
1206,1523,260.254019,93.77463947,2219.396571
1206,1349,119.0059977,82.20279273,353.7211155
1208,1896,216.5947757,38.91852515,240.6792978
1208,1281,2004.171289,91.17839347,914.8836535
1209,1853,2098.285937,37.72210801,358.1658962
1209,1729,318.7366277,40.52910477,116.3464482
1209,1877,85.96193792,50.08718308,300.6906843
1210,1222,134.0039807,45.26357341,380.9585231
1211,1338,210.391956,124.4173678,957.7968706
1211,1513,342.7305492,154.4363066,1109.16009
1212,1589,600.2121493,36.85129171,172.5442147
1213,1219,606.9541362,55.23742322,202.9295227
1214,1818,702.4554958,22.41217111,30.97334551
1214,1581,271.0911536,49.55736076,475.0650767
1215,1525,67.54240776,95.57739279,690.8470461
1765,1215,454.4944612,31.52471108,86.09616256
1216,1222,216.2887441,67.23091935,957.1803824
1218,1601,119.3578063,43.68522026,164.4329218
1218,1547,212.6288749,58.35360279,348.6071178
1220,1740,470.8153398,43.79659174,342.3052371
1221,1851,351.5216805,32.19686242,65.1115187
1224,1562,423.6879244,60.09077,653.4259237
1225,1387,210.6821379,10.5653881,5.40896066
1226,1870,374.8628116,47.72613175,228.70308
1226,1898,143.2339061,31.45337271,95.48762594
1227,1638,288.2770462,47.53428041,383.3619855
1227,1615,335.6457943,56.56767912,791.4351347
1227,1292,102.5726045,69.19022606,1006.71155
1228,1878,158.8588976,91.06959675,666.4978527
1229,1348,282.9339802,42.40008129,250.6651024
1230,1547,50.76339322,51.74351609,136.4275154
1230,1304,193.0036362,48.98865025,119.1089375
1231,1395,310.3407247,110.9508198,1352.4099
1232,1882,334.8991809,95.5945469,786.6292777
1232,1887,186.011315,23.19377312,69.96311276
1232,1626,404.4053001,33.97730554,138.6672781
1233,1272,369.4815806,76.01017608,620.462441
1233,1699,371.4615824,50.69950164,150.4466747
1233,1645,449.9545,52.16845171,161.4838612
1234,1902,314.7466556,69.32115093,407.8579726
1238,1810,1064.48712,27.3240164,110.0634715
1238,1341,254.1127514,53.1833952,238.6045343
1239,1621,321.9945508,8.586566713,4.299017833
1239,1385,345.9701209,20.56553993,23.62459591
1242,1478,283.2796836,40.2598498,97.24117578
1242,1378,238.0243358,29.22891761,49.00845334
1244,1428,107.9411169,138.4088838,2273.166275
1244,1261,359.759669,63.69688294,224.1193105
1245,1247,243.267147,21.7603144,89.24990327
1245,1513,297.880416,69.40568876,2772.445775
1245,1803,316.333154,3.439491671,0.153896741
1247,1594,472.7748279,77.03427913,1826.308782
1248,1493,366.1329294,116.6470514,1428.067129
1249,1325,297.6242794,38.83923058,96.82709305
1250,1316,270.0882232,45.3940568,69.04868618
1251,1459,225.4638964,52.00406689,132.3756322
1251,1373,253.5573664,41.95160737,132.3122719
1251,1729,848.9314547,87.1894948,1415.847024
1254,1514,1155.187674,45.15342114,90.32556673
1255,1375,468.7622333,49.4309435,312.9816315
1256,1830,693.0624025,28.20634631,79.29005742
1256,1647,166.3895178,56.10032659,123.201078
1257,1322,255.5581052,47.6127228,290.1931882
1259,1658,226.8000041,26.68760009,33.35389938
1260,1731,361.6936824,79.22267455,454.1425541
1260,1411,213.9732306,35.72372034,103.2226302
1261,1572,309.5056067,28.31791481,92.903743
1262,1873,374.8628116,28.96341857,32.90779675
1262,1549,1028.549396,50.86410297,569.5058171
1759,1262,366.3130712,66.33216856,388.5622749
1262,1787,870.2509514,41.49111258,145.6326463
1265,1483,363.9071631,123.6702135,1916.436689
1266,1895,335.8573166,35.07056918,315.3677374
1267,1847,278.2390102,36.53292726,77.33135399
1267,1767,377.322866,61.91261791,285.1790372
1269,1646,42.90143123,37.02782485,277.4175208
1535,1269,669.2937082,69.32229561,620.2149709
1270,1427,566.5000649,39.18719107,157.6280531
1271,1356,1424.284554,29.2208063,52.46669484
1271,1889,578.851407,88.30208253,1148.170136
1272,1753,426.6370977,45.49901242,195.5433782
1272,1743,450.5168961,33.01673426,141.4537065
1275,1435,185.4251035,39.21557792,131.2666622
1275,1403,169.8605248,28.33251173,51.45261194
1276,1714,315.5626347,27.14073019,27.49171755
1277,1797,413.5034479,56.79742506,406.5186951
1277,1606,397.8967524,11.0124456,3.132959679
1279,1658,702.1567414,46.79146591,89.36310381
1279,1565,522.4413971,94.51191896,1941.126027
1281,1416,205.5991006,49.26217003,186.1198673
1281,1899,292.1550982,53.94462345,314.0332144
1282,1393,300.6841826,34.18230297,150.8259723
1282,1576,325.2346725,54.78596968,921.079104
1283,1453,195.793041,83.86734593,2923.286649
1589,1284,249.8987391,149.3180155,4413.753012
1286,1901,91.92910085,63.32371194,414.9530348
1286,1780,134.0039807,39.92116277,96.78940447
1286,1770,188.9808136,48.90727557,229.702169
1287,1833,353.2450586,91.42214623,416.8448876
1289,1472,502.1806243,142.4639001,1704.082062
1291,1563,477.6647368,34.05164463,173.009996
1292,1814,463.0510885,135.1588964,2209.875371
1292,1690,233.7971718,129.9523464,3004.790226
1294,1390,217.3714357,69.49951815,1265.04865
1294,1398,175.0290221,41.84474905,690.2375526
1294,1631,300.7351383,51.42191731,215.030882
1605,1296,317.0501664,72.99782653,2045.466027
1296,1412,654.9590477,40.85752566,271.964957
1297,1767,329.6185157,30.34428734,60.92813817
1297,1377,643.0859405,30.71855191,107.5651181
1297,1630,304.7013525,99.38784039,661.6523099
1298,1328,638.7054599,69.0322475,294.6114105
1301,1530,241.4176786,66.1935659,292.2473131
1301,1850,314.5977668,58.95557373,267.0958379
1302,1588,211.1723947,24.66942717,63.71597358
1302,1713,251.0210505,83.38220108,393.3688162
1302,1719,339.7840332,60.85693142,421.0802024
1305,1439,354.37142,35.33415171,151.7286032
1306,1572,330.987834,62.40854459,269.4816961
1306,1364,394.0931082,125.8878274,2716.653074
1306,1404,552.08201,51.52323646,191.9113637
1307,1429,171.0153683,45.21119162,279.074813
1307,1775,1120.459658,48.03822486,201.2318207
1309,1574,91.89183806,54.70795619,299.471181
1311,1388,81.8394545,18.07407486,38.79114268
1311,1488,69.5747415,103.6489781,2616.835471
1312,1389,181.7405365,50.40334891,225.9184789
1313,1318,371.2646003,42.36426095,229.1228416
1314,1490,194.9990325,53.24549334,780.9110169
1315,1379,177.0384233,85.8951472,1136.329089
1316,1858,193.7785227,150.6748691,2101.628211
1316,1671,186.8337053,84.90720875,542.3163862
1316,1736,372.5739333,33.63335001,77.46999339
1317,1805,532.126541,74.82103437,258.3156461
1317,1687,4881.660576,39.50776856,113.5426904
1317,1809,1642.699056,26.71106603,20.68010595
1319,1673,75.50330093,26.21230253,110.4284169
1319,1410,157.2249592,67.28128531,446.643361
1320,1439,561.7326431,73.19090363,137.6773729
1321,1770,349.7934557,46.95036563,140.0199188
1321,1394,271.4517207,70.20216113,885.3356243
1322,1347,375.1184116,21.49871762,68.25607348
1322,1361,534.061291,38.56727911,166.204564
1324,1386,159.9451335,25.82243501,39.70827199
1324,1484,196.8525428,26.01023145,28.82218442
1326,1880,988.3510182,46.4795809,662.5063383
1327,1409,504.7655711,48.0209094,311.4409972
1327,1546,477.4011347,83.88190529,393.9941149
1329,1370,332.1859822,26.99201495,178.6564477
1331,1599,460.6060638,44.99620768,165.5880545
1331,1704,154.3655441,52.24034097,343.5148656
1332,1516,54.9352341,48.77734931,114.3873648
1332,1347,375.3445931,38.30861048,57.07779238
1332,1552,208.6295318,39.48800156,108.0147298
1336,1876,597.8811793,28.51378787,172.1902388
1337,1831,204.0945777,34.12862554,96.71742146
1337,1702,351.5216805,57.18080049,550.6810565
1339,1667,465.7234694,36.76978764,67.57445974
1340,1415,631.7028019,57.92495572,1614.042484
1341,1822,595.1792172,32.64670187,94.51615389
1342,1702,275.604793,24.83259192,40.3339335
1342,1819,106.6569936,71.71328546,271.5752191
1342,1407,304.5300069,108.2997309,1760.81728
1344,1571,226.6947229,52.81043687,553.7031917
1345,1403,321.7443091,45.49828997,92.43751982
1345,1435,167.9861672,42.23795396,158.3393034
1346,1888,175.556399,26.86300713,47.63051626
1346,1854,101.8033251,58.41629796,619.5119823
1346,1360,446.302781,41.28367305,145.1067288
1349,1592,124.1066729,34.47814927,14.64082852
1351,1878,304.2261242,30.36197263,156.4429074
1352,1789,238.8379871,67.747547,155.1075425
1352,1755,668.3878467,64.83424542,1176.482015
1352,1600,160.2835448,43.28496637,314.7929847
1354,1640,93.67032736,70.68537422,160.5976373
1354,1577,390.5338281,50.11867329,112.9889325
1354,1370,165.0925261,98.09548562,577.9441864
1355,1431,271.8671735,52.0255059,244.4010687
1356,1826,423.5456655,96.37031744,302.901395
1358,1685,464.7243505,34.88585386,160.7447821
1358,1700,348.0314051,32.68728918,41.67535127
1360,1862,140.7218803,77.81723466,214.9462988
1361,1758,498.3483237,37.26963114,130.7837874
1361,1801,377.9841447,24.10436785,24.93888455
1362,1466,296.1770007,53.27241631,808.8325086
1364,1428,450.7025223,80.57665722,1719.756435
1364,1764,189.8434963,65.03203097,328.7343224
1364,1864,304.8073555,98.17853299,1251.578151
1365,1759,271.236828,31.80861268,200.3072458
1365,1787,656.4404604,88.59996292,754.8337896
1365,1829,755.7504979,29.88318609,44.36848077
1366,1631,2064.634066,108.2218847,2415.97697
1366,1607,81.32587157,59.46414602,165.6487795
1368,1400,342.4038846,20.81520573,99.95059718
1369,1489,359.5288499,63.26801374,306.4250341
1372,1768,623.992146,82.91665301,611.7546841
1373,1853,240.3744119,54.29926353,497.5533002
1374,1643,245.6525398,51.47702135,125.8882206
1374,1395,343.1122796,144.703234,3102.201195
1374,1622,674.5268534,44.8138796,118.0050222
1375,1383,364.9657052,89.84361848,297.1792813
1376,1710,375.3284333,47.87917206,388.1775676
1376,1698,75.00261237,76.30866598,1311.471593
1376,1897,487.6965485,93.03139427,1902.8505
1633,1377,491.7983331,38.23224179,248.228367
1377,1417,314.0591884,25.02468778,258.4585328
1380,1662,425.7217866,30.93570561,138.0678002
1380,1708,303.9309738,31.60776789,72.62386862
1895,1381,422.0271828,70.78072693,1816.995937
1381,1585,676.7044028,47.48825656,365.5137753
1384,1424,247.6028455,45.47988658,242.2677771
1384,1718,337.3277172,107.3739669,724.3010641
1384,1635,212.4484364,114.1205027,949.8182822
1384,1804,275.8889193,51.19236473,600.1534719
1385,1579,369.8359877,42.51127826,179.2746735
1385,1444,341.6175937,27.30025942,52.84103486
1389,1684,406.13416,63.68317686,514.2444913
1390,1565,505.40604,47.95719949,215.4869413
1393,1465,376.1813593,23.49978433,25.29648293
1393,1441,729.2562404,60.43945322,282.2419647
1394,1649,433.4131552,46.63200413,393.7236603
1394,1583,275.4933795,100.6233732,1068.671104
1397,1510,170.1882618,21.12164336,81.10707345
1398,1616,1974.658957,45.11699699,258.1338808
1400,1790,1808.60053,13.32913715,11.99152919
1400,1750,1278.074796,72.26540361,476.1825412
1401,1763,354.37142,27.00720563,76.85949995
1401,1405,301.6235329,31.37922403,69.37177265
1401,1797,372.3959911,42.2350209,94.15784489
1402,1553,315.5116221,51.02049775,361.7513966
1404,1695,412.5236789,78.6707859,261.0392579
1405,1648,366.1329294,39.19216157,157.2456286
1406,1688,306.0025953,29.34412983,31.53369063
1408,1587,440.927846,34.45759937,255.260254
1410,1688,477.4011347,30.92774522,24.66544266
1412,1482,337.4581364,64.55640315,494.4139367
1413,1857,232.8213646,43.4184774,97.00410287
1413,1483,154.3655441,52.97314434,259.0994221
1457,1414,615.4954361,90.89700443,442.3463588
1415,1427,242.7171832,21.2220571,127.1471421
1416,1503,381.5498789,63.97998598,346.5314938
1416,1899,78.45539329,51.99094283,136.3304837
1417,1763,228.3359391,105.0826376,888.7271092
1420,1840,99.71412546,29.68946516,54.7752594
1421,1809,528.6883345,31.68922187,72.55798302
1421,1687,306.7072386,52.15622428,329.0212073
1421,1879,388.4226488,20.94621702,5.467928189
1421,1773,172.3704069,25.21575668,36.20853633
1424,1461,21.65960939,80.958499,1066.43055
1424,1455,359.759669,63.97249215,948.0421637
1424,1650,144.7023406,88.65779325,1912.232761
1425,1687,174.2971345,55.61261025,630.1421531
1425,1879,521.1901335,24.68592967,62.04461269
1604,1426,298.8760278,24.48794267,40.82738578
1428,1482,616.8493952,63.06734654,361.2200683
1429,1861,455.0400788,49.65827849,233.6228313
1429,1672,265.523103,47.58200108,222.8827155
1430,1598,63.4009281,88.36404687,831.713301
1430,1634,1055.858964,83.45162012,399.8121568
1432,1780,333.4956767,79.91265249,822.9195668
1432,1900,451.859148,90.95067264,1874.732456
1770,1432,173.2564684,50.37476602,193.4812855
1433,1600,424.9001471,25.38100164,75.279858
1434,1556,225.8665103,83.24886187,549.9304421
1434,1592,270.8857278,34.04926877,124.0015878
1436,1536,228.7977051,66.45039052,317.9703272
1436,1800,252.4558637,203.2103256,6698.763597
1437,1815,243.9825856,58.5256783,345.263882
1438,1691,267.747214,32.75679963,49.98508361
1440,1494,556.4354364,55.70116912,288.5659972
1440,1794,377.6218647,41.21686772,374.0426972
1441,1576,305.0422449,47.31493057,161.958669
1441,1498,308.2651033,36.46296454,89.24766987
1444,1618,559.1429178,29.50321535,105.2379826
1444,1660,290.1588737,78.26719556,714.0351603
1445,1583,222.4742108,34.89720445,226.382854
1445,1601,590.2740786,46.63827042,151.9342728
1446,1554,248.8159216,61.31764826,279.3853536
1446,1842,441.1701308,29.0657905,50.58412438
1507,1447,379.0823482,38.80051273,163.0331465
1447,1525,279.4987668,21.26293107,70.47468052
1447,1633,544.689017,14.13310153,22.75227999
1448,1655,163.8130962,79.79340481,1147.372955
1448,1589,178.9006734,38.8822252,201.1664788
1689,1449,1083.740058,76.26110913,559.0972277
1449,1452,1155.872922,51.88922793,234.4894154
1450,1501,608.6966974,8.974770986,8.613249686
1451,1607,544.1833197,90.03938305,453.552369
1452,1617,195.336973,45.39864316,208.8184205
1453,1791,229.2882337,31.84624771,276.4663015
1455,1720,179.2475238,86.69424729,2630.798695
1455,1718,262.2700241,39.04286312,250.5394657
1457,1481,249.2431119,23.49501852,59.47873825
1458,1772,367.8985108,49.36157039,618.9002556
1458,1892,251.1476902,10.05401479,17.8734054
1459,1871,315.2514771,30.81894651,33.00972897
1460,1526,324.9887435,36.48058811,91.34763517
1461,1596,223.5427685,49.25952905,138.157411
1461,1852,254.0327086,90.48222534,1364.19599
1462,1725,647.0811089,22.49056244,34.43221835
1462,1543,365.6032421,115.9977632,1841.148934
1497,1464,75.00261237,53.96654014,224.8744521
1464,1716,335.3455183,33.22129211,106.1495285
1465,1618,269.0147901,18.79640051,33.60178953
1466,1613,571.5129566,34.65387413,111.929675
1466,1601,471.1184585,79.91210705,1153.51527
1466,1547,150.4000447,59.92733306,330.4567832
1467,1708,324.1581262,32.82478458,114.8463182
1467,1680,181.1259665,49.53408494,242.2546851
1468,1857,223.2747683,39.67293298,210.8035807
1468,1483,404.4053001,65.1017797,208.3714225
1469,1760,201.5531308,53.28184233,469.5458272
1469,1649,270.1366188,43.80854992,211.4367715
1558,1470,284.5999273,127.1788413,3900.691702
1470,1584,91.61178266,110.961034,881.3517671
1470,1838,303.9795021,22.27247523,57.98110347
1472,1700,391.8038404,61.26706395,202.8769804
1473,1802,187.4831483,36.92160138,115.3943485
1474,1783,295.3729134,60.07073826,452.085874
1476,1748,297.4542591,63.33554048,146.0018104
1476,1870,496.9689526,54.64778982,217.7462536
1477,1597,224.8101062,17.38900116,19.71034932
1477,1825,322.7140496,34.22140014,189.0318318
1479,1818,284.2564098,44.94595176,116.2667793
1480,1567,233.345313,42.40968293,149.9475283
1482,1836,322.6038876,21.58232777,31.01900852
1484,1586,179.3469999,33.18602969,76.85998258
1485,1866,472.9959756,57.28395462,490.1018597
1485,1653,164.488574,29.46642999,85.28884958
1485,1720,215.9173046,57.93661228,915.9670783
1486,1741,415.24228,70.08482222,1095.188561
1486,1696,199.5338827,12.15428187,25.67064325
1486,1588,694.7491539,61.81996737,1283.882771
1487,1655,902.1082005,65.97645604,166.9877717
1488,1509,350.1370834,27.78244312,93.03761283
1491,1774,400.5904883,17.94867356,43.24462877
1491,1748,406.1750909,99.86757251,1003.886789
1492,1693,174.8335651,17.46940571,65.62713618
1564,1492,523.6733744,41.28157282,152.7532639
1493,1577,287.5102115,56.2878694,251.1872564
1493,1517,1101.767362,16.44099725,18.68805839
1494,1548,393.0982995,26.41423856,98.51513492
1494,1551,1027.354652,29.15580623,44.50386341
1495,1561,290.1588737,46.76967297,551.9654504
1495,1666,668.6211778,25.22720787,89.79826549
1496,1499,575.2355721,41.5702707,180.499289
1496,1694,239.0985736,26.26883734,137.8389712
1497,1656,217.7945999,26.97806699,152.5012501
1498,1881,337.045093,18.98610039,22.96219459
1498,1769,188.7577564,40.492264,267.6831169
1500,1782,120.9532605,99.94227491,805.8024684
1503,1802,397.8707718,131.3963407,3422.321172
1503,1524,262.379839,15.16857551,58.82933893
1505,1619,414.7367588,36.454906,137.006588
1505,1520,230.6699168,85.31504271,606.3409117
1506,1816,57.21044854,46.43465972,203.5290788
1506,1518,126.15615,55.98875024,350.6991599
1506,1754,208.3369127,30.71881227,107.5124245
1506,1776,225.730256,91.98690498,736.5868869
1509,1545,361.6936824,49.32271609,195.2277532
1509,1728,187.8626283,145.2565154,4699.238672
1510,1692,158.8096179,63.14766688,780.4971587
1511,1544,494.4236049,34.66854701,155.7780027
1512,1736,564.5744045,59.91751327,672.5249988
1512,1816,414.9188463,54.03822391,1487.390289
1513,1791,214.0170429,102.4587711,633.7989199
1513,1785,188.531461,125.6098194,2939.203723
1514,1676,711.1470145,79.89668723,623.343031
1514,1556,501.2274043,94.32869656,467.082414
1515,1718,1364.032136,29.8832477,66.05305026
1515,1686,662.8742857,46.99494614,420.9511866
1515,1804,127.3342456,46.64255385,122.551113
1516,1627,227.0412404,44.53384537,110.931597
1516,1606,334.3350153,31.86324517,72.63834058
1518,1632,1083.884355,28.08621642,39.88744546
1519,1713,86.37263302,50.76565864,119.9185529
1519,1719,468.1656135,63.44393312,1569.540284
1521,1898,165.7847642,36.45737672,105.4418934
1521,1661,680.4449547,94.1880187,650.6644142
1522,1793,669.4787115,12.72217552,0.257213793
1522,1735,351.1958333,15.02693767,2.802672045
1523,1556,905.2748885,114.46096,1253.35595
1524,1876,332.3058084,18.0006835,69.04574319
1527,1848,211.1723947,58.45289712,327.6071922
1527,1746,233.345313,91.63305636,406.0072414
1528,1803,308.2528451,33.55789412,220.1546554
1528,1855,360.8360859,96.41890754,1472.768629
1529,1700,146.3248441,60.84616426,306.7591214
1529,1679,217.7667406,49.88432676,619.2406211
1530,1883,150.5741881,49.6286752,637.9484235
1530,1892,435.7195761,65.85262448,1501.225582
1530,1742,764.6463941,41.71231036,136.2443219
1531,1749,616.8493952,37.48775331,130.3514402
1533,1632,333.3095775,29.03728987,23.40389728
1533,1590,634.8676795,28.84571003,37.83920244
1534,1741,528.1202201,41.86290524,249.4889917
1534,1733,330.3261364,54.66445217,359.9446414
1535,1559,213.3433206,102.2486643,3040.334241
1537,1543,208.7901995,49.36297246,438.0381922
1537,1859,217.9040005,34.70794099,62.53342936
1537,1731,195.8858017,21.95072975,61.16841181
1538,1616,192.1580615,21.53402515,55.26396211
1539,1786,201.2208564,60.95225659,324.4767448
1540,1666,185.3371688,35.02275683,121.4774707
1543,1743,472.1494252,30.60179879,92.42066517
1544,1667,529.6169379,82.02634147,98.2520558
1545,1764,301.2333071,14.04188369,15.07914853
1549,1869,200.2972941,37.24401809,71.102463
1551,1794,415.1675606,99.73538505,509.6695811
1553,1562,300.1522734,43.09931486,497.9466185
1554,1822,535.5904369,34.39021871,507.3589137
1554,1796,289.0479444,44.47078086,352.5057193
1555,1775,657.2673799,41.75792393,99.58455557
1555,1749,1073.645512,58.5780986,180.9908679
1557,1762,356.5411024,35.16102467,60.41575015
1560,1590,268.0395683,54.55541545,166.782251
1561,1789,783.4679732,62.87950447,205.7826808
1561,1621,2259.420999,143.7464707,1897.390211
1563,1823,910.1111512,81.7883497,482.2568606
1565,1568,835.7274091,45.86423432,240.395296
1566,1902,89.68328444,43.13869908,115.5931589
1566,1858,517.1541842,52.29752675,586.7541821
1567,1612,234.4148446,33.11718572,42.05215466
1568,1658,287.772369,65.45381663,54.1411876
1569,1784,90.72935611,55.66678031,1090.471898
1569,1796,197.435632,38.46114293,251.6347514
1570,1624,454.7658268,44.28397172,197.1713528
1570,1871,560.0473473,59.16397255,191.8477371
1571,1646,467.2752251,57.63861075,399.4378158
1573,1765,205.4299773,45.14992686,102.6199511
1574,1661,80.09770767,25.48192116,82.53017727
1895,1575,164.2400227,41.35843318,149.3308113
1575,1611,295.9341185,22.95201127,22.92198446
1575,1724,2310.763389,24.523668,45.07758096
1576,1769,540.4840577,30.60560005,184.4508839
1578,1680,422.0271828,34.09802585,215.6926244
1578,1830,1347.101366,75.29114168,336.3331661
1581,1882,262.0547376,78.69223287,486.2181267
1581,1626,242.5459691,67.52016299,1269.535901
1582,1807,403.8751156,23.85295449,100.8016954
1582,1869,170.4962728,50.48990088,349.5443105
1584,1891,414.7367588,6.634876319,4.249150276
1584,1810,285.1267412,31.70356024,135.3476735
1585,1611,291.1754312,26.23991014,95.27510374
1585,1867,240.8326967,56.82224996,970.5751854
1586,1670,231.5828176,87.57294232,1449.537386
1587,1788,151.5351911,33.55777366,54.82331309
1587,1752,490.0332574,12.27254809,29.94771444
1588,1733,270.0633943,122.2321041,2580.099197
1590,1701,106.6569936,33.25998518,151.5959509
1591,1681,321.5269798,57.32346342,203.7074084
1591,1735,117.2556025,17.36238066,43.49278642
1593,1756,312.6233832,43.31488117,467.341025
1593,1638,207.7638298,29.54454733,42.790721
1595,1652,499.7699857,26.77109865,39.77760624
1597,1787,372.02162,29.03272372,112.8256512
1799,1597,450.5954272,166.1820721,7963.737153
1598,1694,450.5760534,25.93228773,82.49422054
1598,1634,332.1859822,94.27640608,1808.860257
1599,1806,477.4603998,51.73433711,204.5644992
1600,1666,220.676996,34.81951818,273.2280779
1602,1708,273.1858841,62.87640625,736.6316594
1603,1727,255.4761167,63.50283781,582.688622
1603,1654,90.08936031,54.16740719,268.5434242
1606,1711,262.4651613,35.67142748,69.32386824
1609,1761,160.9066087,42.34493032,115.9785323
1797,1609,454.7658268,37.63209901,84.08129075
1610,1900,490.0332574,58.4437479,1388.56421
1611,1716,304.7306833,72.79164865,401.4619897
1613,1697,139.940451,98.02615928,925.5523686
1615,1807,316.9223562,80.12534177,195.3061407
1616,1631,429.691581,40.74689524,128.8062845
1617,1891,273.6748765,66.15805254,629.9862594
1620,1662,280.8129592,44.25311393,265.9291021
1620,1706,286.2638424,44.90785924,152.7732485
1623,1786,345.0539638,12.00842772,13.03657036
1625,1652,319.1842578,23.63156103,35.26884709
1640,1625,723.4211976,40.07045021,97.65301688
1626,1665,349.0634894,60.51285731,86.4124481
1626,1812,322.7339702,63.0635447,1209.977713
1630,1837,255.4251042,39.42892655,333.2190453
1632,1754,146.2787448,62.13522993,438.8133782
1633,1765,240.9005755,65.99468074,417.5559604
1634,1676,363.6314208,41.43815034,144.8016449
1635,1650,361.2263483,48.89571686,237.2308425
1636,1771,390.5338281,70.37223992,706.5578629
1636,1831,140.9939866,35.91563376,237.7707805
1637,1682,486.2760089,33.7842305,282.0347332
1638,1792,244.7618757,76.95628695,251.3881425
1663,1639,643.0859405,21.80921555,23.21566273
1640,1664,306.7072386,26.86248029,27.36666359
1641,1897,303.0450021,153.452555,2107.987011
1642,1813,240.825324,36.927096,385.8828041
1644,1752,366.1673566,41.12758254,526.4785711
1644,1865,260.4852653,58.19094015,388.5627337
1645,1743,340.1581551,86.93731075,1202.080474
1645,1725,1281.228384,39.2306921,110.0858705
1650,1852,249.8987391,74.83434695,366.9750133
1652,1664,592.1419628,34.3647246,93.31675062
1653,1840,308.0733628,66.53487262,404.1784085
1656,1712,134.537117,35.88325045,137.0467505
1657,1881,332.603298,41.44280688,436.6697969
1657,1693,352.7578063,114.7675536,1193.321226
1659,1902,81.8394545,60.94243282,280.9085057
1660,1751,694.7491539,66.05276892,259.053247
1662,1776,204.7040186,34.96776002,90.69953857
1662,1754,142.3240728,73.70113057,491.3994167
1666,1723,311.4766587,96.3000807,2289.550804
1668,1683,581.4829376,30.22380419,210.9899048
1669,1843,845.7654619,69.9878002,430.1832784
1669,1789,550.2045592,66.13579681,510.5743412
1671,1683,355.772862,46.43650397,227.9287768
1672,1775,905.4421895,51.19456213,211.0701348
1673,1697,1628.943577,35.28434123,61.93218393
1674,1894,949.2317713,28.99760531,93.26373175
1675,1743,585.4915921,42.91486051,187.2900245
1678,1811,340.2725957,56.48616359,154.6981386
1680,1892,1027.908899,54.01365927,294.7495111
1680,1742,186.763222,66.95612699,458.1719071
1681,1721,681.411241,73.53043752,952.2219385
1684,1741,214.165958,93.64698045,2764.820258
1686,1893,879.7321326,34.9424576,434.6573795
1686,1746,609.8074011,29.9689667,52.70267936
1689,1704,313.4265779,33.24720926,66.07387243
1689,1832,150.8525007,37.85819399,129.7312884
1690,1759,469.8656346,41.72010684,160.0422413
1829,1690,361.1951487,58.46666625,321.1323479
1693,1863,1564.535366,32.10033166,53.79182939
1695,1730,363.9895721,85.07905461,687.5237003
1696,1833,498.3025608,19.06162872,53.28411146
1699,1725,579.5088314,27.83725179,94.78100311
1701,1754,794.1630163,58.49060891,226.7873629
1701,1706,364.4378115,26.88837365,46.72855403
1702,1707,345.9457422,26.57035645,46.06008151
1702,1715,175.9906607,55.62773314,162.0588041
1704,1734,158.4023268,16.13432023,38.37533316
1705,1711,264.1038789,36.70157638,156.3627578
1705,1753,184.4806029,37.99932897,186.76559
1707,1831,337.7534872,55.91860095,268.571335
1708,1830,445.4054304,26.03228739,19.01284531
1709,1737,357.842533,14.19020915,21.40371532
1709,1767,293.2852593,54.38240973,379.7577781
1710,1844,351.5193312,93.29119764,954.9363434
1712,1778,200.2972941,19.65158254,39.01977978
1713,1733,228.0938735,54.1499494,674.8851234
1717,1845,233.7767717,29.14193019,190.4691229
1719,1843,275.6198388,43.027596,226.023282
1721,1849,228.4788358,47.83639372,134.0011135
1721,1839,163.8579231,54.2909176,178.3341217
1722,1740,227.001576,47.40745842,215.1664266
1723,1771,213.4734975,54.46969854,359.6781242
1726,1886,158.4659146,29.9681678,68.72970509
1727,1755,459.1449638,71.28451205,963.5466697
1730,1864,721.2945621,44.1466692,160.8692847
1730,1901,337.4581364,46.32683794,301.8215774
1737,1795,477.4603998,19.19060516,41.18061971
1738,1896,289.5094766,54.39973753,480.8717491
1739,1757,208.1659213,53.19507479,1282.773273
1739,1863,260.6296374,32.3122117,51.48796733
1739,1841,100.8865184,51.30857069,346.6070121
1744,1850,122.9169129,31.35550263,46.83761253
1744,1844,172.8914334,35.85005567,37.7150146
1745,1769,586.5620605,32.15264074,194.739056
1751,1881,465.7234694,35.85711559,139.3826428
1752,1801,400.3333842,48.96674988,175.3721356
1755,1805,366.1673566,82.58452017,447.801164
1762,1846,243.0296828,28.33842087,22.96681949
1763,1867,367.5642411,22.56433936,221.8598272
1764,1836,229.0295232,51.29682919,217.8625461
1767,1837,308.8625764,112.8709627,1449.413404
1768,1872,256.671606,54.11083343,128.7031004
1772,1868,68.50174549,76.16066946,472.6555363
1772,1776,397.9340822,46.32320149,294.7563215
1777,1807,145.5642076,82.32772719,458.3858954
1777,1817,496.8374106,157.1030656,3551.192396
1778,1848,160.6231128,30.15568519,96.71977605
1779,1801,444.8392557,21.55862179,48.1230216
1784,1838,309.268393,41.64787971,409.1991541
1785,1791,252.9388909,68.17704195,503.4979269
1785,1855,375.3445931,52.94037709,449.6164021
1793,1839,460.277135,12.60308604,7.08564861
1794,1898,428.2885069,35.237156,81.50606077
1796,1842,360.9261362,65.17569438,374.4808757
1798,1890,325.1001459,59.5065204,192.6575933
1801,1865,155.5899644,38.78491542,405.8342338
1803,1815,578.6141626,30.77413793,23.0981644
1806,1887,320.8454199,65.54792963,344.9214903
1806,1812,224.1284404,49.1931305,308.1881177
1806,1832,317.7348058,68.80759911,768.1461229
1810,1838,326.6158913,86.54056316,2026.302708
1810,1822,389.0715425,33.18703057,369.8439319
1812,1896,271.5578782,41.54100198,212.6731657
1813,1837,491.1197448,55.44679038,551.6598903
1818,1884,573.0752289,31.44322831,159.4865335
1820,1850,225.2335121,77.28221994,1421.93811
1826,1889,406.3058076,42.84723796,376.1950914
1832,1896,316.6144048,40.79346454,273.8836471
1902,1834,468.7622333,35.01343389,50.79086398
1834,1858,801.9624447,37.19486449,49.21095297
1840,1866,536.4405259,38.49767608,174.5699984
1841,1859,391.328738,17.9389004,73.59335483
1842,1860,351.0632951,29.79591557,84.30278226
1844,1897,133.4917396,45.70205745,310.4313049
1848,1893,628.9813301,20.34982498,70.60368422
1854,1862,316.8667279,30.68682375,73.92982142
1854,1868,304.7013525,54.7046668,990.031894
1856,1862,343.5423865,36.32819106,86.05146948
1868,1883,424.2016114,52.23419648,543.5492031
1869,1873,409.8056342,71.9192729,296.493421
1872,1894,270.5399741,43.12414833,138.817663
1878,1885,422.1491944,85.22242568,2879.597676
1882,1884,269.0147901,59.66971866,265.1409604
1882,1886,337.045093,96.11339904,1031.231378
49,1,231.2503812,196.4606846,13810.78078
65,1,489.8710869,84.79069955,1657.676865
17,1,223.728578,149.5225682,5604.368934
1289,2,367.7027492,123.6933948,1647.421423
312,2,174.7956832,78.41796375,1130.748718
19,3,245.578267,148.9708585,10835.3178
50,3,124.9885857,261.233137,8802.082967
35,3,465.7265379,434.7852227,22927.35906
67,3,349.1433554,314.3537193,15755.98433
743,4,479.7478001,251.1882857,8441.126039
128,4,90.08936031,152.1123844,1536.615737
20,4,114.5981634,65.96265843,178.47485
52,4,255.3918375,423.2669686,21316.63683
409,5,280.4339864,78.1581426,281.304922
656,5,457.9102345,23.60147223,23.02470669
196,6,348.0314051,22.65935585,61.19406239
621,6,290.7659296,29.32425548,174.776256
902,7,198.0154805,21.32888418,32.28359028
727,7,331.9627717,20.40163215,21.02920386
212,8,460.6256727,73.29936672,301.5252534
423,8,534.2055542,60.89485889,77.22328661
367,8,436.2835308,79.0657444,594.5784025
342,8,187.0601788,89.87376804,872.8911454
917,9,623.992146,43.02845353,111.7086459
889,9,181.1259665,79.70440221,467.7967848
488,9,460.5331752,47.31308274,259.2421161
1768,10,427.0568548,45.91928408,290.8392719
1473,10,201.5531308,26.56419208,35.16701642
1674,10,160.6231128,51.66248448,137.6235727
1654,11,309.1482962,84.23528965,1319.719909
793,11,278.4213024,70.19427683,686.1509877
1066,11,228.4313563,56.67199738,144.6152848
216,12,361.2623371,32.15624322,54.7644522
581,12,181.6454605,32.12904042,22.80131018
29,13,121.5546234,90.40200513,881.1367981
384,13,312.3035886,179.2128157,985.9367518
91,13,445.7206334,36.56848235,63.46806844
794,14,260.254019,39.89908788,102.1692239
739,14,329.2493272,56.90448936,456.3407469
204,14,415.1675606,58.986381,407.3518001
1217,15,126.4427488,58.98325816,781.5554365
764,15,240.2172069,113.0391497,3720.00757
610,15,144.7023406,87.1042068,841.2868115
337,16,378.6825966,71.39449125,851.8308233
311,16,512.2641865,45.01247943,118.1259694
164,16,501.2274043,171.973345,7277.784338
81,17,1292.936406,157.2181978,6107.303498
179,17,176.7870752,157.4266773,8922.480011
221,18,247.4270666,106.9800109,1824.060234
66,18,494.9595688,271.5420853,17762.65051
50,18,565.813551,61.54952125,333.3104147
66,19,536.4405259,76.53556463,788.957552
460,19,272.1732689,193.9494194,2493.56749
128,20,425.4607447,148.5349339,1111.323931
433,20,295.5676572,181.5874445,3032.248236
36,20,410.3207952,209.5501051,1216.089687
467,21,360.1340311,161.6955482,4334.978927
83,21,512.876548,115.526812,4243.443049
458,21,406.1391091,106.8705125,974.0163408
1164,22,300.9568503,47.15331904,186.759979
1655,22,542.2734733,81.95603337,482.2523549
1371,23,237.8331989,71.58961507,640.8104781
1367,23,290.8620661,30.05456436,248.6943643
1231,23,335.3540978,103.9541571,1192.589339
290,24,259.5193221,50.34198566,117.5039634
390,24,416.4919821,79.67901704,142.6457948
156,24,534.4137894,68.34441073,89.63267856
744,25,307.8154888,41.46353358,136.0183135
1022,25,1364.032136,128.5116507,2487.358792
713,26,963.8684522,42.75599033,139.8738101
1862,26,259.2004389,38.11990017,107.4437726
813,26,562.2667658,33.15429695,101.5111865
1301,26,138.6576128,50.84450385,234.9148103
1080,27,118.5706484,20.58284522,216.1986357
1817,27,133.4223073,11.47551974,24.24260155
1799,27,536.8307915,10.99611765,19.5121628
1696,27,288.1881173,34.954938,452.2348037
44,28,362.931564,74.56378608,267.6411324
333,28,248.5542772,138.8123482,1820.365829
359,28,263.744653,255.1095629,8721.332583
635,28,205.6968116,87.47843286,826.5357116
119,29,534.2668117,96.19500945,1257.973286
230,29,187.8626283,151.859207,2526.894315
763,30,383.5315126,65.66517923,711.3600916
1060,30,493.2938712,47.50230714,537.6678389
457,30,302.3180211,87.7317089,840.2835972
564,30,421.9323369,53.24246347,745.7381729
655,31,271.2508903,34.00692974,57.72901454
484,31,265.6652349,40.78410458,101.9322206
1127,31,276.9563468,61.65179145,48.92231561
64,32,653.154712,45.38986402,82.61798311
337,32,471.8861878,50.13342288,96.84977106
285,32,257.5711587,71.12368536,216.1067901
733,33,334.6260569,395.6869001,60660.48155
440,33,238.8379871,303.9060392,86922.32603
65,33,775.2590556,183.390182,7504.9937
166,34,277.7837356,21.38758717,61.32976982
152,34,496.9226817,95.15529626,2699.32553
82,34,671.3528571,62.15750342,424.6049179
194,34,124.055725,63.60244409,408.2089772
751,35,307.3229515,345.2497818,7193.235684
51,35,135.5061889,300.4849965,4512.242913
68,36,290.8412154,276.2485947,2194.547049
52,36,111.7340762,296.2396107,2220.885973
387,37,168.94426,57.2885176,250.7988136
566,37,273.2214511,57.89056924,544.5182209
674,37,273.5937563,40.61139965,424.2474209
1212,38,292.1117815,56.94421827,569.535279
908,38,353.8926153,36.03597711,159.1113011
803,38,89.3986355,114.4222494,1148.698225
595,39,208.5423581,63.32959168,681.3061094
315,39,131.1495224,266.4974895,16783.19334
825,39,350.1660614,112.9757189,3745.290041
412,40,176.124342,83.31082623,630.7917143
390,40,444.8392557,73.43168186,332.170683
156,40,449.1287667,94.06833317,216.0348016
87,41,240.9005755,46.55403087,320.7170305
143,41,373.9964236,32.08933917,155.9963795
833,41,239.2014238,23.02335672,69.37546332
799,42,252.537158,117.6872244,1122.204157
953,42,161.5537713,40.23286219,230.4577507
1112,42,210.06636,34.6180867,125.9179428
1877,43,598.7199941,43.58882807,287.8832436
643,43,365.7887633,54.62472343,1073.619286
1173,43,324.7603541,76.96916044,996.1289738
1727,43,344.7425771,48.26983428,382.1499399
202,44,638.7054599,58.2987762,191.3998417
572,44,512.1917406,123.7314722,821.3129859
269,45,558.2127839,77.37726171,171.0550716
715,45,268.7515305,125.8650315,536.2921761
1252,45,287.5339652,45.63854904,53.9352514
147,45,301.4362171,55.32083067,292.1959871
739,46,250.1177755,37.40013701,23.46773957
204,46,138.2294114,24.35033489,35.20739879
1046,46,270.3514961,19.19917772,14.62507522
1246,46,333.4956767,18.73699237,10.57204127
914,47,494.9595688,35.54270583,32.60189494
1026,47,402.4217299,43.63221979,33.48437251
1121,47,165.6061356,18.53489817,24.84286093
206,48,201.99432,144.1625279,11625.46445
233,48,546.5316574,81.64828479,611.0079017
151,49,1360.418285,141.2017013,5269.789964
81,49,478.8591703,122.5786848,2533.439669
325,50,168.94426,31.44993172,82.54877043
52,51,63.05385226,101.7117355,404.0131824
67,51,124.0511176,488.9251871,4991.271908
665,53,488.0924974,185.0265389,3906.615413
449,53,304.8576438,25.92382671,61.15855758
300,54,617.9361295,131.4427264,2649.721888
223,54,507.5159509,23.63313176,14.70113926
1418,54,209.2367022,54.42912797,103.093528
943,54,348.2928019,104.6899032,1153.956683
1111,55,193.8310893,33.86044993,103.9303413
1243,55,1087.243613,61.30866701,367.9493225
881,55,424.4185627,39.00020223,144.1164611
198,56,270.3876214,44.8760906,147.0204566
170,56,242.5459691,56.64115372,214.5421253
861,57,326.6865222,7.407099222,18.36626348
897,57,190.1381143,187.3481726,3101.542698
1629,57,216.6409876,34.90982861,136.2212694
819,57,188.3873173,149.3710537,4278.59946
1372,58,295.5676572,74.39396263,321.7641702
1665,58,668.0776837,23.50476887,35.76541791
1473,58,835.4650817,69.91989193,217.4159315
1038,59,364.9657052,28.9309298,81.60787222
117,59,905.2748885,38.50278545,256.4850737
472,59,280.7455374,67.41984433,1533.989054
464,60,198.1395557,68.38571776,1006.66143
599,60,143.2339061,83.4441367,3593.659164
307,60,192.7918389,183.1347652,4595.477951
256,61,308.7220713,46.23900202,86.11517913
190,62,246.5623188,41.22126878,256.4769682
344,62,208.5423581,32.42980894,95.64000133
362,63,338.1936844,44.13324923,351.476382
1040,63,237.0402654,37.93347814,99.08140704
764,64,243.8490966,90.94210941,584.8265884
298,64,452.4942728,75.98000347,473.730231
673,64,162.0293732,66.9981412,122.279558
109,65,119.7730366,258.1308424,12484.05993
312,66,325.6090627,79.88396961,336.8589716
138,67,340.4914895,245.6970791,1693.629543
401,68,305.1985315,226.5884357,1465.900906
251,68,437.7910577,290.3798593,1497.141304
261,69,299.4921877,24.49449296,28.03502071
391,69,1055.552618,140.1027738,1603.44269
476,69,168.8362632,111.7576869,405.9054028
1410,70,623.1866319,26.59880101,41.99969961
1673,70,1429.612616,83.05038672,689.7068241
1628,70,288.1393449,56.05764112,226.9344204
992,70,333.2923204,39.82190485,187.1213316
1423,71,444.6049052,31.9593154,337.4065599
1419,71,311.8389865,56.34867706,455.6009046
1379,71,619.1076603,55.04206256,301.6797539
198,72,282.9339802,76.726317,1383.008953
277,72,189.8434963,53.66331126,151.4372928
423,72,431.2349607,81.29333696,218.3767576
368,73,629.8633935,18.63055502,16.92854227
1172,73,330.3942817,37.53539618,163.1932527
1396,74,227.0412404,35.07661033,42.52967258
1874,74,369.6031152,40.54007395,65.71216375
102,74,561.0544808,79.73194005,1032.557262
778,75,285.6313402,80.02153185,567.5060173
535,75,347.7028268,46.10588206,164.4785227
730,75,692.1685752,58.85338284,224.5847955
394,76,207.9239017,41.102514,55.17717506
255,76,228.0972339,59.94649198,690.2721947
509,76,637.1693347,94.27394462,774.4968464
689,76,266.72183,49.37949196,271.5410414
282,77,2187.141314,228.2601777,17817.58603
395,77,86.55318403,193.3527351,8416.791439
910,77,1642.699056,272.2254975,7552.50194
1032,78,224.0604964,28.50577701,75.63527247
927,78,296.0129091,10.09480004,30.02256189
474,78,237.8331989,18.61864585,30.88948205
1067,79,275.6198388,37.73685852,684.335142
205,79,202.1136228,125.4221637,9696.943063
1268,79,220.9728617,90.02672967,1798.557824
740,79,1018.022413,39.67205803,128.0162157
324,80,247.3664703,93.66767652,727.6250351
136,80,370.3952835,174.2737143,7841.851844
123,81,531.3212946,169.0789091,4700.736551
96,82,361.0762485,80.12823675,651.9584385
312,82,544.1833197,151.7844242,821.2555388
208,82,55.16065751,88.56949621,887.2303895
656,83,265.5468273,40.93172471,297.206759
494,83,283.9259829,32.43793247,116.2247112
1487,84,262.4651613,89.04139662,558.1271717
803,84,349.5513005,83.23699032,1410.708631
1407,85,187.4754102,51.46258709,283.1312683
1021,85,260.2348094,58.97689673,753.2159556
1201,85,223.5427685,71.98473445,1345.524793
170,86,329.2493272,131.1316039,1723.314923
212,86,351.9052814,61.35382313,105.9700124
329,86,331.5724099,68.25421541,958.7764703
316,86,300.1522734,192.6473713,2823.170502
356,87,243.267147,39.97616974,87.59961663
973,87,79.84547441,27.09496636,21.34794037
213,87,193.3663786,67.45691717,298.2540706
1762,88,287.2852446,28.22530988,43.0190588
1190,88,133.0660216,27.55742264,28.80627632
570,88,264.9908061,23.541801,52.44977139
1453,89,248.8807678,102.4992751,1246.467444
404,89,163.4086438,58.25849197,630.8599981
1845,89,139.590631,18.51602255,24.02161768
1003,89,75.31901328,24.16275247,31.93850481
500,90,417.5015831,53.36140532,107.011872
527,90,83.70083354,50.66511058,366.8240572
321,91,47.0931073,70.84992948,304.3287758
308,91,161.6755741,71.81779994,206.7254883
878,92,568.8964783,65.03740111,155.1909463
283,92,631.7028019,39.85455127,312.8306702
1180,92,286.9049216,60.30710473,605.1934574
510,92,281.2981577,47.37330031,320.7146685
664,93,210.5720139,17.2481502,20.35200845
271,93,730.4668847,45.20096015,272.0867908
574,93,946.4150827,69.56391963,930.1194892
1211,93,135.8142701,171.1809195,4108.053951
220,94,454.8005442,167.2255142,2739.265479
259,94,658.1514157,111.5254047,827.1749684
337,94,676.7044028,47.67719699,108.6215211
311,94,578.851407,77.98823813,318.3028815
123,95,262.379839,134.3164338,2487.802273
207,95,403.8751156,283.073236,11971.31255
165,95,301.4362171,105.8895711,1192.712263
137,95,240.2178584,276.4158216,8605.912457
1020,96,272.7143568,46.62424812,146.7634974
273,96,336.8158621,99.58587243,1631.632082
152,96,233.5138767,78.60630658,251.7898261
181,97,384.2466743,37.16561704,36.45478926
741,97,248.4815623,57.71273931,23.68213711
1608,98,242.0373337,44.29031488,155.7283204
1013,98,424.8894321,47.47108231,120.4342687
1478,98,185.6601824,37.71739893,215.1965984
1378,98,140.9704935,42.3182397,121.2788326
276,99,302.557852,36.37605784,60.06929968
1237,99,326.1153469,51.05625688,581.6286448
923,99,588.2107767,84.22990821,2320.791036
427,100,261.7396422,57.06206862,626.1261247
211,100,238.4113748,68.12863281,231.3494909
170,100,554.261027,69.80546752,227.5704508
1043,101,240.3744119,45.51365883,72.9370834
413,101,267.9780642,43.74133056,226.1323416
402,101,192.2538579,36.61921093,413.8425384
1536,102,334.3350153,193.8618048,10941.59214
1800,102,331.8010694,15.1312827,42.62352854
998,103,277.0152853,90.34700565,1787.523458
762,103,616.2614777,62.97026004,793.2508975
553,103,369.4815806,22.03800313,43.71811011
333,104,301.3254122,199.1829984,3948.202059
599,104,252.4558637,94.95878021,1862.784151
321,105,272.3314862,77.66538121,548.5486982
406,105,402.5694056,156.0120066,3316.164133
334,105,409.1217955,169.716822,855.6977369
822,106,697.4012569,37.59283493,593.5244151
715,106,875.0489531,183.074549,3068.299019
546,106,781.5581147,121.9345287,1810.031201
1193,107,186.763222,24.52926786,26.65931707
1096,107,553.4677936,15.87140273,10.9653482
233,108,395.6206195,13.1948054,30.91113089
1217,108,105.0625162,59.51475051,463.0748472
220,108,537.6552034,71.77406581,582.6775885
179,109,185.3524974,100.4573212,3134.572764
193,109,708.1282195,254.6903376,2510.67305
194,110,221.585854,66.96040904,967.4953593
208,110,1555.395818,82.53362991,415.9029532
221,110,2034.517496,89.28673344,3673.170505
709,111,568.5783798,21.62415889,55.28582862
125,111,259.1144788,43.69805218,114.1844712
339,111,337.929925,45.5035337,98.70831359
1299,111,412.7881835,81.43048845,1055.876503
1870,112,287.772369,37.6995537,158.5323182
1097,112,423.5021802,31.85197368,208.3629643
1280,113,109.266746,30.45480939,64.88691809
727,113,475.2483778,49.39465982,104.9829829
1335,113,423.6879244,23.84738195,88.52879894
412,114,286.9049216,62.52658822,76.38566103
225,114,860.6192695,65.54481264,259.760983
776,115,691.7608617,75.52897522,531.4589728
720,115,1028.549396,68.35864558,444.4820274
641,115,316.9223562,71.65399026,627.7669555
695,115,253.4618362,61.84676481,258.3221758
1203,117,546.0513157,25.75513655,135.9807099
1612,117,142.2918038,20.52670633,31.71083412
1017,118,285.5168819,110.4490624,119.9953471
1107,118,160.0988055,25.1877915,77.27207041
473,118,338.5388773,39.39300628,435.4654163
294,118,472.1895863,156.3966439,441.2629239
189,119,451.859148,42.79308047,172.32495
372,119,316.6144048,41.89189068,125.1833254
175,119,271.5977925,149.7316666,1123.285377
564,120,171.4634801,55.40433303,556.5584421
906,120,196.9410506,67.26720911,878.3984471
588,120,120.2890328,41.82134025,127.6563461
740,121,162.8575248,120.7671803,4753.333963
1075,121,42.76792456,93.48121293,401.6045689
178,122,53.08455433,56.20972712,200.9766188
220,122,297.2874712,138.8337861,1400.048363
259,122,176.3278725,136.9517827,2720.852542
151,123,549.7765404,128.6083189,2083.454268
166,124,479.7356302,113.8164006,597.3092413
194,124,173.5197291,94.72561102,1186.3169
338,124,207.0063574,286.4188235,7280.396952
638,125,160.2111162,41.88505799,361.6406092
1242,125,173.3034235,39.67602328,143.9109739
887,125,61.67462177,31.30492927,103.4172781
585,126,176.8737082,58.5998226,211.3494464
1230,126,238.4485683,76.55601853,332.2964207
1386,126,275.8889193,34.37486281,97.91246289
377,126,902.1082005,41.74253793,201.9738287
400,127,138.6576128,72.40229953,321.5618898
853,127,452.4942728,67.16684239,273.2631748
1363,127,219.5580875,69.84340981,426.0236956
759,127,134.350233,101.249395,695.9529745
1300,128,561.0544808,157.3305654,1055.460193
316,128,282.6980403,133.2604652,577.8239926
1029,129,126.358792,37.45434765,121.2395948
253,129,354.8405378,29.10324339,64.7728533
587,129,404.8263078,28.84456255,169.1952429
745,130,397.8967524,77.55775886,883.8711759
1261,130,512.876548,36.07759441,679.0268278
444,130,509.0410597,20.46903408,49.07570056
1630,131,247.4479628,38.6671092,213.4116507
1813,131,311.8389865,48.32136614,235.7590817
1282,131,223.661327,65.64278044,1049.566844
563,132,228.5793319,45.19500654,207.1903517
590,132,394.8262584,139.5036131,3038.096393
536,132,673.4365235,73.84699903,451.5840151
334,133,50.76339322,68.05444585,243.5638441
704,133,988.3510182,68.47173731,102.230876
659,133,213.4734975,45.53576636,43.89088228
1156,134,370.7351602,51.60387668,281.2397763
519,134,261.567007,65.14675499,467.2320741
1088,134,402.4217299,46.54288935,503.4083455
772,135,271.5977925,136.9056069,4869.834737
574,135,507.6330713,64.59835717,392.1422839
619,135,295.8768103,46.86098795,616.1092552
970,135,366.9143986,57.8500558,475.2619119
246,136,292.3245898,327.6325703,19440.53663
590,136,395.8316253,225.6486353,6691.840837
260,137,42.76792456,333.8740409,17507.67368
286,137,368.1805411,316.9525151,15939.37683
193,137,155.5899644,272.1296316,17768.75612
193,138,290.7659296,671.406975,13575.05937
325,138,67.67788705,242.2328053,1890.603442
235,139,306.0825483,68.12698265,494.195869
467,139,140.9704935,176.9887854,6067.718325
248,139,169.5263733,33.74258922,156.5138237
1613,140,378.6825966,63.2245559,625.0700976
735,141,183.9754773,20.20682859,111.9952346
1070,141,466.8448321,37.11448303,288.4025153
277,142,306.3666994,72.28809559,266.9607125
303,142,163.8130962,77.80733828,1017.535701
290,142,190.3644855,98.6441536,609.5623835
973,143,347.6498187,41.73068002,200.8054212
605,143,775.2590556,61.32829063,213.8739902
791,143,369.6031152,51.57162914,136.4245306
1256,144,331.8010694,36.54447884,600.6894031
1106,144,426.6370977,37.46762569,257.0431119
1750,144,615.4954361,36.70378668,193.8508693
1785,145,181.5482961,121.3570397,2995.582076
1312,145,509.5934374,30.62027284,334.5019657
1684,145,460.277135,40.41573497,254.1904323
350,146,274.4955191,25.83005696,102.2198546
320,146,450.6081625,23.77360729,71.5711449
662,146,360.4435431,22.84113566,33.44375811
1252,147,283.2796836,60.00055018,135.2165592
347,147,393.0982995,98.32400308,667.9687288
296,148,696.8194115,28.21631099,73.87178984
885,149,231.1258284,35.45839871,362.5679637
1033,149,340.8211338,159.4973124,1901.595137
928,149,270.5399741,45.41319528,315.0026207
655,149,810.6006895,32.21181453,202.9703825
192,150,432.8385295,222.8298122,1765.294621
671,150,206.3071156,626.1167727,30408.23093
644,150,247.334841,322.6900566,21962.0355
440,151,592.6053692,193.7961319,3756.243919
512,151,213.3037616,133.7379011,2107.708187
1679,152,374.590421,66.66762304,469.2755778
430,153,205.9431244,72.95341637,431.8140133
261,153,349.0905354,34.67943851,50.74556525
195,153,167.8305591,50.89310713,196.3214865
887,154,325.8740239,26.5274205,42.37722547
873,154,332.3058084,36.08884568,43.8727678
866,154,359.1506418,61.61353751,155.4834956
1819,155,422.1491944,43.74100745,175.6026773
1014,155,488.0924974,49.25730424,170.5417663
251,156,491.0915698,150.908411,362.9677834
973,157,509.5452933,17.87609079,18.49267791
847,157,187.3304693,39.18108975,144.5632628
1050,157,217.6304248,35.60480377,52.86826951
1744,158,188.7577564,70.34410758,596.4600334
1301,158,233.8016437,37.37834878,78.77224071
1742,158,230.317022,60.95075168,153.9346722
1710,158,360.4333489,27.51890399,56.65268049
1552,159,274.9991019,38.81027918,114.3628992
1753,159,279.4454997,58.21352937,931.6266978
1197,159,219.6636563,28.87573876,94.33668101
1233,159,64.76008361,39.78671604,157.2486932
216,160,303.0645202,20.78320876,14.9054592
581,160,982.4759564,39.63283466,121.5464897
203,161,202.7696612,157.3300832,895.8395538
282,161,366.3130712,66.83669788,657.2598172
1126,162,292.1550982,38.3731408,221.1839635
1156,162,320.8454199,44.26323446,197.9653923
1088,162,371.1478525,53.0287095,567.9813498
636,162,302.4485886,46.27784409,93.65300542
780,163,196.7739341,26.42258678,120.476784
1175,163,133.4161403,68.76903366,343.4377414
1273,163,332.603298,43.71239919,141.3762633
285,164,491.1197448,23.67061302,39.30655265
429,164,121.6308203,34.43965582,163.4986189
246,164,412.5509887,69.01800933,978.9823565
179,165,226.0457242,150.2792195,3247.436227
247,166,187.2315886,310.6944797,7640.103091
765,167,315.3813339,97.41143792,776.3786552
575,167,265.3431224,99.1784964,1627.147638
355,167,400.6480744,309.78952,17772.4754
314,168,696.8194115,35.74030113,96.55029716
236,168,405.4469996,31.99128516,98.23389278
1164,168,113.8159393,57.03388347,139.81771
667,169,478.0267061,47.26109787,160.4743237
666,169,288.2770462,49.50336731,209.0209012
1028,169,295.7703961,35.0487691,109.8949671
379,170,491.0915698,104.6916004,232.8671601
226,171,250.2074962,27.53676932,90.5787594
1172,171,1128.16522,84.84578059,1399.031414
470,171,1297.333344,56.70211724,445.8036963
1889,172,382.6730463,115.0965561,1361.088642
1461,172,91.61178266,98.79276615,3656.241213
1455,172,331.8277685,81.12825877,1985.076738
1739,173,313.8177829,16.99266494,33.86973387
1857,173,277.7654698,13.01826028,49.37802776
371,174,160.2042889,59.62084034,200.0434885
563,174,383.5351888,59.37262261,177.8996677
554,174,347.1650289,51.35642568,275.878386
395,175,418.7348423,33.49156379,141.1925437
230,175,358.9538853,66.26500691,330.5847478
533,175,224.1284404,135.6437572,1846.617085
335,176,226.0905621,75.8707771,901.0339555
474,176,553.213835,47.23223311,103.2240168
1150,176,138.8978377,22.3590557,36.07820521
976,176,338.0642436,43.27379592,76.30262513
1241,177,226.9515391,34.55618276,24.37755236
1145,177,796.2212338,25.76960321,28.08848263
1293,177,963.8684522,85.62700697,409.5895851
375,178,216.4492789,169.8661191,2029.508355
233,178,444.3495387,104.8373585,1136.578975
351,180,560.1996504,165.7747849,1189.307923
247,180,309.6744128,62.42927064,704.0174908
260,180,424.7857158,232.1281618,4128.671429
757,181,347.4242163,108.5564399,379.1001425
1535,182,1064.48712,32.58937239,74.86196523
1269,182,376.1813593,105.1402319,1060.937044
262,182,845.7654619,74.98431366,1052.223839
1415,183,414.3223762,35.06278261,144.2922794
1070,183,628.8184826,106.370522,1715.168043
902,183,875.0489531,58.11640017,155.2209238
423,184,1283.383759,53.74310719,165.6153936
277,184,89.80652483,68.520485,188.6682478
303,184,126.4427488,66.95345563,49.29718307
367,184,316.1996936,58.08576099,198.0275364
1043,185,655.7430854,72.99542906,484.5191109
760,185,228.6426132,67.38821892,684.0969127
720,185,306.871314,69.28762426,564.6825056
1404,186,309.1482962,68.3043566,307.0394905
1901,186,181.5482961,56.65593204,520.1623147
1491,186,214.0720687,72.89319658,645.1242031
1516,187,367.8769472,33.45941656,140.2644585
1711,187,188.8031216,40.45191313,91.94066511
1552,187,209.4900167,75.46573737,413.5035144
1753,187,564.5887476,37.72190431,132.8598569
491,188,375.3729859,140.1368854,1942.604004
202,188,702.1567414,196.6679654,5741.774091
653,188,308.2651033,22.96386788,13.56354014
359,188,147.6764057,47.65772156,358.0931693
417,189,470.2261944,7.417023897,2.39137071
395,189,247.4479628,169.8120177,2515.252782
1074,190,274.3328539,123.9563524,4818.564677
1004,190,395.6206195,56.08358533,701.6883389
200,190,403.1586695,33.10083321,219.8841484
1040,191,192.2118626,50.56897482,761.7394038
362,191,210.391956,32.70061066,71.3344766
865,191,235.9404691,80.54816007,424.1343827
1328,191,183.4428966,36.18716505,42.51673635
375,192,212.2909486,176.9594506,4480.572373
324,192,63.55659027,228.0514557,5686.631603
765,195,150.7319641,100.1743406,2755.165434
575,195,215.9538968,83.71882778,332.5392787
584,195,179.0095371,59.2968145,169.9433364
1682,196,99.16646842,27.00708256,120.3998893
1580,196,230.558335,21.95968426,143.5428103
951,197,129.9732715,40.57785385,874.2986366
1423,197,593.3162441,22.5666277,29.26696566
1415,197,591.9293834,99.25345401,3846.04891
464,198,796.2967673,77.66137106,404.714078
238,198,259.7371898,39.35881624,111.7022018
752,199,142.6018232,168.1830912,1268.039933
868,199,302.0751983,131.0317172,1675.986567
720,199,565.3584255,58.66163908,205.2178016
776,199,218.695071,63.83859235,585.8218471
552,200,134.646908,74.61367965,1289.684858
454,201,1008.555635,72.17382956,593.9161794
1853,201,550.2045592,115.8974035,3132.182685
1713,201,1182.658842,104.8912162,1954.11192
1073,201,539.4160236,93.36481721,1168.970584
644,202,149.8594526,377.0515643,9465.291241
256,203,100.6051159,94.08730452,5299.780867
295,203,1062.645007,16.64422898,54.97707602
1204,204,1050.099938,32.93394718,357.9255083
857,204,609.8074011,47.51073148,131.9927131
747,205,681.8958421,37.138745,214.8015674
1268,205,187.0332182,46.11342224,264.1714321
529,206,626.8812743,315.6430017,54184.10091
375,206,535.196487,154.946589,5968.018808
512,207,418.892414,246.3034429,5252.679501
1703,207,369.8359877,154.2790907,2791.64599
476,209,654.3082649,68.09771,401.2419563
701,209,381.3283241,38.81851888,503.4571223
420,209,249.2360129,135.7505464,1985.100913
1414,210,276.8923422,11.23096268,4.270934222
1207,210,397.789706,37.66283026,70.56649186
1481,210,355.3244599,89.96514017,481.3707718
1056,211,396.3515444,90.02925264,1039.700367
238,212,550.0465466,59.39310974,82.42973701
596,213,685.6646955,45.27689201,613.1413824
1001,213,561.7326431,26.98670084,40.68388644
344,214,331.0817861,96.7828947,2172.049121
1443,214,164.488574,22.59620478,68.64152178
1668,214,157.4163516,53.54899272,1032.032529
1839,215,65.64691401,32.9614786,42.98400143
1031,215,236.0345599,35.62590454,123.2650752
1875,215,266.7629033,79.37315757,165.659419
518,216,233.8016437,29.2453842,42.15104293
243,217,277.7837356,161.7287853,11193.48348
269,217,330.4178154,99.57402533,1321.957479
347,217,1106.600826,23.30471191,44.05731097
373,218,692.1381772,57.62489802,224.9165821
822,218,306.8026256,58.50366491,592.2712145
1180,218,683.9834798,84.08612101,780.300025
564,219,522.4413971,39.25866624,332.8563321
457,219,406.1391091,53.75125931,233.2885299
998,219,405.4469996,101.8798286,4492.87466
1823,219,362.5421336,117.4050137,2611.838281
363,220,292.6555522,49.33178816,115.804632
325,221,297.9644774,136.4258275,6345.08769
725,222,362.6073537,50.79822555,126.7352424
274,222,196.7739341,61.09569089,595.0928427
398,222,416.0111819,58.82226963,273.3386847
485,222,290.8233659,45.79942016,211.1473892
567,223,455.0400788,44.51265732,195.4970823
1339,223,1292.936406,43.75787802,39.94573794
1014,224,276.9563468,24.94415936,38.37845394
874,224,504.7456495,26.80073519,53.3979683
329,225,225.8890994,52.08787118,439.2183896
264,225,421.7383005,113.4942537,1051.246796
402,226,156.3548186,50.92056499,1044.535758
903,226,284.508718,43.55084532,166.0927108
1623,226,1234.234482,65.69288799,1465.287842
1044,227,67.1048322,9.995823658,9.260552602
1322,227,375.3284333,25.53789857,73.0220443
1609,228,1055.552618,58.66235692,289.9261199
807,228,494.4236049,34.3166503,54.51151045
1277,228,260.4852653,37.34490824,145.4804664
1185,228,366.6556595,46.43326259,135.271653
509,229,221.7950418,11.15650595,6.515730011
868,230,259.5193221,111.9150213,933.8181731
752,230,202.1136228,146.3957904,3126.322308
871,231,588.2107767,36.73230726,144.0251082
934,231,306.0025953,30.34267337,65.93813522
418,231,193.8310893,40.18571168,133.668371
969,231,365.0273145,75.48060033,931.0320306
1283,232,155.8463457,70.9400364,580.9869671
1145,232,422.1405494,65.89577436,230.7602489
1005,232,206.5600204,73.05662054,1092.90752
299,234,429.010321,95.33732089,624.5243271
521,235,491.4043861,63.01404292,430.7306066
684,236,445.697783,107.8468159,1775.931234
1508,236,624.9805001,46.22992973,136.3480143
1116,236,63.05385226,57.19531198,218.8363976
1320,237,53.08455433,28.11625085,51.09872065
1105,237,465.079489,80.97645158,148.9161143
1290,237,176.3278725,33.25076095,70.48177249
423,238,384.3641556,61.49370791,283.7419681
712,239,273.2144727,34.97717598,147.8034236
1092,239,436.4114861,66.35600092,264.4693553
966,239,105.3428476,33.23873476,79.87421505
737,240,233.941464,63.87740756,401.8796537
1596,240,449.1910293,92.91346814,648.6434913
1852,240,216.2887441,49.24336812,106.5977554
785,240,494.9364364,134.1617169,1342.02567
1417,241,235.9404691,28.14016028,286.5151859
1143,241,597.9198269,36.58135034,125.4116118
1867,241,877.3222695,79.16714147,956.0890258
294,242,113.957383,60.82541881,292.3579338
482,242,267.9780642,66.41318776,547.8189793
626,242,257.0011816,111.6431763,762.0945539
1039,243,391.2296547,368.89942,54979.29982
282,243,346.78701,219.7369485,5315.514895
864,244,770.4082018,64.95773578,587.9691717
348,244,309.2503307,38.94091446,70.66310104
794,244,502.1111475,51.8102841,620.423018
739,244,300.6841826,32.62532204,104.807431
511,245,226.0905621,113.897624,1976.3552
1199,245,388.6469014,103.0675066,1622.982114
1133,245,351.1385161,200.4532113,8035.643876
268,246,172.2389552,138.9833899,3665.614275
576,247,345.7876087,88.39320041,685.2174475
810,247,405.9579217,29.01669971,130.347876
313,248,68.50174549,27.37402831,103.6484333
376,248,1259.065087,22.27146751,34.4786632
1076,249,179.7084974,32.1056281,316.8641419
880,249,385.5342511,21.48898072,34.54822288
860,250,268.654657,54.11345901,184.1099147
411,250,238.6672197,105.0212151,590.6199625
1310,250,186.3356176,100.7743552,776.1783695
307,251,195.8858017,282.4197532,1558.753692
317,252,198.6725851,44.36153781,203.4155565
470,252,232.116189,57.64455347,516.8837944
1015,252,264.0017055,58.15499534,310.6386288
497,252,330.0351497,55.66264861,1429.598669
876,253,243.0296828,48.11326249,98.82756817
1392,253,366.6556595,31.06078143,78.82280854
858,254,666.8420956,26.58318388,75.12397538
481,254,117.7829497,24.24794658,103.5547282
1717,254,567.1874378,43.62325531,232.3909241
268,255,451.9024524,38.49928474,366.2869728
680,255,204.2516645,35.4183915,229.8327052
545,255,98.18900417,74.32570419,421.7405014
822,256,408.0733968,361.4675255,7041.1076
836,257,198.5438166,104.5772183,2584.464352
962,257,173.2781747,34.906898,530.9412499
1053,257,196.181938,16.63143936,25.95483049
1103,258,294.6685619,54.15915198,780.0923528
646,258,291.0831249,48.13522476,253.249561
1247,258,560.0473473,83.68160597,1210.211547
324,259,465.5672047,54.37768553,190.6117528
338,260,343.5423865,342.7137485,2518.333285
503,261,88.70577189,44.2026919,47.56681136
817,262,112.4717457,48.58982044,273.3760545
1426,262,275.0018723,32.34102619,221.4054604
1643,262,352.7862801,61.29924976,568.2251673
874,263,52.53905504,52.50429954,57.21296885
685,263,552.08201,30.27206414,122.1797178
401,264,209.1566914,100.8872354,1100.338364
433,264,224.9339936,135.5656295,2334.638859
1064,265,222.4971754,49.7364784,736.3414663
391,265,233.4363503,56.0098062,1533.757263
551,265,194.8399982,181.8503765,6506.963807
1443,266,175.9906607,37.61502298,140.2593758
507,266,207.4714213,63.56540027,475.0732532
1093,266,189.4880062,88.37861156,302.8685007
1372,266,247.8195303,96.36961753,665.8284123
954,267,350.2059925,21.06978605,27.25461753
1837,267,168.8362632,45.43456119,711.3835967
652,267,908.4289056,38.9797668,248.9640864
394,268,487.6965485,45.68923953,135.498438
715,269,858.5732829,116.6509065,913.2047891
707,270,964.9894002,60.77117058,764.949798
1156,270,119.3578063,44.76577358,371.8425614
1126,270,401.3222458,32.91891441,136.3942409
618,270,366.3525489,153.1369664,2182.420653
879,271,485.4980327,70.85251697,1490.708288
565,271,431.8556487,90.98822284,2860.643005
1258,271,194.5120161,131.4306336,3843.667417
320,272,384.3382001,28.04515615,86.85372007
1472,273,309.7643485,40.67716754,148.2734905
364,274,146.9511223,39.7351179,108.5155994
717,274,228.0972339,46.41397102,158.3437906
709,274,100.7554867,36.43535114,215.230536
1526,275,376.4096772,18.86913119,107.2244301
594,275,325.2346725,32.79345834,121.2372219
936,275,1027.354652,179.4697399,3118.194024
1201,276,470.6226902,52.73188112,213.3931279
541,276,140.0576135,37.05851102,262.0919871
1350,276,224.6265588,85.55490448,2558.893709
1029,278,421.9323369,37.29706704,155.0646837
768,278,302.557852,35.73031772,72.46368244
847,278,832.0641513,58.08465676,303.5059742
1050,278,590.29758,34.6886128,107.8367574
1842,279,789.598833,88.51906766,787.9752086
1569,279,207.4071355,29.92795908,100.657083
1573,279,191.0871895,88.00935505,989.8296932
1266,279,171.0153683,32.27271325,285.7877861
1582,280,236.8384633,23.51277505,89.84765513
1080,280,569.6720827,33.80426734,321.7993391
346,281,176.3519447,99.11915443,620.5921514
608,281,423.5021802,32.37287965,56.97767474
417,282,355.0584151,107.8704743,594.9122376
618,283,323.9710536,42.19474524,179.5321688
1025,283,623.444819,102.5852471,964.4770139
1115,284,540.0478393,28.17136255,165.2137084
601,284,467.2752251,30.08646268,92.52270804
448,284,319.5457936,40.76680375,215.4911326
673,285,931.4646503,27.86985135,134.1841022
338,286,549.7765404,267.6998984,5479.239819
593,287,641.9236199,35.45730474,92.41860276
420,287,737.9344877,91.70538161,393.7992286
1207,288,525.6174909,30.18575915,48.85277449
789,288,369.1700553,53.82294269,203.4006723
1402,288,200.0700202,32.68962562,109.1700094
1177,289,333.0035313,31.31394884,45.32466474
442,289,39.97393983,78.16611728,908.2364536
1414,289,328.9953959,51.97919516,416.419104
818,289,156.5678457,42.07498362,347.0318855
303,290,179.6202945,70.50805787,293.1024747
959,291,309.5487818,18.33387077,73.4609605
773,291,293.2852593,30.6035078,185.8600046
352,291,359.1506418,55.60361839,313.8194707
1740,292,458.1481365,49.58807118,173.3052419
1548,292,436.5838356,39.92509612,501.3581766
959,292,473.6901755,43.73629629,1013.370334
1648,293,509.629512,86.09875365,200.7845897
1627,293,2285.848059,79.47923962,610.3877041
1257,293,332.0120067,31.82404284,91.58484156
1332,293,370.5602899,67.33469497,728.5485544
1161,294,235.4939053,152.1837228,1293.278159
544,294,313.4265779,215.8481693,1859.203526
801,296,333.0035313,34.54479588,86.44159977
942,297,225.4638964,86.08071188,737.845954
991,297,270.1366188,44.39471464,767.2294028
1263,297,248.1534678,54.13400009,132.0145105
363,298,183.0073139,87.70231869,173.0354686
337,298,243.9825856,51.72083441,61.94399194
1550,299,149.972783,122.7534129,742.0299166
674,300,211.9033815,52.52877809,556.6640334
749,300,623.1866319,62.89700498,271.0895779
1607,301,319.5457936,33.07731613,57.63158067
1334,301,458.1481365,53.82239153,179.9589531
1463,301,165.6644771,43.58489202,136.0332942
442,302,304.5300069,64.90526281,271.5902519
1411,302,80.09770767,72.34394685,526.4360498
1195,302,301.6235329,10.55615127,4.262939177
390,303,363.934158,54.27479963,36.99302693
452,304,259.7371898,78.73418755,749.4272505
1036,304,39.81267684,84.02244874,790.8593515
784,304,512.2641865,81.16766212,967.7151916
677,305,198.9224164,99.07556442,1422.00831
1820,305,163.3458078,25.11543575,28.6003141
1504,306,364.8012134,34.45458616,47.92146731
1757,306,315.8952014,58.24927174,192.121417
1675,306,332.9671468,33.46470849,71.0167383
1841,306,262.0354496,64.84283227,358.4786555
644,307,506.4234417,228.6069912,981.5247059
334,308,246.0498051,35.41527229,97.2012329
868,308,112.4717457,69.54720324,384.4375139
815,309,240.9484857,52.97270046,526.5171536
672,309,502.0930578,43.04324519,167.0561127
809,310,193.8731916,29.93607395,128.7355258
601,310,277.2412394,18.96838204,60.2232299
921,310,379.4436216,39.92686505,112.7361457
324,311,640.3378561,96.58219461,572.7952812
376,313,296.9386811,21.29712335,25.88441325
557,313,521.7516803,29.32880642,78.81012766
1254,314,285.1681367,61.50524514,328.1403996
1434,314,444.1879317,35.39308101,70.63792954
923,315,132.7687755,55.48332703,384.5090177
916,315,192.3210884,410.2527959,29315.33578
1091,315,365.2373645,122.5997192,6592.867834
379,316,178.4685047,163.0240308,549.9878919
1042,316,200.0120628,79.7041251,341.8701
720,317,914.1837157,51.18911103,197.1781404
760,317,693.0624025,73.1670427,319.6120889
641,317,468.7319331,67.86188565,271.8284116
1527,318,383.3429916,4.63813139,0.81065322
1788,318,247.6208231,35.60376815,60.53994151
1408,318,284.2427263,27.79107945,41.69645216
1855,319,367.5642411,40.30830155,381.4639088
1437,319,484.4924959,34.97188531,275.7942841
1747,319,494.9364364,20.54835135,62.87916689
1781,320,234.1682854,19.17412838,29.59463324
347,321,188.032783,122.5696195,1237.286092
360,321,242.7171832,136.4047722,2574.294473
892,322,219.6289768,36.15508859,109.1407792
1144,322,119.9866129,32.51254485,82.65162436
1235,323,441.5596409,58.49214032,298.3506489
1278,323,464.6200432,26.93590491,64.44420456
398,326,85.36926859,84.13296865,395.9340281
339,326,40.1955532,100.0581766,448.4908207
1502,327,342.7623639,47.03391014,186.4990382
1508,327,388.4226488,43.1666579,433.0251764
1604,328,321.5269798,196.6192397,5330.423577
1007,328,470.6226902,22.05645963,26.37160452
342,329,153.1367922,38.55458899,138.7948237
1022,330,323.1423428,48.54266527,125.3569485
515,330,216.5947757,54.60193479,422.847064
1036,330,312.9263622,40.57844737,141.3898846
1079,331,231.2503812,29.12285774,99.38622839
1436,331,266.3361724,67.5376606,608.302991
443,331,289.8960949,58.86247059,682.5705142
1722,331,364.468426,40.64408746,234.3999537
1692,332,132.1916283,58.66551394,418.5646557
1397,332,490.5255466,37.11432199,112.101805
918,332,561.2759955,23.32759502,26.57463025
572,333,512.1917406,45.91519323,114.7027861
931,334,169.2053212,49.44716275,128.2279535
1198,335,702.9666312,29.91699082,173.5872192
699,335,35.17514746,36.20387668,63.3903283
691,336,229.5704148,94.49024973,896.3694663
795,336,254.0327086,26.39178667,104.5970599
485,339,303.0450021,37.53348408,105.2962365
1055,340,461.9462637,88.02097619,1683.473516
803,340,362.0874831,58.68704563,245.7624176
1358,340,169.2053212,125.3364049,2772.068647
1679,340,367.5149852,43.73858295,316.4756472
972,341,288.5198866,31.92772139,117.2290663
1153,341,343.855049,89.34970566,1148.855788
412,342,271.4517207,60.17834987,153.4576386
605,343,561.5491197,24.45058208,58.14432127
798,343,266.4956245,44.01965597,131.6081327
875,343,211.3874654,37.09121955,243.5367342
645,344,175.8291427,75.81667145,719.5688056
696,344,225.8981921,69.68939258,499.61961
1465,345,69.5747415,49.79731222,110.5345749
1751,345,272.1732689,6.8075823,1.627438502
1441,345,291.4508707,32.2056134,33.32634023
635,346,224.5111459,173.1942622,2193.343675
384,347,360.5712309,47.29953229,120.8015055
1138,348,337.9165302,74.56970111,1063.36308
1162,348,678.214597,80.72677054,299.7824089
1102,348,395.8115907,47.33006956,279.225718
795,349,517.6338569,16.6738842,31.33873907
949,349,547.1455093,75.22434009,467.8701262
1047,349,311.6035031,42.13911679,53.99452945
872,350,296.8561054,85.01777733,1308.913519
838,351,210.5720139,75.22906797,251.0402536
717,352,351.3492495,25.54229729,41.13415515
1158,353,364.6226101,42.08059453,298.2493644
1637,353,378.2537959,32.95219301,89.5644006
1493,353,160.0988055,20.20754627,65.4397648
1183,354,321.8918562,50.52924115,317.2821074
422,354,229.3955227,46.34579439,505.0751286
623,355,490.8955597,179.9822986,5228.223831
733,355,142.7582269,148.4424594,3856.339279
994,356,142.7871993,43.26648987,74.39320648
847,356,27.24439479,38.76859942,169.4084163
1832,357,378.0199534,43.66829158,157.8789027
1738,357,580.9071547,35.31833966,139.3808067
1239,358,216.4567285,88.16494636,634.8893907
1723,358,384.3641556,33.42729043,148.638225
1657,358,248.8159216,10.27498865,9.523714065
608,359,414.9188463,58.84633861,671.9396242
406,360,255.3728071,89.27838184,433.086522
997,361,161.5537713,32.01998881,94.17715443
582,361,238.4485683,87.14260775,1535.107069
1333,362,303.7401244,31.01908575,42.97996763
1343,362,623.0297404,82.88275323,673.7868895
1217,363,224.5953135,62.76168282,177.1898386
764,363,490.5255466,66.13313082,174.8264206
551,364,142.6925323,27.99665155,57.87007263
725,364,375.8547106,59.92983489,204.4804221
1438,365,175.0510587,42.3255293,150.1828977
726,365,192.5309698,51.64418146,161.9781178
1673,365,401.5531654,73.99533374,886.0454145
1613,365,478.3520148,30.57116811,46.27315518
719,366,136.409658,67.99554919,329.4482645
1411,366,91.92910085,61.78465291,249.9955453
400,366,191.8857738,87.68188319,389.3958615
390,367,297.6242794,87.64962108,299.4714478
412,367,468.117835,89.39505262,630.5686187
987,368,192.806527,48.01985922,103.9879414
1742,369,139.0199589,29.51938726,69.48440179
1578,369,433.0777914,56.22014551,329.6852572
1710,369,279.4454997,71.98548754,460.486218
1698,369,255.25075,37.44315965,107.5607781
1385,370,217.7648686,44.20524281,124.6556475
1660,370,883.1558153,33.10233304,93.02293731
1657,370,665.3374352,34.966193,92.49341021
680,371,1278.074796,51.45436282,190.4385708
384,372,512.3204759,148.4793293,1416.828489
417,372,230.2660143,33.95938696,71.30239613
707,373,140.398656,102.730371,574.2498895
878,373,218.8597011,36.9087201,118.5635595
942,374,284.1048662,46.84456878,115.6000466
1263,374,290.2479704,69.26866524,174.5764663
1313,374,194.5120161,38.86415137,192.7169957
584,376,106.2880955,155.2299771,1459.065059
431,377,416.2501855,43.57657036,187.0865112
1454,377,180.4126342,43.28923673,130.6394677
853,378,365.2373645,70.89738149,439.4458128
1330,378,175.9195987,54.80484191,398.4594017
759,378,198.5985543,69.29629822,344.5612761
1350,378,199.1673978,68.18803841,242.1644434
488,380,479.7356302,45.75819718,110.6294748
515,380,129.9732715,42.7401883,171.119011
1118,381,239.8968548,17.35340905,20.07918195
1647,381,353.7171055,35.50890509,59.66454137
1790,381,583.4441876,60.54195531,149.9085192
926,382,359.5430798,60.53944053,1202.087847
1838,382,131.6088084,86.33725707,3463.043656
1510,382,169.087035,47.65383804,358.4947841
554,383,183.4471189,19.57104336,28.54088913
545,383,190.1381143,96.20195052,1054.716204
536,383,166.7717293,100.0146361,1369.046796
691,386,213.3143218,70.12261499,530.5336992
397,386,59.8680053,49.05055491,220.2667974
593,387,326.3905838,94.52173764,453.8010631
692,387,197.6261759,31.61952561,50.9488237
1418,388,387.465959,125.1272025,1808.754602
943,388,491.7983331,32.93006929,50.22141127
1703,388,471.329341,51.51779296,524.3649782
1305,389,192.7918389,94.05307649,729.781935
422,389,435.8298837,21.0624077,41.29739345
1320,389,359.7984005,28.54689529,32.09845331
614,391,170.884252,60.63199614,975.8512712
430,391,306.871314,127.2822932,5176.645729
1446,392,565.3584255,42.76366475,150.9836523
1798,392,569.6720827,23.30632711,37.85755867
730,393,311.2149282,45.40470397,438.9266038
1678,393,259.9764319,47.0727012,211.4552992
662,394,328.3305018,65.6801866,1324.583196
446,394,169.8605248,91.97387392,4027.493141
997,396,209.1443872,76.47843336,253.9122464
582,396,223.1740739,57.11572012,396.7453621
628,397,333.3012712,32.43587648,101.7418035
725,398,173.5197291,84.91220653,493.3300156
476,398,516.4972621,150.2855966,734.9220756
1580,399,327.6628171,61.84989384,853.8244247
1619,399,509.5452933,58.57846797,289.2223501
1140,399,250.0881637,39.40761555,414.8444974
797,400,460.5331752,42.64832267,388.7652909
1077,400,142.6018232,32.34593044,83.84261233
433,401,374.8065205,123.7834791,1129.794828
760,402,241.7852368,84.24329308,777.2282011
1051,403,373.1021372,13.55427027,13.98575567
1130,403,331.346377,75.34561785,333.659947
1891,403,165.0925261,31.50492789,179.084443
1005,404,524.3790054,63.89563397,193.654738
1293,404,193.3238535,116.9792165,877.6773191
1717,404,267.19042,27.26164115,58.59552772
482,405,117.2556025,82.12419001,398.5079019
500,405,730.2875808,44.75898732,77.35298459
626,405,593.3136126,76.64849763,331.291899
527,405,186.1432985,38.50607117,113.8693559
755,406,367.7027492,44.44982673,321.927099
990,407,290.2760773,52.62859302,342.9865019
591,407,421.7226665,48.41440689,242.4598906
501,407,267.6115036,56.09186793,554.076902
1120,407,300.7351383,52.37435471,212.5150928
816,408,364.8012134,43.38947087,142.7704934
538,408,658.4608274,50.91857226,231.8622191
1163,408,619.2347922,60.91386587,259.8652417
620,409,311.8275242,35.88932731,144.2367389
1083,410,488.0512947,53.59471239,135.0579991
766,410,126.5451723,29.46183104,63.76944354
1165,411,242.316158,40.13766329,93.26899726
993,411,226.8988817,55.30209488,665.493347
659,413,228.986509,67.31721378,278.6226238
704,413,219.7756159,41.80500415,51.89844345
903,413,345.1055575,108.5568208,1341.020501
1560,414,150.8525007,23.86491587,17.71756924
1524,414,153.1713089,67.35776476,801.8760554
932,414,211.4165834,26.38853461,29.77862994
863,415,219.6636563,36.97289363,99.32940304
571,415,271.007246,42.26602101,64.58817744
535,415,565.5537975,70.93250808,321.3940568
509,416,253.7318697,34.55968108,95.59172866
1835,416,356.8069472,33.17791123,83.50767869
617,416,292.6555522,17.17933072,7.218033797
1210,418,506.8925873,65.61067731,250.9902808
779,418,1033.325213,33.10466918,125.7847777
1139,419,1125.188288,21.01212806,97.36132389
802,419,441.1701308,25.5320938,69.69962836
772,419,1710.720489,52.24322967,485.0426705
692,420,662.8742857,28.06484769,43.64049837
531,421,247.3664703,35.42544332,429.0490352
1517,421,1128.16522,35.12676388,45.87749288
1499,421,414.1344437,79.18692226,1558.686859
1034,421,316.353673,100.3226739,3099.264852
1431,422,448.4981114,4.728236705,3.538384441
523,422,432.8706539,47.14987555,507.0029442
910,424,109.0673339,98.51607969,1871.419902
1071,424,458.7979694,163.6467118,5627.572764
623,424,351.9118393,386.7563549,19529.87857
1766,425,363.8910957,37.00831062,269.3246837
588,425,553.4677936,43.81711663,101.0604913
1563,425,265.6652349,75.43646988,572.6889739
1166,425,436.4114861,77.76741638,347.3120346
1823,426,277.2412394,97.15006689,1875.284824
1792,426,464.2773981,40.81942909,109.1099089
1875,427,925.2190875,49.08310857,232.2042586
1056,427,397.9340822,133.1249767,2038.229092
537,428,157.8530021,55.65762017,331.9387583
1108,428,675.6650836,54.4091701,631.7430612
864,428,363.640878,55.49736284,254.0008997
948,428,521.3567152,45.18212541,160.4265657
716,429,99.25144125,129.220835,1202.471286
872,429,273.2753307,46.33775645,319.0968529
765,430,245.1370777,73.99401541,544.2007509
1386,431,154.6465621,42.35848163,227.2438743
831,431,228.0938735,41.66979958,174.4720716
459,431,225.70321,47.69845523,160.6066832
832,432,267.0575518,26.41231829,105.6102046
1117,432,267.2583303,27.15151323,37.51167454
1071,434,550.4416999,223.4831444,3438.102094
812,434,33.5412434,79.65207654,974.5286297
650,434,216.4492789,62.67779717,411.8730627
805,434,509.5934374,109.2288974,2521.195339
1736,435,78.80695507,29.05095429,58.69081183
1677,435,613.4618001,45.18175368,88.23493229
1828,435,169.2628635,18.42028628,20.16070903
1307,436,394.2664607,16.78223946,33.18746069
1809,436,343.7570411,54.84493825,115.4541621
1773,436,255.3599632,41.76961234,110.3282416
545,437,322.6038876,39.23042068,198.9881982
671,437,243.8332702,25.08171172,88.47773093
1240,438,295.6367042,42.76740835,848.4320769
465,438,218.825391,20.3092285,74.71124218
1011,438,188.9808136,31.29010743,293.3529277
830,439,653.154712,84.16665876,396.3856183
837,439,1297.333344,32.42065891,271.3001751
1011,439,416.7287928,45.62265586,283.1459647
458,440,291.4508707,204.8132215,7921.766999
1484,441,518.7394218,62.57125742,128.3149653
964,441,252.4825789,40.31438064,139.0213647
1514,441,705.3001686,50.16662964,152.1590498
1523,441,428.2885069,62.15796569,350.2439761
1084,442,291.246986,11.13441227,8.022175664
1050,443,482.5098221,22.12912672,15.48504309
605,443,178.4684952,30.61522816,171.8162311
1572,444,207.212196,31.25425498,198.5517434
1800,444,308.2528451,95.45358786,1469.287153
1065,444,243.8332702,24.65042316,40.95205363
1705,445,281.3872696,34.71364951,95.95466075
1504,445,360.8360859,35.53452268,65.87550791
1272,445,525.5226886,34.69010251,42.75419854
1675,445,240.68207,34.81011798,125.221205
1663,446,161.5078242,40.68494172,529.0642463
1450,446,164.7646902,13.34917499,47.04993576
1114,447,318.9586978,41.20501103,1051.110668
1168,447,464.9588651,78.8700184,4418.74878
699,447,255.5746297,23.40276357,160.6585681
836,447,162.1233455,45.24454626,457.1908241
555,447,171.0089466,155.9924636,5859.176645
1026,448,378.0199534,29.33715009,46.53592006
1288,448,132.9276698,27.50047679,50.5080532
1223,448,245.5339831,25.23798208,13.8428238
629,449,531.8086827,217.4958574,3369.503725
512,449,668.6211778,28.23517752,61.41245147
1445,450,419.1587525,32.76120283,65.68482231
758,450,270.0120595,34.20758359,236.3638833
1218,450,157.0425144,58.63114724,185.9367018
1407,451,206.7078728,39.2377756,155.1471977
1265,451,133.0660216,25.95820799,96.12745479
1021,451,225.8981921,74.20761576,699.4495984
854,452,331.8277685,63.01816893,450.6175368
542,452,263.5666066,51.23665478,643.4481885
705,453,240.2172069,23.26741224,50.9471812
1726,453,273.5881396,74.51669541,348.3071409
995,453,515.1667446,20.15204573,31.13874816
1389,454,259.4707753,53.96577128,289.7268878
1373,454,575.2355721,108.3449158,1968.452732
1534,454,290.8620661,116.5939968,2785.751303
536,455,506.8925873,24.8780929,40.37106531
941,456,129.3977951,181.2784357,4017.836764
555,456,353.8926153,62.85694959,362.0808189
1732,456,132.6995449,129.7599443,3250.975485
799,456,310.5509927,138.6747334,10178.03252
1229,457,365.0273145,54.62309923,375.7552288
1061,457,431.8556487,31.60202144,80.19340842
781,458,133.4223073,214.5968342,1820.25691
665,458,203.862154,136.9627891,1350.066693
1454,459,213.9600738,46.61302701,121.9550627
1541,459,282.5114686,42.1479736,305.2183754
1153,460,236.2037848,55.0094535,834.2868913
1335,460,363.0218572,253.7039729,17637.59412
468,460,183.9708818,131.5145248,2991.465785
1641,461,211.6694912,147.4118195,1945.116502
669,461,273.3032235,56.39986853,311.3919407
1118,462,325.6817751,54.84616869,482.7829144
1336,462,366.0146793,70.14985877,427.4158004
1388,462,175.0677146,60.26231693,301.9608271
1296,462,2499.055757,26.71663606,92.46944842
778,463,444.3495387,105.0815222,1519.148458
1805,463,615.6853378,60.08048782,225.8704165
730,463,373.9964236,81.5290477,863.1107918
877,463,185.2001801,41.78402804,289.7382539
698,464,235.0038754,92.12197487,2152.97363
608,464,294.5838901,40.6763961,29.31132719
830,465,263.7923888,40.08092525,144.3242158
1241,466,558.2127839,63.28905426,292.6710482
700,466,641.9236199,17.92676186,16.72994997
476,467,363.9178076,31.60994992,42.16425971
1685,468,373.465262,48.89439876,476.3600627
1700,468,293.9807589,40.6748786,108.1440077
1391,469,178.9006734,46.25500524,147.2155639
703,469,352.0180966,81.9609387,352.4390571
923,469,214.9886571,90.16629336,514.5245601
760,470,219.6289768,54.30108039,334.8722608
987,470,151.6435643,44.42307375,93.37692792
1891,471,287.0060595,56.00114541,253.7877491
1782,471,579.0514479,16.46478121,8.691798865
1669,472,236.6580219,72.02673011,862.0439884
1369,472,687.8360725,51.76425382,270.2878643
1561,472,556.9343313,88.27303301,2502.505512
617,473,628.6257362,27.40034709,40.51148286
518,473,222.4742108,24.47859628,7.007694234
1198,474,375.1184116,46.34541491,100.1700975
1096,475,362.332511,61.55158835,1056.458157
724,475,265.3601771,63.9980116,1524.509457
1205,475,199.5338827,25.00011735,208.0662434
1515,477,408.0733968,62.40885152,334.9516907
1746,477,203.7975913,23.9155568,95.96491667
1408,477,145.3780304,88.31898378,908.031915
922,477,360.4333489,51.57662055,278.4767325
513,477,213.0852745,89.25518396,1046.475635
979,478,412.4430027,26.38250976,155.8530922
1387,478,254.9241698,34.27816161,92.79478935
685,478,158.4023268,29.35059284,36.17091049
945,479,132.9276698,72.10364364,1574.00961
966,479,236.2037848,54.7369516,311.3618531
819,479,461.3054735,11.20120136,18.14220368
1047,481,493.8019149,34.55176113,167.8747331
1570,481,377.9841447,117.3456199,2215.685045
653,482,240.9484857,132.4257361,2606.020121
969,483,480.9057184,53.06487163,389.4717228
928,484,946.4150827,21.49319668,57.17609616
963,484,832.0641513,109.1507657,495.4779122
709,485,297.4371296,55.57867067,618.2987664
1274,486,775.0086228,36.78031697,130.2659522
593,486,422.4853881,97.03817816,773.3814215
1159,487,623.1272975,34.54402544,155.9277753
1591,487,194.6769792,183.6515668,5586.170831
1243,487,170.1116038,28.43103595,88.38325976
916,487,291.0021815,87.55982528,747.009469
596,488,609.2264249,71.87508805,1041.570605
1022,488,444.3221833,37.59124459,81.96875304
1706,489,320.1338172,34.64572521,117.3065495
1009,489,564.5744045,76.40389845,437.3953437
1602,489,340.1581551,51.10941998,502.093089
1016,489,388.872583,28.53244642,85.92598764
1716,490,201.4251449,29.84158969,108.9907484
982,490,296.1030508,38.35386301,108.6835179
1257,490,293.1300936,4.630442776,1.966963926
671,491,417.5756659,75.77337774,4042.903083
581,491,106.2880955,32.49534326,128.9320516
502,493,436.6823745,36.40914904,195.7712371
1089,493,313.2438909,101.6310682,1055.136063
748,493,889.3523211,91.30329549,822.3374269
530,494,570.5966595,112.5067133,1380.249431
665,494,847.3250267,108.2749467,1254.54432
1299,495,1073.645512,125.7411297,2508.738449
1279,495,313.437054,76.78342056,821.0877787
1274,495,330.3006646,40.69729205,190.3018279
1366,495,265.523103,98.71133749,1271.436507
1402,496,471.8861878,59.38720143,531.5985633
818,496,348.0515964,40.1064911,128.6291422
622,496,213.0852745,37.97137179,143.4061415
667,496,378.0341955,34.43304154,194.3539242
641,497,245.5339831,44.78705041,157.4993719
1092,497,216.5569085,43.77575017,92.85488851
712,497,192.8683508,51.7773911,1125.853824
1786,498,308.8625764,52.47470927,879.4266702
897,498,261.7396422,7.588791887,1.193644918
861,498,213.477024,176.0929169,4389.836304
1825,499,296.8924869,61.05902452,462.1427528
835,499,166.3330078,17.77450874,34.27986633
722,499,446.302781,17.99946478,42.42671414
1737,499,338.5388773,48.36376344,265.3603742
627,501,675.6650836,36.04760504,295.8324614
885,501,407.1407467,112.3068229,893.9479995
547,502,505.3501363,130.1675135,2163.460576
1068,502,668.3247262,101.8416421,4122.519831
1139,502,114.5981634,31.57716577,257.5833026
602,503,209.4380693,21.28559248,53.42473964
1248,504,494.4690868,51.82767491,203.4081914
1194,504,97.04557151,41.22365366,106.7400178
1182,504,616.3124407,64.41934104,284.8727084
759,505,844.7026092,24.18017609,31.8497354
694,505,246.2823304,62.05390816,248.9307865
826,506,808.8014416,40.25837927,140.2575517
623,506,126.4330825,139.1529712,3943.659785
552,507,641.3544503,60.27108019,1034.068886
1214,507,573.0752289,6.036905402,4.041016872
1549,508,1259.065087,28.66585979,42.03185395
1094,508,119.7730366,79.27460096,705.6408525
1787,508,134.6960658,56.67755187,295.0251592
731,510,461.9066001,36.04767099,150.503559
843,510,228.3722807,125.0232398,5675.873553
893,511,293.0218828,29.68274905,242.2655639
565,511,244.3404887,152.7743665,5697.110037
691,511,160.2111162,74.35274522,783.469526
647,512,132.6995449,148.8382849,2840.063896
1236,513,388.872583,53.84412809,389.6716965
1520,513,297.4541047,29.73517069,111.3172947
1457,513,723.4211976,25.10791442,43.80146378
1249,514,131.1495224,45.65151355,87.2311768
1270,514,369.4097262,37.21395598,58.58231428
604,514,475.0766387,23.77738628,20.72713601
1098,514,348.1679614,51.88942754,206.610486
1099,515,415.7874044,57.01450849,734.5265286
1860,516,315.0380857,69.65891172,969.072985
1791,517,360.5712309,65.24858522,896.9337648
1003,517,454.6575978,66.11689017,1091.407194
562,517,746.6731035,42.22005495,618.279009
1312,517,291.640521,56.87057358,280.7868874
689,518,310.7910098,33.72309223,36.27565287
671,518,42.90143123,51.21560811,140.512606
1132,519,321.8918562,50.5496573,173.1380266
591,519,476.1285209,54.04926145,291.1222018
990,519,445.700541,43.32851561,319.604435
851,520,261.4719247,217.1636584,6906.60431
547,520,455.0742964,101.5735621,3022.417753
756,520,271.007246,249.2643387,7670.197649
942,520,181.324511,150.213971,6390.836936
602,521,290.3158797,108.0082726,981.0095622
750,522,241.6442947,32.02710312,81.99084263
1355,522,266.3361724,45.35640082,182.0705044
1146,522,260.1592847,70.68422908,634.6790774
1320,523,304.8073555,44.91928475,236.392772
1146,523,416.7287928,52.89151788,357.4996157
1153,523,310.2824611,62.46599014,995.1207034
938,524,209.1566914,76.45768314,1126.865944
632,524,162.243029,61.13144737,775.7867672
1641,524,156.4262643,64.48078939,807.2248167
1766,525,63.55659027,36.57520947,147.5904527
1884,525,218.3823809,93.45873193,737.0284949
562,526,756.1053196,20.63269525,20.20014005
1459,526,318.7366277,58.76121582,180.5153311
1373,526,157.4163516,40.85663092,383.3844316
1126,528,93.0879467,41.50277135,171.7417726
636,528,349.0634894,31.32936924,19.27273481
899,528,476.1285209,56.33800459,319.2791897
851,529,235.2999851,136.4441814,2618.883233
1151,529,402.4812684,75.96879187,390.1816683
674,530,434.4642783,106.8564408,1395.934197
647,530,240.3174388,65.90970513,434.0854872
1370,531,232.05714,54.87497848,178.948818
1176,531,85.36926859,48.05672987,612.4053478
577,532,157.553437,23.56637131,133.8996284
825,532,325.171265,28.58245276,55.55400417
1249,532,271.3491026,36.66344941,136.6904639
752,533,249.9088715,80.21870561,388.9925521
840,533,270.0120595,86.31059667,283.0591544
1276,534,150.9818112,28.45482942,84.35449964
1816,534,275.7908357,29.9719089,58.08557755
1772,534,39.81267684,36.67164712,323.7731591
1357,535,520.6072071,47.64758911,58.97903812
899,537,371.0090891,69.91006983,1398.401455
636,537,78.80695507,77.96668929,507.9685586
1138,537,308.857987,38.63034185,132.6761959
556,538,431.0930951,38.14409514,71.18629608
991,538,343.7570411,85.67486752,485.9509235
1298,538,389.6741548,51.73579064,125.8243378
611,539,228.4788358,33.83119594,27.16086949
656,539,308.7220713,32.38912124,88.06306445
1625,540,242.316158,35.21738021,53.84567952
880,540,250.1123158,96.48827724,1028.961278
1577,540,212.8187239,13.48028846,3.557959387
685,541,302.0751983,24.23255886,26.92967525
613,541,194.4876167,64.98384706,981.2989128
952,542,272.0009025,65.26972621,133.259755
784,542,196.9410506,90.58282243,1188.323415
1860,543,126.15615,40.93683876,158.8358151
1420,543,209.1443872,35.52041929,139.7401046
1866,543,237.1350352,26.62476455,209.3099558
1889,543,153.6166738,73.20749029,525.9947705
1357,544,255.5746297,137.9493752,1790.110347
989,544,432.7638555,59.23190078,441.5884838
1875,544,178.1734333,165.1177545,1752.239921
689,545,268.0395683,71.25937923,511.9589085
731,546,521.7516803,95.21630574,411.4021865
1168,546,746.6731035,4.780982774,0.686279199
1114,546,269.7031656,97.55534497,311.1735761
1075,547,597.9198269,88.93182703,2151.056416
575,548,311.7984745,30.68561025,57.47934048
683,548,260.5056325,28.43884203,32.0894245
1635,549,87.8722986,62.92792516,926.8599668
1804,549,163.8579231,41.23818956,276.9594584
1505,549,226.9515391,122.2216984,2878.874112
1382,549,226.8988817,140.5982277,3030.410831
1399,550,231.0326626,45.29752617,91.30957229
1141,550,278.4021645,31.72667393,39.61085199
560,551,353.2450586,67.02886593,1264.678106
1008,551,431.2349607,26.95970482,80.61284514
1351,552,134.6960658,29.8556719,339.7558381
1443,552,673.5888892,55.3806552,1410.78831
1823,553,89.98096423,73.39528468,391.6140698
1615,553,173.320963,108.8104477,1694.647136
680,554,127.8212461,87.87477425,584.4666278
1263,556,190.465174,22.07867629,83.57595894
1318,556,205.3293807,33.87051773,47.36013964
816,556,338.2452817,47.79895714,132.0497791
741,557,329.2418329,22.78062698,49.26239287
1116,558,373.2936321,50.75290104,276.4285669
1508,558,131.6088084,62.99717156,494.2798844
1589,558,203.7975913,29.1297812,96.90302882
1655,558,352.9601232,62.10833292,392.9935672
1231,559,371.4615824,36.52480541,66.28489189
909,559,363.640878,47.2423862,263.0049312
568,559,308.6322849,70.213642,424.0759029
1001,560,179.7670643,55.25924888,1086.823434
668,560,173.320963,21.95290071,44.49962841
1683,561,212.5972994,46.94136287,216.0113407
1824,561,220.9492292,30.48226341,133.1607611
1677,561,452.5730792,32.83767847,39.8430084
1389,562,489.8710869,60.08878431,141.4487113
1291,564,301.4289481,39.30604096,489.4236629
708,565,364.7385995,101.0104805,961.461829
1274,566,191.1436769,78.49414768,645.0954752
978,566,351.0632951,49.18347444,388.6220402
749,567,579.0514479,95.40610726,544.0783107
1463,567,158.9866846,70.22615967,357.4337196
1667,567,575.4347967,58.66834921,253.2078313
1183,568,182.4279611,73.021987,426.8519816
767,568,1182.658842,64.33644398,143.2854521
650,569,858.5732829,44.54208099,95.48318024
945,569,273.5881396,55.52213041,559.4661584
805,569,217.7158719,85.7351531,917.111194
606,570,525.5226886,29.76257107,120.2847208
1714,570,306.0372569,25.42338877,40.61191521
1868,570,332.2770811,48.28392342,541.7293287
1221,571,309.2799252,33.06727314,34.4287204
1357,571,472.1895863,99.07676229,881.5010584
1011,573,303.7401244,70.99350785,1482.190866
1348,573,322.2312508,97.27824656,1954.682453
1060,573,181.2781944,24.99887638,60.86814424
1019,574,211.4165834,11.9327838,17.99881486
943,576,380.3083831,150.218654,1329.163894
1213,577,78.45539329,39.05494262,330.5578246
1049,577,310.9380791,49.80837774,118.5136032
668,578,297.2870218,30.11243688,61.32819464
728,578,64.18869342,39.63356274,79.87827551
1620,579,257.4093228,17.45659916,18.27054143
1380,579,346.8276777,56.58406902,179.5309267
1602,579,580.2083918,23.97022963,31.28785282
926,580,352.0180966,64.11716724,1159.779698
1847,580,182.7565812,60.64716799,1134.939536
1397,580,311.2149282,44.97600165,469.2393846
1507,580,430.0905982,45.33814732,399.6029826
653,581,393.1233908,145.5715211,882.1403058
609,582,136.0172764,28.28977394,64.10241027
1228,582,181.324511,60.89541985,711.1081997
1187,583,547.5176035,48.97586219,122.4731421
1235,583,399.819279,34.98756361,62.08057747
1278,583,706.9015351,53.50617451,290.5253733
683,584,1664.859868,82.68651173,524.0912298
1062,585,315.986651,52.7518596,210.7057986
957,585,193.0036362,35.97393326,92.34680815
1128,585,271.236828,100.1196186,1460.588855
1383,586,158.4659146,22.59086957,17.3696872
937,586,199.7437476,67.90123893,161.8283148
1367,586,142.3240728,116.1878872,2314.663515
1392,587,180.7566584,48.80039725,170.0515343
768,587,226.6451581,11.76031855,8.405631009
624,588,307.0681031,32.48248865,67.5297395
1291,588,233.4373266,70.17999743,342.3126167
1795,589,178.2929619,123.5622915,1105.724843
670,589,326.6158913,19.79477946,16.11693981
954,589,223.661327,23.06552723,14.61076534
1239,589,171.0052479,95.29181063,418.8713336
627,591,148.8402194,49.72409252,549.6130162
935,592,235.2999851,45.52861584,214.0166715
716,592,478.1998569,117.3242381,555.2637394
630,594,419.2282833,41.13433273,533.9422434
1349,594,436.1160175,53.76093294,114.3195701
1679,594,381.3283241,202.136908,13283.21534
694,595,229.4301945,60.91327292,903.2016409
1350,595,209.0161457,124.2649518,4063.329139
965,595,320.9529957,38.16199735,184.8332671
945,596,244.8029721,177.9541048,4731.949669
994,596,338.1936844,64.98571439,258.8017369
1790,597,190.3644855,18.80372286,29.748194
1474,598,290.2479704,89.06040719,794.355436
1877,598,182.7565812,80.57059544,1384.948143
1669,598,325.6090627,53.19011008,153.850341
1173,598,561.2759955,92.08761265,1525.607709
723,600,407.1407467,38.60121245,197.6030255
1288,601,401.5502994,40.85691254,96.99394091
1676,603,360.9261362,38.66012428,85.68998985
1122,603,273.2753307,29.50092388,53.97739344
1325,604,245.983783,32.40679395,25.6652514
1295,604,359.9666165,29.99310622,45.64967583
867,604,228.5793319,46.56918671,136.6859724
1050,605,360.0314543,21.1246279,61.60557859
1190,606,461.692006,21.51943727,12.19482525
988,606,37.16157929,65.19874632,217.2343415
1023,606,215.6588456,41.52703588,89.23261187
1149,607,417.5756659,122.1832401,1746.903504
1017,607,338.3261344,48.83035075,133.8432885
1131,607,436.3894861,25.32079302,102.7836015
1827,607,274.4955191,113.8496916,2956.004258
787,609,116.4536333,86.21339224,1115.005809
1004,609,226.733857,21.92119312,59.57530356
1323,610,392.6668864,32.71201972,289.328366
1353,610,229.5751436,35.93392017,454.0643174
1157,610,120.9532605,58.84159407,790.0008456
620,611,169.087035,42.78553536,64.83240884
1170,612,145.3780304,34.55421953,127.7645362
1128,612,468.9801651,21.66697735,31.86810137
950,612,465.7265379,46.08615864,170.4146353
1387,613,446.6209014,68.40616932,321.5910597
1237,613,840.7492009,48.68129094,117.0715646
896,614,193.46244,26.89238174,140.579943
784,614,377.3276336,107.7559877,1942.15738
1388,615,250.4579211,57.96567792,435.4751446
1412,615,146.3248441,54.98069539,423.8481624
1857,616,147.5826488,86.74138469,825.1385733
1337,616,1250.137312,37.99835846,193.7262401
1342,616,206.3071156,43.1661997,155.6627558
968,616,157.8530021,59.93037014,390.4297213
689,617,464.9588651,46.20021997,80.39426361
1107,617,405.4376708,33.01766299,29.16041565
878,618,736.0948352,24.98338564,42.97927893
1121,619,220.944462,80.33855145,2239.816367
837,619,144.1296845,59.79962511,712.3507821
724,619,237.1350352,78.19881393,919.5155973
701,620,182.0563059,46.62607522,237.1359773
1637,621,215.3147626,39.95867703,105.7564845
824,621,226.564955,79.9695475,779.7549339
804,622,172.0416514,57.2554456,324.8234274
930,622,217.4732705,76.11299795,1258.102663
1766,624,381.8613171,40.63436749,145.9589362
1773,625,311.5380371,39.98839581,246.7547507
1681,625,157.553437,78.45688015,380.0751955
1821,625,133.277791,63.33855081,314.3309677
1067,627,255.1288461,28.9159926,80.02959878
1033,627,209.3926731,27.0425864,42.4551951
1308,628,666.8420956,26.69472467,78.72470927
1133,628,218.4487002,14.04250028,8.187953738
665,629,333.3665883,38.01162008,166.5263
647,629,230.3455076,31.1798598,90.41001165
675,630,224.0087819,176.3160661,3195.014913
1460,630,355.1349344,21.37037344,82.77919042
1070,631,195.6758962,33.81093118,97.74090942
902,631,99.50670832,88.47067872,376.8316215
1135,631,65.5562048,30.09461841,39.62277574
677,632,319.3018043,84.44201651,1406.075455
904,633,326.9525347,35.01530205,193.857116
862,633,350.1370834,30.65358033,82.0494252
1533,633,192.1393817,33.78076319,201.6545798
651,633,79.61011847,51.90898882,392.5057316
821,634,43.10862155,38.66497297,108.2714269
1725,634,534.2055542,44.01489611,178.5600006
786,634,470.3230375,79.21735029,487.3793549
808,636,355.8332463,44.00505764,100.5831853
756,637,232.2351497,64.70888143,398.864396
1343,637,437.604509,91.4617922,562.633749
1217,637,516.4972621,307.7149811,5060.664523
717,638,140.0193622,47.59370965,222.2593529
1478,638,247.2161626,50.14410863,130.7657585
709,638,233.370582,47.27959723,76.03763694
1013,639,127.6770045,39.26338992,105.4629993
929,639,349.507551,69.47297535,745.952897
1378,639,478.1998569,34.13579806,85.2224305
1406,639,272.4641234,34.9693905,106.7396329
825,640,443.2576751,40.27654369,146.9857948
1249,640,174.798879,30.79188727,76.34617412
1270,640,406.1750909,63.55538489,1835.413932
855,642,964.9894002,40.0077066,107.2905522
1341,642,190.9435949,42.46296822,136.5993912
1446,642,297.880416,43.41948848,158.022791
1890,642,573.0878425,89.75818716,1340.132876
849,643,177.4167256,60.29013854,680.7708287
1654,643,224.9339936,31.42253516,98.6952769
1053,645,260.5781451,68.1472486,570.0247425
1234,645,54.45037656,114.426007,1201.814758
1205,646,389.0097565,34.113368,312.3243954
1103,646,337.9165302,59.44296918,400.9140741
1418,647,185.8481412,234.0402813,6005.448244
929,648,173.7443974,55.33780833,368.0829701
1309,648,322.5496574,36.58177249,158.6157013
1406,648,401.2949579,62.1157409,210.7091363
710,648,419.2282833,45.22247965,102.6839194
1255,649,230.4845608,82.7988406,505.8267218
1363,649,401.7579184,38.50233663,119.8463159
937,649,210.06636,30.48762775,83.65245165
695,650,543.9867244,66.97795647,245.50844
945,650,139.768161,76.84856659,1538.285673
841,651,365.3021892,13.28944188,12.4742102
1560,651,655.5253337,36.21379565,124.3302431
1579,652,359.0602097,27.19183438,100.693333
1642,652,436.2835308,33.22427529,94.8112707
1444,652,179.6871226,67.46479796,471.5844024
948,654,229.3277673,54.56726439,355.1373347
983,654,272.1220643,39.18870384,46.97415614
1222,654,153.6166738,25.42255148,49.90248261
1181,655,87.70236731,72.75850238,426.5786113
1532,657,213.477024,56.1652778,81.07659527
766,657,273.1481969,39.50184358,89.92671868
1189,658,373.9026531,47.5402144,147.9484376
881,658,168.1160787,112.3819494,2082.66678
931,659,222.4971754,56.80687535,378.0714509
1043,659,246.8908187,48.85534545,228.6648304
1712,660,202.8528379,38.0719084,186.1505186
1752,660,133.4917396,50.2542009,582.1451287
1405,661,327.9089221,34.80288618,125.0805481
1627,661,309.8606787,15.72206266,13.87583265
1639,662,183.9754773,57.60645424,524.0293663
1150,663,188.1125543,16.11574092,31.34649701
920,663,206.0965752,25.00224677,80.65289439
1095,663,285.6313402,60.72399724,178.9005291
682,664,592.1280878,30.92656546,48.32004246
1054,664,136.6603375,44.75812618,96.1968462
817,666,125.4311527,58.1897772,492.9764053
930,667,90.72935611,49.83910977,226.1755459
833,668,288.4706731,51.11184605,216.1704232
791,668,617.9361295,51.89129749,225.6774768
1124,669,593.3136126,94.0662966,882.7366907
1125,670,526.9643699,63.54898751,343.6468688
1369,670,142.7229606,45.66724162,321.9859053
1621,670,344.4107303,106.3699048,2174.830029
1186,672,144.3851658,44.96337154,93.63489946
771,672,437.0810983,35.36213154,106.7666762
723,672,109.266746,38.47022201,91.84592361
823,673,335.3831085,7.287382112,6.797728745
692,674,124.232046,47.66544779,424.6500815
1366,675,271.1658856,130.67677,809.7952161
1670,675,425.7217866,73.98882965,656.2665713
1511,675,281.387117,139.9337911,3699.611803
1063,676,403.6988235,69.37150227,1802.337908
1681,676,215.2489947,114.4888117,2331.958815
1159,676,407.188637,39.8933218,130.1167045
1275,676,349.5513005,78.04854334,1015.09055
1629,677,77.06165691,39.01253206,248.0847284
1720,678,224.102953,25.54621287,72.18324713
1893,678,238.0516,62.63240819,842.9071857
1686,678,331.680824,68.09607662,1701.62428
1747,679,304.1354992,84.38688879,1322.145199
1817,679,289.8960949,137.7341989,2573.647081
864,681,219.5580875,30.48543138,29.37260291
948,681,231.3100941,41.26780313,78.9193511
739,681,222.6732767,71.22220717,129.7731559
983,681,100.7554867,95.07303674,1885.709646
1303,682,227.0197702,51.62654485,99.56367532
879,682,520.8336374,44.45439037,198.0604083
1253,682,102.5726045,44.40336223,151.6528359
757,683,177.4167256,85.55884925,312.4305083
1502,684,340.4914895,65.13055583,575.0015425
910,686,380.3083831,78.31589002,849.6337409
736,686,401.5502994,65.77028091,516.983309
1065,687,125.9860167,88.46166524,876.453947
1774,687,300.5571136,34.00450051,169.7693417
1440,687,468.117835,85.39504029,3117.213492
1870,687,310.9380791,71.52588939,1425.510937
754,688,327.9089221,23.05606554,100.9116929
1795,688,624.0356267,20.3383074,13.15257261
1125,688,619.1076603,49.34559454,287.0241084
747,690,157.0425144,70.5061641,1174.491239
707,690,366.1637996,105.7627444,788.1895091
1132,690,188.0975574,52.27611839,171.5866943
1128,693,379.0605032,61.75208949,484.3063892
1454,693,397.8612813,30.30776279,141.7620163
1538,693,228.9557312,54.43027089,738.5104135
832,694,56.73875603,17.92151215,74.77794429
812,695,527.2409087,81.18348798,693.7142492
712,695,418.6414886,77.95685364,460.0620462
1659,696,135.8142701,39.60711581,161.5334688
1671,696,394.6998468,80.72476778,739.4045005
1639,697,450.5168961,19.73867473,22.47097466
1456,697,613.4618001,18.35175381,36.38301042
800,697,147.115181,22.78665843,30.78002974
1875,698,83.70083354,125.1394924,908.3166207
976,699,160.2042889,80.32477877,723.9111071
1293,700,293.0218828,28.66393756,14.42487759
858,700,79.84547441,3.1137672,0.374032071
1463,702,105.0625162,41.35265586,66.4826798
1334,702,218.825391,63.71655371,673.9735047
1544,702,252.2814082,38.38138622,280.1902218
1285,703,377.3852395,50.40949744,322.9264158
1403,703,199.471172,77.51430245,434.3698673
1189,703,73.45162392,24.06814038,97.61830964
941,704,113.9476218,230.3568063,3078.083681
1732,704,561.5491197,93.45284754,352.4738169
1887,705,174.8263326,35.296085,150.7347383
1599,705,303.5026595,47.87797927,395.2788828
1621,706,349.1433554,61.1505926,494.9737478
1495,706,736.0948352,155.0918671,3607.623398
1723,706,229.8198915,42.2095488,479.63853
1258,708,239.032545,33.19982367,103.5466856
1574,710,698.3434451,31.47379987,152.7087817
1319,710,267.6487565,36.13055222,83.88887475
1295,711,170.3639099,51.23776576,154.540664
867,711,207.7167499,93.05436564,722.9432273
1305,711,213.1285298,158.5006256,3383.572434
945,712,150.5712968,71.15013738,2043.854582
1360,713,337.929925,41.93635074,69.54087653
1850,713,309.8162877,65.16045985,79.66998593
1576,714,205.1709611,32.88646692,120.7564027
1185,714,182.0563059,37.6663902,59.85815223
1039,715,194.3947913,10.8329271,20.22875734
823,716,160.0071722,22.68814877,31.31817388
1235,716,351.4324351,43.35672308,91.82591787
773,717,138.8510248,39.67328378,201.9504475
1314,718,394.8262584,83.45843918,559.6626516
1269,718,213.1285298,41.31102135,261.1866728
1731,719,160.2835448,51.41314428,222.4306577
1483,719,426.6785023,57.94934376,306.9204239
797,719,255.5581052,87.91922025,419.5504743
1412,721,174.8335651,31.08505788,169.5157687
1836,721,43.10862155,38.25169028,131.6386872
1545,721,314.4173764,49.27851129,467.6433042
1477,722,371.9397429,81.78024646,1008.612627
1267,722,187.3304693,77.6743969,425.2228771
1709,722,342.4038846,48.79032129,172.6003875
763,723,430.0905982,28.15162587,53.02332387
1348,724,128.5858497,94.8193138,1401.288834
970,724,489.649266,64.96929036,933.5053422
1310,727,185.0591174,5.012786497,0.598954701
791,728,186.9244155,26.90958255,22.79085698
980,728,192.1580615,60.84297608,228.6484068
1008,728,367.8769472,25.90973174,118.364907
1812,729,537.0465409,21.58380285,46.66838903
1208,729,207.7638298,43.36323332,167.4300816
1811,730,583.736897,57.26137853,201.2030818
1180,731,266.0299366,41.05118195,137.4879013
998,732,371.39422,34.71630499,411.26829
1247,732,178.2376267,52.08544383,1614.348293
781,733,444.7725155,210.5176143,3595.979022
1476,734,207.2705401,65.52970171,344.2618803
1340,735,244.5961223,32.87947335,124.4521299
1439,735,64.76008361,111.0260978,550.9443714
840,736,248.6309867,87.6881965,189.12576
1071,736,288.2871533,71.30117738,619.3805847
1728,737,231.9120538,26.7079563,74.63100635
946,737,375.198357,104.5325454,2964.916053
1471,738,147.115181,22.43168764,25.12883558
1783,738,357.5976308,9.572585647,5.887161737
1843,738,588.2029864,43.58314798,163.2500221
1033,740,254.0940805,32.93518579,45.92264111
1517,742,87.8722986,96.59835149,861.1220313
1248,742,317.5138636,79.70920555,745.8079856
1499,742,834.4591962,38.46017117,288.9217085
1496,742,681.8958421,42.35846767,108.6709472
895,743,265.3543884,82.99251371,431.7792335
751,743,181.7405365,297.8068968,13061.4461
805,744,208.7901995,166.8878041,4082.906955
1106,745,293.289081,86.09956533,1587.791272
1874,745,590.6079178,51.29329257,462.6323823
1624,746,737.9344877,59.14414259,331.5582163
1251,746,702.9666312,32.66988969,135.5065955
940,746,551.025639,69.40656006,638.5998582
1067,747,515.2104813,59.90661628,338.3056488
1253,748,385.1798218,42.27698099,157.4559574
978,749,364.6226101,75.37937654,1050.069319
1475,750,557.793825,19.86100384,20.38613798
767,750,308.5269538,122.059673,1337.268947
1129,751,429.1016293,73.4027907,276.0000994
1563,753,273.80019,65.55836669,801.4659675
1792,753,223.5203052,51.44078479,294.4706367
1756,753,429.1385636,3.720714915,1.850293366
1287,754,169.1415537,58.63404468,484.3659758
1480,754,363.0218572,36.31522118,252.067523
1252,755,184.2386681,70.68670452,594.0170103
941,755,308.8657347,125.253742,4008.756304
1151,756,366.2891095,120.2086506,701.3784983
1333,756,508.5857965,38.21427702,409.7010214
1329,758,174.8263326,23.8797154,57.87920615
1720,761,217.9040005,51.61173783,818.2511154
1656,761,371.39422,57.41286171,272.0169065
1157,764,158.5035476,83.45694895,532.7720737
952,765,197.435632,108.9243675,1810.285745
1230,766,348.9631013,35.14147996,132.0791632
1431,767,346.0063643,28.51271215,35.26797694
1521,769,121.5519876,28.62313404,79.39473875
929,769,537.6552034,45.98720624,322.0812784
1309,769,583.736897,53.03618829,421.6205484
1594,770,169.9984921,21.16746912,76.6607886
1191,770,529.519934,62.45963777,2143.47827
1060,771,173.3499564,61.77454739,138.5089362
788,772,123.3912942,31.54986303,161.0181893
1608,773,99.82069604,38.40320129,223.913171
1478,773,535.6265217,45.6134831,287.6636352
845,774,590.29758,47.02255422,103.7023846
1475,774,420.159762,38.06956743,43.54133108
908,774,359.9021833,94.63590295,1005.777649
1010,775,128.5858497,32.8404944,198.6135812
1177,775,135.6962011,55.1008665,124.1823519
1084,775,309.5487818,31.70855733,153.5069168
840,776,99.50670832,279.7715111,14537.89158
812,776,176.5290593,54.42462862,139.6671836
1653,777,322.5496574,30.36395419,92.86945397
1727,778,23.19129935,34.84863267,157.2450034
983,779,457.5318851,27.37531459,36.17905768
871,779,258.5427268,35.67048064,50.26023595
1241,780,244.2100091,49.19936722,476.8247037
1382,782,669.8970705,52.82482134,411.0989579
1580,782,507.5159509,17.89536688,57.43936378
811,783,382.935062,19.73980602,17.34075651
1141,783,600.3521143,39.42997019,83.49836676
1614,785,448.4981114,14.02359735,35.09272493
1644,786,323.5660561,28.90770184,70.63112413
1200,786,277.6931987,17.92774729,32.15963919
1177,786,389.4559332,33.31027441,283.7780092
829,787,245.6525398,63.75973314,751.7117352
1074,787,257.0011816,74.98880072,1325.800832
802,788,216.7469263,49.73660678,820.1559532
1026,788,218.5492369,19.63648127,21.65061465
1121,788,173.3034235,30.46306509,77.16931434
1481,789,105.3428476,17.90355588,18.82532234
1553,789,165.5471003,26.47293559,58.98641541
1035,790,206.3634369,58.75198317,608.2358733
1091,790,169.1446138,9.803841842,8.236957189
1419,790,588.5777404,36.67355297,212.2923793
875,791,238.6278746,57.53076009,118.4808374
1065,792,139.9419338,72.16178585,742.5196251
1404,792,191.6409795,80.2392902,1071.525551
1774,792,461.9296024,85.06835311,984.4475308
1131,793,729.6873066,140.7691721,1681.834103
1851,793,812.2037884,38.19401453,59.23882372
1102,794,303.9795021,36.77997982,90.53548312
858,795,877.3222695,38.99165184,267.0531042
1457,796,446.6209014,40.84806863,137.7894343
1048,796,598.7199941,44.66964534,270.3938725
1265,797,235.7206866,43.45069927,216.4102502
853,797,145.3556476,97.7525613,1813.499336
1722,798,221.0540974,43.43154751,107.7725243
1220,798,204.8096738,38.65977266,112.6218228
1234,799,84.12079746,79.45130167,210.2208915
967,799,528.1202201,56.37790013,1171.740282
1501,800,335.6030833,52.27646439,391.1935405
892,801,208.6295318,56.12761833,186.9695529
1115,802,345.0401214,38.49644274,89.2333618
1075,802,199.2089648,112.1199512,1337.111743
1375,804,224.0190593,7.364665284,4.214771931
1057,805,239.2014238,58.56190158,219.6433677
1100,806,226.0457242,92.82789626,2718.744125
1488,806,543.9867244,58.35452116,1101.219938
1282,807,235.7206866,33.43600173,113.0448744
1088,808,118.711583,46.87858334,230.2432517
1162,808,287.763438,56.389524,365.7699529
1138,808,265.3543884,89.22542336,973.468471
1181,809,687.9839436,41.60808168,114.0964891
1115,809,261.5753554,42.56200571,227.9858535
1204,809,794.1630163,26.05722337,314.6871375
936,810,357.5976308,41.3602012,521.7624498
1264,810,65.79172506,12.39960165,9.898398374
1399,811,535.5904369,54.1774065,123.9774406
1315,811,515.1667446,29.16941608,78.41026267
1856,813,256.671606,31.26678657,79.70962729
1883,813,370.5602899,24.55452122,27.98834982
1615,814,379.4436216,33.05200209,148.4886272
1292,814,273.1481969,49.37627582,131.145922
1759,814,284.9899833,108.7730578,4202.140864
934,815,240.2178584,86.55169338,1434.517248
1011,815,229.8198915,66.32159911,239.3647493
969,815,343.6968208,40.40626294,375.3634827
900,816,174.2833943,37.88456616,57.54594692
852,817,190.094371,39.85057677,124.5032894
1195,818,388.4872031,95.07476381,853.5135365
1207,818,592.1419628,29.02448785,77.57573486
938,819,286.2638424,12.87632817,48.88196803
1250,820,239.032545,10.67075829,10.68521689
1512,820,721.0450059,25.30754664,76.91584184
1808,820,192.5446616,57.62037134,324.7993402
1779,821,356.833513,35.37864787,87.54210128
1699,821,184.4806029,30.75141764,28.07185446
1039,822,183.9708818,164.5310951,1853.222412
1157,823,158.8588976,47.23704469,238.8006386
1344,824,372.3959911,65.76478477,349.5915298
1248,824,329.2418329,51.22481261,241.2311327
1091,825,308.0896668,259.8794069,7070.557316
854,826,355.1349344,52.07702285,406.8272201
924,826,204.0247754,45.49407049,328.2272399
1782,827,172.6089563,7.993730662,1.745342225
855,827,262.2700241,29.64768149,54.45542687
1540,828,405.0706705,35.71722572,304.2249275
961,828,243.9645892,57.10246573,226.4491052
1771,828,392.6668864,77.1606895,493.1203318
1861,828,557.793825,30.82931872,112.2337936
955,829,420.159762,83.92382345,2728.973352
1053,829,274.9991019,64.77946092,671.926155
921,830,266.9297442,15.51884416,11.86865141
1223,830,282.6980403,49.90031423,204.0761553
1363,832,596.6118113,51.99671817,529.4256005
1001,833,615.3432036,33.37710158,268.0313911
1500,834,351.1385161,20.42003912,64.38339841
933,835,729.6873066,64.31033293,499.0936968
1287,835,145.9190187,27.94087791,32.50341756
1795,835,188.4418958,51.46438439,111.3791327
976,836,315.8952795,79.66805379,2198.213391
1348,837,506.4348279,59.37617902,223.0230972
1703,838,267.6487565,76.66838614,373.8610004
1035,839,732.8718697,37.04340849,33.32305875
1419,839,471.2193394,55.49537088,191.2060818
1379,839,193.3663786,59.402453,209.7862789
1894,841,363.934158,68.12578207,402.3812949
1503,841,308.0896668,59.31313545,440.0073252
1819,842,429.3251195,43.03259952,278.816049
1531,842,474.2868375,30.48808488,450.6923702
1063,842,267.6115036,52.83575583,1105.069798
979,842,475.0777077,110.5467774,2174.413212
1025,843,301.9912155,36.36840673,80.10390642
1168,843,220.9728617,35.02541074,118.5615621
1278,844,435.8298837,65.74600512,212.5635514
872,844,250.1123158,9.464266522,2.378155699
1199,844,280.3013313,65.79812925,268.2868806
1622,845,269.2993226,52.02680455,145.341501
1475,845,289.4732103,63.24109816,150.8213541
916,846,47.0931073,70.13470277,300.3584536
1056,846,227.0197702,138.5230007,1177.600023
1085,847,119.8550727,38.92686936,93.37018927
1154,848,214.0170429,62.64819718,469.0986587
1650,848,416.4919821,68.62433195,724.5352198
1610,848,280.3013313,45.8700359,297.5528039
1729,849,474.1074256,84.13027742,786.2492757
1131,849,229.5173671,46.28807638,459.9861978
1877,849,285.1267412,34.04222562,36.2784219
1268,851,374.2233224,101.9846701,776.967953
1224,852,206.7817728,44.01651607,170.1699192
1553,852,555.8898734,44.2770927,83.92206651
1171,853,252.2194652,57.57215896,291.9751132
952,854,342.5584141,53.31057373,175.2401393
1238,855,403.1586695,44.52693676,141.3052703
1100,855,265.3601771,127.5438975,4450.029745
1859,856,297.3743471,19.99970579,34.28476387
1413,856,180.5880068,15.31471246,19.6761269
1731,856,142.6925323,34.27917157,126.6979075
1240,857,521.3567152,46.95781714,708.5128826
934,857,430.6985869,36.23821162,77.95803174
1898,859,291.1754312,83.57969502,367.3811725
985,859,150.7319641,21.15234724,28.28795283
1661,859,198.0014115,28.35630457,76.76629017
1359,860,182.1806897,54.22011256,359.9762971
1165,860,267.2583303,62.44495638,164.1174406
902,860,173.424408,82.36869428,453.7691303
1015,861,311.4766587,63.39929201,670.5649178
1078,861,136.0031233,75.20364326,875.9813804
1828,862,198.0121079,42.68970055,60.01594326
1824,862,165.5151902,66.78210991,486.6651917
1894,862,223.1740739,56.53982309,255.8274645
1851,863,215.3147626,45.80084935,40.64974111
1066,863,184.9187684,34.2858531,102.368007
1221,863,68.03218618,45.52261674,217.5661044
1138,864,201.4251449,38.03060383,204.5881215
1343,865,303.5026595,30.82202762,76.7540537
886,865,359.0957098,33.18222674,116.6340892
1628,866,213.3037616,43.65966675,264.3036555
1299,866,212.1300154,46.46048696,106.6316073
1259,866,451.6068618,33.19677032,177.7380372
1098,867,129.7246327,30.34575141,40.00685809
1340,867,172.8914334,39.46593804,152.5727568
1043,868,325.171265,56.14710837,187.4829565
1683,869,107.4526092,33.0634237,186.5182711
1677,869,425.9140946,37.4711355,171.6938381
1736,869,85.96193792,33.89009539,122.230961
1707,870,328.9953959,57.05389011,318.4821938
1672,870,451.376803,45.3784367,145.1266309
1555,870,385.6960962,50.99322556,515.2610377
1715,870,211.5440323,44.80674597,188.7226521
1046,871,130.344717,21.86608772,20.28716583
1246,871,235.7656418,26.89457695,49.08102046
971,873,466.8448321,30.77631808,58.71013439
1688,873,432.7638555,50.63642123,136.1383933
1628,873,218.4487002,69.39511458,316.9082996
979,874,157.6792198,32.55769539,77.69184887
1220,875,36.33843609,41.41127961,58.93041571
980,875,181.6454605,31.95002598,105.8513262
1124,876,218.3823809,16.52203122,21.87476555
1536,876,203.3274229,48.05227696,122.8225053
1811,877,422.153996,49.48777309,273.5330136
1687,877,366.1637996,28.2355588,108.5336815
1313,879,837.4148353,42.35699058,228.0815089
900,879,401.3222458,57.92682058,485.1366654
1158,880,182.4279611,32.59374137,126.9439131
1345,881,54.92324282,50.89825146,440.0118702
938,882,168.1898184,112.022148,3408.200859
1085,882,109.0673339,109.3618806,2102.532242
1734,883,228.9557312,76.48816294,408.8165741
1449,883,422.4742469,64.15658999,439.9378188
1456,884,220.8072402,46.59478142,241.2139343
1501,884,369.1700553,25.05287513,108.2601076
1835,884,877.8040475,48.49527684,206.0712874
1102,885,206.3634369,39.96431605,86.96138
1204,885,315.8952795,106.1840443,4984.804502
1328,886,263.045384,41.37151267,402.0323879
1323,886,983.1410724,78.51251164,2765.321376
971,887,437.7910577,48.99523486,421.0413778
1111,888,480.5709836,42.43717882,162.042446
1435,888,120.5868686,29.01286083,43.22202436
1057,889,416.0111819,31.80638536,144.118052
1784,890,297.4371296,10.97562576,24.17979167
1692,890,229.5751436,48.14958119,487.2075941
918,890,536.8307915,74.44811724,293.9226519
1813,891,179.7084974,44.39941399,146.1908701
1393,891,262.400298,23.0526468,19.91921232
997,892,411.0247426,26.47117489,18.2436902
1353,893,112.2062894,111.1163329,4937.743845
1169,893,367.5149852,72.14260636,1124.930495
1628,894,546.0513157,24.01611754,53.53044212
1568,894,117.7829497,32.1072409,54.99337423
1259,894,151.2145152,57.43145474,371.9162981
986,895,417.3778846,66.51219286,426.1442357
1300,895,384.3382001,73.00647943,991.9957836
993,895,230.4845608,135.7839934,1106.512628
1036,896,552.3083759,35.09063221,252.3898988
1064,896,77.06165691,69.99760279,503.639224
1888,897,134.565403,54.08563476,96.53043265
1827,898,360.0314543,32.34579769,43.65261402
1851,898,386.2123804,106.6200487,371.7966306
1025,899,96.23678547,113.4783376,2394.548919
1108,899,222.3496414,35.1881961,288.7019242
1318,900,203.862154,56.75944348,200.0869669
1661,901,266.5969192,33.06440774,39.28219863
1438,901,291.0021815,26.28598282,41.00230088
1319,901,116.4536333,53.54677222,120.0778884
1732,903,187.0304169,39.0615721,97.15289383
1539,903,197.3779818,80.27660398,457.3044555
1512,904,333.3665883,31.71568498,82.19857062
1518,904,373.9026531,35.38740649,96.42083858
1185,905,264.4056949,36.29683524,104.9851373
1745,905,136.0388933,26.83427687,106.7855431
1705,905,309.9800513,28.87968871,87.82593529
1504,905,272.3314862,35.58315845,60.71665502
1885,906,336.6565142,42.55137471,296.8315906
949,907,288.1919027,38.44252795,420.0992046
984,907,543.1076246,55.04600736,387.9326828
1047,907,85.95583234,36.29352569,103.0556677
1546,907,403.3678156,78.91947707,290.3778314
1358,908,59.8680053,144.6617843,1061.810107
1395,909,184.2386681,49.5689962,177.8956836
1622,909,169.0112505,134.0412669,1076.710534
1614,911,207.7215093,9.659450435,11.38686449
1780,911,246.2823304,89.73677669,943.2465786
1900,911,470.3230375,30.39443361,159.7481081
1073,912,301.3132414,30.78407075,105.8182833
1471,912,248.2977713,11.72717557,12.28719068
1519,912,272.7143568,24.97061808,52.74363102
927,913,315.4688993,92.51302869,3310.764692
1210,913,189.8031349,59.73303247,552.0449854
1192,913,341.6175937,27.30239768,144.5604997
1223,914,142.2918038,13.76939035,10.24228596
1643,915,567.1874378,56.52650369,187.3612769
1875,916,411.048334,164.8383822,2641.268599
1057,917,136.0031233,51.95401628,315.1235836
1022,917,203.3274229,27.59866107,38.9324088
1569,918,546.88406,48.59376631,332.9675578
1573,918,93.60051923,49.73073979,317.9951134
1781,919,119.8550727,32.5160676,96.02308685
1639,919,316.3795714,28.23178347,30.51672369
927,920,179.8530481,55.49702895,317.6466819
1288,921,168.1160787,17.54685831,14.42424267
1240,921,463.3485895,43.13296514,187.9809623
1804,922,67.54240776,76.8289663,1266.032196
1505,922,89.68328444,33.85089834,200.3727516
952,924,364.4378115,79.45584678,856.3440506
975,926,932.9795716,18.62779041,78.66425205
1045,926,317.0501664,54.60009031,531.9959033
1075,928,315.8952014,32.76444969,161.4804011
1551,929,749.0030862,40.03939384,237.1785238
1383,930,231.0326626,66.94278251,359.7174649
1371,930,84.12079746,146.6789697,2391.893715
1701,932,195.2502728,60.62765838,313.4828553
1876,932,347.7028268,63.40581577,332.6975549
1009,932,333.3397906,42.93727845,109.207083
1833,933,133.277791,81.23462511,2030.275904
1825,933,87.70236731,21.17480159,53.64691725
1246,934,494.4566028,40.61360379,242.5648834
1353,935,266.0299366,59.91345463,813.6122123
1169,935,98.15316266,40.85156325,59.98798615
956,935,227.3709787,57.91003885,222.896618
1550,936,317.9769691,156.969844,3922.744711
1117,937,479.26032,64.73026592,219.8548582
1420,939,270.3154592,17.67766149,125.5161194
1575,939,40.1955532,41.98151812,340.0946051
1149,940,732.8718697,63.6830494,571.3314737
1729,940,303.9309738,36.97540761,108.0646331
1131,940,783.4679732,88.48086776,500.1706984
1068,942,291.640521,23.68579899,41.2310394
1152,943,449.8409031,99.92650073,1226.381748
1219,944,206.5600204,46.16224763,105.1539932
1295,944,74.64159246,20.00944644,10.9879742
1545,946,386.3014545,73.1960177,117.5068723
1864,946,539.4160236,55.75219445,627.2700202
1614,946,252.2194652,70.73763652,1280.440056
1347,947,498.4205476,26.17523733,59.67818341
1552,947,174.9291595,35.45834529,113.0305746
1197,947,119.5049221,33.6711611,202.7494661
1216,948,285.1681367,36.39775208,205.4450828
1308,949,451.376803,40.53008282,113.0134041
1041,950,521.858277,56.15661453,204.2881554
1398,950,384.0532947,33.31765639,99.52511399
1390,950,381.3131091,59.53019804,308.4371645
1091,951,84.50477683,22.20558733,104.2529321
1419,951,308.8657347,27.05882891,54.52187224
1846,953,433.0946594,34.52852621,62.08133108
1737,954,379.0823482,116.6338827,899.1997011
1579,954,571.5129566,33.24303021,106.4649411
1187,956,188.531461,39.59785771,56.23708362
1235,956,280.3753136,52.16819167,67.90461372
1362,957,252.1376521,50.72158034,286.2343292
1547,957,330.4178154,41.25056462,204.5326377
1183,958,192.0974179,11.58308805,9.920583469
1305,958,156.3548186,107.3470793,2694.248544
980,959,565.5537975,19.51053343,53.46934171
1008,959,262.0605862,33.07140326,285.8305845
1101,961,655.7430854,88.63787438,578.4633381
1317,961,228.986509,63.07720071,638.0124943
1429,961,808.8014416,103.7705754,1007.889923
1095,962,195.2502728,23.48324977,46.28951435
1127,963,158.5035476,41.12127461,100.4748026
1115,963,169.1446138,45.63502504,67.28702746
1422,964,364.9690961,55.55182047,450.4858154
1676,964,206.5923685,55.94830897,187.041069
1117,965,311.2551407,97.47024566,958.0363279
1367,965,250.2074962,75.73747894,852.6604054
1078,966,461.692006,43.4030171,115.4394944
988,967,386.2123804,66.8685824,537.0837328
1468,968,292.3479732,18.40166399,41.12544816
1407,968,273.4911032,65.56328477,529.5124489
1192,969,402.4812684,43.21988155,186.753025
1109,970,242.1193503,75.06630704,760.9384501
1103,970,288.1881173,48.37632124,204.3083429
1242,971,347.2602902,29.44891764,83.9371454
1406,971,239.9090691,61.96897591,180.1198934
1290,972,194.4176342,56.67618777,187.7948229
1436,974,177.3788564,69.92984669,188.1626716
1740,974,129.3414543,66.50837371,229.3140883
1494,974,332.9671468,40.79078001,131.1392683
1365,975,262.400298,34.91893936,285.5902717
1095,976,442.6111722,53.13550853,150.6818516
1781,977,516.729278,25.04008021,31.96457341
1451,978,150.7177595,84.50482092,1301.398429
1463,978,240.8326967,45.19474576,134.0734468
1285,979,296.1030508,119.4200889,1792.450122
1136,981,192.1947587,45.30920379,308.9322025
1798,981,120.2346813,52.733622,567.3019954
1826,981,759.6472394,39.09256169,213.0806076
1585,982,484.3072559,33.35467909,131.2574682
1648,982,707.8222892,22.83083396,107.0335927
1046,983,164.5701772,35.00119295,33.50638935
1133,984,165.6612501,18.40295063,71.82128401
1327,984,296.400922,34.32012249,142.6466337
1226,985,295.9341185,89.8010932,422.2659482
1097,985,310.7910098,53.04005622,251.244955
1165,986,212.6288749,152.3158412,2948.224825
1015,987,203.6268237,107.6906623,735.8231703
1250,988,286.001407,32.4700999,101.1646459
1024,989,178.4685047,43.1530547,229.1336033
1088,990,173.1105499,58.30525121,154.7270936
1162,990,367.6673525,40.47824414,127.855324
1040,991,421.1430197,35.83756783,46.38360149
1328,991,297.3743471,46.98759063,467.401636
1697,992,345.1284077,87.08627067,482.1243172
1170,992,201.99432,36.62066488,136.1772122
1568,992,490.8955597,61.08109042,274.5056302
1129,993,380.0374362,75.67616704,481.0482215
1085,994,121.5546234,17.19144199,5.865380713
1593,995,212.5972994,64.27336857,1440.766301
1331,995,178.1734333,19.29342351,31.90633607
1636,996,188.1125543,42.53344357,166.1730877
1861,996,406.13416,30.39485278,94.70871882
1672,996,436.1160175,60.53646977,251.580663
1707,996,242.1193503,28.93827485,44.60517472
1205,998,453.2407947,74.0895235,1517.315009
1304,999,348.821482,59.20368683,1089.89892
1315,1000,151.2145152,88.04779447,758.8932726
1359,1000,119.5049221,80.63570043,327.5114186
1165,1000,187.5564271,54.21962147,326.3452918
1099,1001,197.1452485,73.97289582,1154.27064
1160,1002,188.0975574,45.70449106,170.6642985
1888,1002,397.9002526,108.0892648,1649.352748
1820,1002,393.3975505,72.71830086,626.2450464
1845,1003,258.3630147,26.40323789,158.601931
1018,1004,336.6565142,31.07528407,67.29922339
1329,1006,491.0600093,73.83657703,581.1580073
1028,1007,289.9981091,48.27875387,302.8473416
1371,1007,326.9525347,30.61366149,153.8915498
1336,1009,394.6998468,79.60124149,688.7632363
1542,1009,309.8837454,49.60901246,238.0146025
1462,1010,265.5468273,23.28860483,64.37337621
1537,1010,205.1709611,52.98250374,188.7043191
1260,1010,205.6161214,19.11037675,16.0178442
1338,1012,61.01116025,84.85641523,432.121372
1245,1012,202.5600685,47.72204853,205.7644196
1058,1013,600.736249,46.26997606,279.3954514
1092,1015,315.6747602,78.88730769,407.4664503
1830,1016,255.3728071,88.73535094,253.572661
1647,1016,359.7984005,28.96819154,64.15397962
1174,1018,474.1074256,11.52088491,9.504098962
1109,1019,265.1027488,58.19772585,125.9150889
1529,1020,360.1234879,71.82815564,243.4365804
1472,1020,147.6014535,88.09401272,452.6528444
1171,1021,255.1288461,40.08106005,110.5303203
1808,1023,235.6236818,35.25915068,99.07443486
1816,1023,174.2971345,28.98335369,52.91681111
1276,1023,217.7667406,29.33642929,40.84021511
1849,1024,529.519934,105.4408047,1616.504924
1279,1027,173.424408,31.95846663,169.1634522
1390,1027,162.243029,71.36665552,656.3290558
1426,1028,227.3709787,66.16759508,305.5569876
1085,1029,449.8220414,58.50817782,372.8780427
1368,1030,180.2972627,23.09025193,57.40024601
1482,1030,242.6223644,56.37024926,264.4227341
1428,1030,115.4691097,63.1233581,577.7785833
1591,1031,183.9086609,57.59865883,278.7331492
1168,1032,120.2346813,80.19727342,762.4876979
1222,1032,187.5564271,48.17883642,258.1565597
1198,1032,138.3653967,16.59011841,15.80670795
1090,1034,218.695071,48.28164605,298.8616471
1484,1034,521.858277,119.1226566,1540.980901
1399,1035,170.3639099,79.84976778,291.0458908
1099,1036,345.0401214,56.15355455,273.3937625
1814,1037,187.0304169,71.2637555,523.7299045
1087,1037,685.5480784,83.63148073,1109.629439
1617,1037,461.29248,79.54108336,1723.683152
1470,1037,187.0332182,44.13505663,540.0297273
1696,1038,373.465262,150.0634943,6543.109121
1719,1038,687.9839436,64.62184027,1205.083059
1203,1038,335.9269365,44.53181648,444.4093185
1170,1041,295.8768103,26.20668761,54.758212
1565,1041,289.5651337,33.72037931,383.0452186
1300,1042,481.4511858,21.43018088,15.95822151
1656,1044,626.972133,49.09142867,284.6223886
1758,1044,501.413837,51.64821252,89.53515856
1477,1045,452.5352497,71.68555038,664.6087278
1847,1045,373.0802071,33.75331993,72.08955744
1490,1048,317.4143893,13.169048,23.25762081
1562,1048,789.598833,38.04986751,475.5223197
1325,1049,837.4148353,21.416269,22.90273097
1738,1051,558.3018389,42.17296979,228.8969173
1567,1052,518.7394218,9.978231012,4.735981779
1489,1052,231.8067288,19.68235506,11.23950393
1074,1053,249.2431119,27.22206869,89.89879386
1253,1054,362.931564,29.42634772,44.76432945
1349,1055,245.983783,118.2394854,2508.341017
1487,1055,276.9632741,28.32806864,79.9546796
1548,1058,543.3340304,33.44512618,124.4870632
1608,1058,433.4806221,39.22268945,211.1993938
1881,1059,240.68207,64.61817212,424.331222
1757,1059,236.8129198,58.89833454,380.7952675
1863,1059,295.7785775,34.02942315,87.90002825
1096,1061,119.4115022,26.60687165,48.88715786
1205,1061,194.3462435,54.81112189,858.951101
1697,1062,181.8802626,48.86579941,692.3882485
1362,1062,173.4019806,38.89558157,245.4973631
1170,1062,267.044376,99.87295227,3225.554811
1179,1063,389.0715425,47.69472406,394.6083969
1099,1064,308.5269538,66.96517676,793.4860217
1603,1066,292.3479732,31.95223435,150.4515294
1132,1067,176.2882066,97.21786916,2099.712308
1303,1068,126.8696917,68.56824363,525.0996946
1140,1069,195.336973,65.35291731,886.3927098
1520,1069,331.9189396,76.84496987,490.3366728
1490,1069,249.2360129,23.38922928,115.3022125
1497,1072,331.6213277,61.66723986,1441.366583
1209,1073,648.108398,105.3380418,1942.332048
1474,1073,390.3773495,25.17323352,58.18631933
1610,1076,1763.386917,22.15113259,57.39662451
1595,1076,382.935062,114.3358691,1080.334805
1411,1077,246.8908187,76.99511701,805.8703309
1255,1077,212.1300154,34.51312497,209.5975044
1363,1077,357.1935553,64.56539426,524.1354343
1092,1078,317.9548827,43.14702392,51.65945764
1392,1079,533.6401359,32.30729595,30.15105515
1094,1080,980.7063535,7.777994649,10.80701528
1174,1081,480.5709836,12.25211841,20.31642974
1211,1082,508.9401881,109.8488447,1371.36647
1175,1082,191.0314798,27.97842939,106.9252036
1273,1082,65.64691401,112.1956777,1316.676635
1283,1082,129.3414543,35.2961281,89.02001661
1370,1083,230.5115871,39.28811234,194.9977004
1532,1083,229.2882337,45.29686006,59.41264562
1260,1084,289.5651337,39.29997753,304.9757081
1479,1086,231.8067288,51.85277358,384.080506
1558,1087,324.7243547,57.41174066,294.7586684
1139,1089,389.6741548,36.36885155,540.1615695
1499,1090,404.604918,66.77713267,628.7732205
1430,1090,423.565812,43.23472014,149.4589093
1422,1090,796.2967673,37.02358523,119.1630721
1668,1093,313.437054,55.52055104,476.1144993
1824,1093,379.710862,56.04075592,729.8031768
1768,1093,273.80019,66.73701139,511.6771314
1469,1097,261.2699314,39.43122889,216.2862939
1583,1097,190.6074406,64.4542679,1523.758613
1427,1098,187.4831483,31.15403599,63.96117291
1311,1100,291.246986,112.120267,3535.273292
1136,1100,226.6451581,47.74678596,496.9082047
1433,1101,229.4301945,47.90688974,183.5568579
1805,1101,471.1184585,92.36929868,817.5774253
1120,1102,301.4289481,83.27819454,546.2611773
1439,1105,306.0372569,32.27529554,65.85815581
1578,1106,497.2524457,33.5701643,193.5396901
1698,1106,231.7631415,78.49408453,1582.573192
1835,1107,239.6687178,17.76515823,6.780086501
1216,1108,658.4608274,53.16494744,360.0483435
1122,1110,202.3150389,72.26014543,721.5938355
1502,1110,324.7043452,39.19194961,277.5725853
1284,1110,147.5826488,84.80748236,726.9000915
1159,1111,337.7397836,46.97548852,432.0166769
1557,1112,230.6699168,40.96705234,174.893983
1346,1112,317.5138636,61.7750017,401.9934675
1507,1113,600.736249,10.25210696,30.21741513
1267,1113,184.8482131,58.48880768,805.3452493
1297,1113,172.2389552,34.25385688,155.8349079
1164,1116,150.5712968,30.51356291,29.82732046
1542,1118,96.23678547,32.7430793,47.50375345
1773,1119,308.6322849,26.43201899,63.01064273
1821,1119,351.4356002,46.33890994,222.2213012
1749,1119,177.9770438,33.73683471,70.73733605
1162,1120,637.1693347,51.10743721,266.5525907
1634,1122,56.73875603,40.99154014,229.2975748
1315,1123,115.9472542,177.0264179,1865.50608
1300,1123,534.4137894,117.1674731,381.3804105
1326,1124,238.4113748,68.81910434,391.9606764
1489,1125,463.3485895,34.47519415,72.13999512
1181,1127,236.8129198,36.96760727,17.74519701
1398,1128,252.5996352,50.83815052,765.6544092
1310,1129,374.590421,33.38239121,427.2727282
1335,1129,445.700541,45.51838054,282.6171143
1899,1130,177.0384233,48.12105544,195.8936943
1782,1130,207.4714213,57.69821441,161.6681398
1631,1134,200.0120628,122.4108748,1240.335696
1280,1135,188.9019845,39.81458918,119.4248232
1890,1136,364.5744015,39.23859378,126.5567849
1769,1137,330.3006646,26.39116096,85.74928693
1757,1137,526.9643699,44.74307794,589.4923597
1504,1137,600.3521143,77.22290156,498.6195874
1571,1140,363.6314208,127.2881785,2821.701243
1178,1142,263.045384,30.56527639,131.7914274
1880,1142,193.1793316,39.09150239,1176.68507
1573,1143,357.5418123,29.38493987,146.1211454
1381,1143,294.5838901,14.36309601,59.11539827
1273,1145,236.6580219,33.00983074,39.20558394
1685,1146,247.681827,61.51730356,222.0227945
1225,1147,361.4377406,67.02510183,203.4855735
1285,1147,1375.671187,35.3683896,108.993628
1391,1147,290.389597,73.4607254,387.5590414
1665,1148,450.7025223,29.31142946,201.6873144
1802,1148,213.9600738,30.86176114,103.8654772
1281,1148,231.7631415,93.44947017,488.4945909
1624,1149,77.68142189,71.85963702,302.0408297
1409,1149,188.8080619,177.3180254,3468.577709
1667,1152,201.2208564,22.15589509,7.608354997
1511,1152,203.2810056,89.39575183,1107.588897
1425,1155,187.7401673,40.75356326,212.2776861
1678,1155,240.2681057,30.9605655,116.0620429
1721,1155,317.9769691,41.00508815,287.8940559
1382,1158,193.1793316,31.5743544,143.3727302
1682,1158,367.8985108,10.75846311,25.05437783
1629,1160,248.5542772,41.4498234,101.4349818
1827,1161,247.681827,102.5032746,299.0845611
1851,1161,291.2689636,43.45124674,141.4953109
1298,1163,156.4262643,44.16885869,68.27268799
1592,1164,202.8528379,61.56849299,215.4370508
1726,1166,309.9800513,45.6042487,245.2628317
1756,1166,193.3788619,75.487418,454.9117843
1630,1167,262.9349518,22.39194934,26.05835594
1763,1167,59.61637085,50.13025925,980.8610887
1187,1169,445.9133441,52.67898298,51.45186667
1330,1171,209.9648436,65.68713658,365.4214433
1623,1172,445.962037,44.373936,226.8941309
1789,1173,261.4719247,92.31353125,1002.477831
1755,1173,461.4879763,78.80023667,379.7818104
1258,1175,193.4954925,53.30384771,228.8079354
1532,1176,198.6725851,20.89380821,17.09159151
1304,1176,169.0112505,85.70872882,436.9737542
1236,1177,203.2810056,98.02464307,1641.276998
1897,1178,182.8543638,18.62244369,35.0156342
1396,1178,205.6161214,83.64355525,1085.538041
1536,1178,83.68299612,101.8415635,1194.367921
1531,1179,482.9838012,40.59073557,235.92312
1821,1179,458.7979694,74.12843932,308.5668455
1694,1182,348.9631013,26.21906711,33.72542426
1559,1182,270.2586661,46.31444517,283.6116529
1367,1183,165.1214109,213.4181446,913.9241208
1593,1184,166.7717293,19.77814527,34.44755463
1734,1184,251.1476902,66.02534365,453.691214
1814,1184,361.4377406,43.36573595,409.7486245
1711,1185,187.6538421,38.93972921,89.66320057
1770,1188,229.3277673,128.5154756,1758.847211
1610,1188,546.88406,91.60659756,1067.355406
1595,1188,355.6431265,24.65042594,62.0132081
1445,1188,141.573317,105.730283,848.2903819
1345,1189,184.9290569,99.1619566,506.2165032
1846,1190,434.4642783,26.28745804,37.63879578
1747,1191,272.4641234,44.5741849,290.7778983
1229,1193,223.5203052,23.84008806,51.33884928
1458,1196,266.72183,41.38774046,74.92230005
1776,1196,351.9118393,47.09754162,154.6702643
1380,1196,346.0063643,39.55531559,54.43289734
1467,1196,242.8317595,41.29155618,83.7132948
1779,1197,147.7734406,31.08893171,176.8398187
1699,1197,166.9479883,53.56950986,557.0440979
1409,1199,443.2576751,109.2294264,1388.891893
1456,1199,379.0605032,137.5022156,3637.712334
1587,1200,276.8923422,74.78549276,948.4583381
1330,1201,508.9401881,80.15472395,995.0684216
1271,1202,493.8097046,36.85457996,109.2369863
1728,1202,328.3410563,67.13712823,387.5052936
1596,1202,220.9956852,83.05000428,702.4530573
1480,1203,253.5573664,15.30586673,32.51938651
1240,1204,223.9545091,39.14868885,81.33651678
1670,1206,184.5621388,98.67841961,1380.661223
1523,1206,168.0767401,78.27097742,1181.279788
1349,1206,685.5480784,85.84129724,338.0580343
1896,1208,287.2043926,35.69728132,207.0111311
1281,1208,290.8636252,88.04027527,1044.006314
1853,1209,208.9353201,51.82398713,765.5951195
1729,1209,139.768161,73.76021071,2177.851465
1877,1209,173.1105499,139.5805112,5756.547817
1222,1210,188.9019845,51.57886953,632.3369905
1338,1211,417.6863188,115.2109551,666.731778
1513,1211,225.8890994,131.1549046,1232.374091
1589,1212,123.8118697,48.89525589,299.8127214
1219,1213,426.6043255,63.18274158,901.6240006
1818,1214,204.3966949,25.77974994,117.5680753
1581,1214,288.1919027,47.54341857,361.2704274
1525,1215,420.8822456,70.59656531,543.4066701
1222,1216,145.5910052,54.52436671,145.0024458
1547,1218,309.7643485,61.89295597,278.6348221
1740,1220,588.2029864,35.97465175,87.55698903
1851,1221,729.2562404,26.77815371,56.88778276
1562,1224,355.772862,56.39839966,268.5620611
1387,1225,355.0584151,10.72208295,3.760390474
1870,1226,678.214597,37.91019332,130.6217954
1898,1226,351.4356002,36.51486732,200.3301077
1638,1227,317.2509976,54.35933571,1007.12347
1615,1227,208.3333427,46.92103001,722.8471771
1292,1227,318.1792328,68.44276309,633.9885086
1878,1228,228.3359391,107.6048297,2157.761093
1348,1229,623.0297404,41.78337385,183.7755316
1547,1230,145.3556476,57.49225122,247.882935
1304,1230,1289.528685,50.77912633,307.6911331
1395,1231,714.442903,94.09042033,581.8990975
1887,1232,330.3261364,28.60152776,98.88523607
1626,1232,238.6278746,59.20133885,692.433148
1272,1233,422.4742469,75.89760742,532.0029992
1699,1233,270.2586661,43.53584777,172.7589597
1645,1233,400.5904883,39.2474848,86.78832776
1902,1234,385.5342511,62.2951881,131.8123849
1810,1238,77.68142189,23.00485632,45.83264757
1341,1238,123.3912942,46.71315517,251.1765633
1621,1239,120.5868686,9.092264325,5.594983231
1385,1239,190.3866487,18.18478649,36.55282401
1478,1242,179.2475238,38.87662041,110.0365691
1378,1242,252.4825789,34.99539916,67.10001008
1428,1244,293.289081,89.60207502,933.971336
1261,1244,268.7115101,102.9843008,614.7171593
1247,1245,586.5620605,17.43109338,25.40100572
1513,1245,59.61637085,65.76081727,426.6139922
1803,1245,87.91891936,3.596041248,0.895728885
1594,1247,221.5894798,80.09056732,1835.522121
1493,1248,417.5015831,114.0368995,1147.186818
1325,1249,275.036403,37.75754905,112.7764446
1316,1250,122.5245309,42.38050651,110.0644222
1459,1251,265.3293422,60.46795614,722.6238362
1373,1251,359.9769757,48.2758366,111.4163157
1729,1251,328.9752251,93.53062491,804.2639151
1514,1254,360.9340037,51.08175469,362.5191588
1375,1255,479.7478001,45.38859114,270.9220309
1830,1256,248.1534678,24.19923275,66.86454943
1647,1256,223.9545091,57.02220219,389.7768358
1322,1257,527.2409087,43.21546337,248.219893
1658,1259,139.9419338,28.95736819,60.98178931
1731,1260,404.604918,82.29367042,835.8617393
1411,1260,440.7880496,37.96261694,141.6006831
1572,1261,190.4208117,20.46581201,32.57904288
1873,1262,323.5660561,37.904596,122.4642928
1787,1262,357.1935553,32.95892463,83.26965987
1483,1265,175.9195987,110.8207769,1677.627619
1847,1267,118.711583,41.46105916,145.2625404
1767,1267,367.6673525,49.12591828,219.0006707
1427,1270,173.4019806,49.64163118,418.9748787
1356,1271,461.0406423,20.66652262,34.92641646
1889,1271,240.4600735,83.10499521,1134.338551
1753,1272,324.4893922,38.97612035,127.9070337
1743,1272,181.868571,38.19539055,248.2860903
1435,1275,185.3371688,38.9003001,64.75250429
1403,1275,168.3546689,24.05329052,39.50153318
1714,1276,208.4203538,24.65009573,18.42470203
1797,1277,457.5318851,66.99688651,357.0247592
1606,1277,261.2699314,10.39313338,6.127846037
1658,1279,115.9255709,54.46546323,319.5832808
1565,1279,675.6140046,46.45174257,164.4059994
1416,1281,291.0831249,53.82851118,383.0733621
1899,1281,267.9153336,43.57592334,168.0945697
1393,1282,403.6988235,37.8845605,256.2357886
1576,1282,187.2315886,54.7797536,365.1863762
1453,1283,216.7469263,69.42183522,614.3045142
1901,1286,405.0706705,70.30898975,519.1546565
1780,1286,254.2968848,37.80717098,73.40842134
1770,1286,673.5888892,58.73492676,356.5186959
1833,1287,28.74746286,79.81108954,386.6758019
1472,1289,235.6236818,76.86030918,321.4562052
1563,1291,122.4514347,34.99350248,364.0186344
1814,1292,264.9869195,103.7893509,1158.373313
1690,1292,54.92324282,150.3088698,7085.399953
1390,1294,203.6268237,61.29029185,567.0352465
1398,1294,343.912667,46.01637665,260.9469706
1631,1294,359.6266167,46.74653147,310.6437181
1412,1296,186.6504078,42.64558297,385.8502303
1767,1297,198.5985543,36.57444751,136.3720203
1377,1297,187.7401673,42.00421573,185.910523
1630,1297,178.2376267,111.6880105,888.0013794
1328,1298,364.9690961,74.97950654,1018.047621
1530,1301,449.8220414,57.67953929,240.3127293
1850,1301,357.5418123,55.82420052,184.6621955
1588,1302,445.697783,21.63266355,20.12733163
1713,1302,609.2264249,84.13069318,595.7140144
1719,1302,420.8822456,64.80108165,402.0604515
1439,1305,497.1539143,38.08833561,431.1173229
1572,1306,25.73839799,63.17939169,491.9139343
1364,1306,421.7383005,93.12926738,514.7270858
1404,1306,411.0247426,62.29780923,407.5788886
1429,1307,357.4694262,38.91433351,184.3144829
1775,1307,336.8158621,43.07902775,80.57386392
1574,1309,188.8031216,47.43650782,337.9899485
1388,1311,265.3293422,10.70712298,11.34826693
1488,1311,220.3793376,112.1446794,2450.370189
1389,1312,283.9259829,48.82555429,155.9810559
1318,1313,654.9590477,39.41186196,162.7323975
1490,1314,385.5321041,50.48269026,291.9894343
1379,1315,209.4380693,54.66999511,765.6917877
1858,1316,194.1451883,119.9821221,1823.300289
1671,1316,206.0965752,81.62922041,495.104977
1736,1316,172.3249935,39.07064405,68.14398552
1805,1317,187.5659269,67.45740584,181.904815
1687,1317,214.3053235,49.82933602,339.1923707
1809,1317,266.9297442,33.93045689,206.5755941
1673,1319,202.2388926,31.42498035,97.14297594
1410,1319,284.508718,64.7966172,315.8961996
1439,1320,127.8212461,72.94016187,551.8800134
1394,1321,547.5176035,81.1698368,1773.266381
1347,1322,169.0187841,21.06216774,67.34485745
1361,1322,505.3501363,38.33035337,144.0218678
1386,1324,65.79172506,41.14051563,297.1521865
1484,1324,289.088139,28.20930179,338.3338454
1880,1326,127.0599661,39.87566735,92.82140763
1409,1327,198.0014115,41.76988975,155.9671678
1546,1327,311.2551407,80.00194486,310.8947661
1370,1329,209.1068497,25.2954102,63.39757504
1599,1331,202.500837,38.83172519,128.6742637
1704,1331,250.714191,40.72061271,185.4676853
1516,1332,255.25075,66.88346146,171.6362314
1347,1332,253.7318697,42.25055571,161.8426227
1552,1332,445.9133441,31.6754693,79.19024909
1876,1336,570.1147208,37.86763662,186.8234649
1831,1337,231.7111229,37.85833772,154.3467245
1702,1337,366.9143986,42.27619177,238.9643627
1667,1339,348.1679614,43.41667972,37.24165611
1415,1340,268.9371816,38.48246283,77.46563488
1822,1341,209.4900167,31.99513704,152.7788346
1702,1342,194.3947913,32.02269457,151.8644331
1819,1342,184.9187684,107.2079374,1498.772441
1407,1342,168.3546689,99.25232368,1699.770319
1571,1344,451.9024524,52.65901866,226.0916741
1403,1345,374.8065205,47.49667415,111.9279345
1435,1345,298.5352416,33.72771513,56.00620029
1888,1346,597.8811793,74.89518925,905.71323
1854,1346,347.2602902,94.03109107,2394.221461
1360,1346,287.2043926,29.62878792,28.66100469
1592,1349,233.2586384,38.99524441,164.8668926
1878,1351,260.5781451,25.55038615,101.0462551
1789,1352,224.2027644,67.81512488,311.9953215
1755,1352,504.55078,91.6943237,1716.705175
1600,1352,312.5007547,37.22539376,233.0612921
1640,1354,250.1775177,72.01285967,207.7110627
1577,1354,315.3813339,43.82813096,49.5320548
1370,1354,307.0681031,91.24035539,533.622564
1431,1355,369.1366858,54.08863944,328.0478177
1826,1356,449.9545,87.27699221,978.0593654
1685,1358,199.471172,46.15986645,243.8706508
1700,1358,245.1370777,42.61254071,349.255369
1862,1360,243.9645892,53.26160645,173.0208984
1801,1361,276.9632741,31.46691974,118.9698608
1466,1362,233.4363503,31.87643713,123.184499
1428,1364,444.7725155,82.68128657,1390.696321
1764,1364,180.2972627,71.23560483,482.3408405
1864,1364,224.2027644,94.13630553,869.955904
1759,1365,364.0320042,37.68879327,264.7915412
1787,1365,707.1449913,84.92770635,677.2630825
1631,1366,83.68299612,157.5138622,777.9513933
1607,1366,176.9975815,49.70707091,512.7246598
1400,1368,193.7785227,23.82549962,79.13180322
1489,1369,189.4880062,62.53317356,222.4801192
1768,1372,150.5714891,74.08784708,607.8608602
1853,1373,517.1541842,50.15136744,683.0406388
1643,1374,241.7852368,37.4898679,89.18560858
1395,1374,338.3261344,135.4559585,1125.733517
1622,1374,146.9547283,50.39539378,81.74621287
1383,1375,231.5828176,94.18531482,1354.190792
1710,1376,198.0154805,49.57490549,242.3420024
1698,1376,81.1072442,56.58557097,600.594441
1897,1376,54.9352341,70.99210622,456.0842751
1417,1377,309.6744128,23.56654519,58.55337513
1662,1380,426.6785023,28.29484639,42.34137373
1708,1380,60.91020231,27.35358072,42.08286725
1585,1381,335.3831085,31.16634746,99.36659665
1424,1384,57.21044854,50.93214609,329.2242238
1718,1384,374.2233224,106.7496009,849.5266932
1635,1384,190.2139105,87.82466904,754.4676054
1804,1384,461.8731119,41.21976292,123.6456476
1579,1385,551.025639,60.29364075,416.1018569
1444,1385,408.8815963,29.02858251,79.16756687
1684,1389,214.0077479,57.25236131,248.858994
1565,1390,254.5667925,53.45520547,297.4470552
1465,1393,335.6030833,28.93133844,88.72401331
1441,1393,74.64159246,54.0887927,202.4031128
1649,1394,386.3043426,41.61981145,125.8416036
1583,1394,175.0510587,87.48011121,572.5535598
1510,1397,494.4690868,13.92964374,13.43149593
1616,1398,134.565403,49.26202835,319.8992581
1790,1400,188.0676956,13.72958981,8.405354263
1750,1400,92.7202324,91.92028087,488.5065003
1763,1401,624.9805001,26.8994106,85.85600957
1405,1401,444.3221833,34.140284,107.3910826
1797,1401,471.2193394,38.08797594,138.5473647
1553,1402,501.413837,43.65211886,268.4863724
1695,1404,417.2953069,64.80033767,578.4771498
1648,1405,129.216138,45.66437773,202.3920249
1688,1406,89.98096423,36.6507328,94.51649738
1587,1408,398.7211986,27.01806144,95.48138173
1688,1410,140.0193622,33.36172409,30.33238873
1482,1412,515.2104813,66.59667991,408.2946014
1857,1413,408.8815963,48.54546081,136.3620192
1483,1413,211.5300381,53.04262583,125.8253363
1427,1415,262.598445,27.00522655,281.1508616
1503,1416,442.6111722,87.28044805,1146.789818
1899,1416,99.82069604,61.53179257,261.7433176
1763,1417,121.5361988,106.7278595,752.3779624
1840,1420,220.944462,28.01513211,66.11737568
1809,1421,721.0450059,31.0689178,21.05689998
1687,1421,202.537869,24.40604374,48.36188943
1879,1421,591.5561868,22.25134028,25.49154383
1773,1421,118.7153404,51.94603247,315.9619092
1461,1424,271.8671735,83.15277212,556.2040503
1455,1424,87.91891936,75.38159897,671.3876816
1650,1424,204.0247754,51.2015433,257.2289451
1687,1425,206.7817728,27.78795124,74.91530383
1879,1425,355.1775893,25.26056523,41.2708689
1482,1428,326.3905838,65.14089465,1137.40359
1861,1429,190.465174,58.22949347,303.4797754
1672,1429,214.4162569,42.3475114,116.5020787
1598,1430,128.4185079,76.89243892,538.3121823
1634,1430,278.4213024,89.73202239,515.3694959
1780,1432,292.1981577,58.10470434,237.7488216
1600,1433,47.47870099,20.0794966,32.41032162
1556,1434,128.8478408,72.69906155,579.1716887
1592,1434,842.1301113,31.52847663,12.47640646
1536,1436,75.3913012,48.71216932,276.5999701
1800,1436,492.1675524,116.0460978,1371.018468
1815,1437,840.7492009,51.50035799,604.6808815
1691,1438,192.8683508,24.09548296,25.89726352
1494,1440,343.912667,107.4569836,2113.410723
1794,1440,150.5714891,36.25024585,201.8617454
1576,1441,204.5835141,46.83157942,141.6046742
1498,1441,134.646908,36.33333846,112.6815664
1618,1444,144.3851658,25.02316482,42.12489948
1660,1444,489.649266,53.37430261,131.3457392
1583,1445,35.17514746,37.31546114,152.5259408
1601,1445,244.2100091,57.91394868,277.3216307
1554,1446,306.151458,61.76043647,330.5689107
1842,1446,283.5724244,34.87937652,51.40294402
1525,1447,499.7699857,24.40621121,50.40056252
1655,1448,240.3174388,61.21835791,538.5835497
1501,1450,429.1385636,7.02534415,2.210808053
1607,1451,399.3886062,88.00714823,858.1680528
1791,1453,450.6081625,23.85804785,35.22910548
1720,1455,482.5098221,86.26478747,653.7886163
1718,1455,497.1539143,40.85764875,439.0285386
1481,1457,266.5969192,25.74607311,64.54294554
1772,1458,264.6919504,39.20909508,143.9349029
1892,1458,258.6585258,9.000590542,7.735818601
1871,1459,333.6727219,31.302728,63.43824595
1526,1460,130.344717,38.96770807,115.4206802
1596,1461,749.0030862,57.33054867,591.5460947
1852,1461,364.0320042,94.77889476,1430.809719
1725,1462,371.2646003,22.85740638,49.18190349
1543,1462,216.6409876,108.0466287,1594.543338
1716,1464,361.8827805,38.5099269,128.0345872
1618,1465,178.4684952,16.18868429,10.31307454
1613,1466,233.4373266,36.32226139,169.5347509
1601,1466,119.9866129,51.31056231,383.4730827
1547,1466,157.6792198,64.24180507,551.1125839
1708,1467,217.0565691,31.4487895,99.7920967
1680,1467,515.8008297,42.56734599,237.4727156
1857,1468,331.9183729,41.87246211,255.4133197
1483,1468,295.3729134,55.14056436,234.2869395
1760,1469,331.6213277,46.03266956,158.8828477
1649,1469,128.9108704,45.81372236,152.9946536
1838,1470,384.0532947,23.10505282,95.42528157
1700,1472,264.6919504,58.92280291,529.8945146
1802,1473,210.7439153,37.39367442,132.2136844
1783,1474,254.1594452,68.19349601,589.7321545
1748,1476,208.3369127,97.7583271,625.6606248
1870,1476,165.6612501,45.06390258,168.3981946
1597,1477,177.8232773,16.41455683,35.60115958
1825,1477,692.1685752,42.60135171,302.5290721
1818,1479,268.654657,40.74352259,124.3581898
1567,1480,619.2347922,42.47821463,176.2265692
1836,1482,377.3276336,21.37565833,25.83879419
1586,1484,306.151458,60.20666246,306.8619311
1866,1485,191.610028,54.22725655,537.6442837
1653,1485,188.3873173,29.60626603,108.9060212
1720,1485,207.2705401,92.79031713,2583.555584
1741,1486,590.6079178,108.7119337,2171.829442
1696,1486,55.09816775,10.03967442,26.59858051
1588,1486,801.2480006,48.64469571,422.6650388
1655,1487,707.1449913,88.40708412,672.6890965
1509,1488,156.5678457,22.91293416,71.53683788
1774,1491,231.3100941,71.88927835,779.202941
1577,1493,219.9617365,57.88917768,162.3205045
1517,1493,282.5648445,29.27512854,227.2140391
1548,1494,343.1122796,40.03144834,640.8048063
1551,1494,687.8360725,31.68461366,32.1792264
1561,1495,156.9191198,27.49963663,44.27818406
1666,1495,496.9226817,27.35968903,145.6217982
1499,1496,373.131886,31.47136624,149.6225809
1694,1496,338.2898817,27.28883569,47.22501412
1656,1497,265.3431224,42.68729946,359.0631773
1881,1498,391.2296547,30.28538848,191.7372299
1769,1498,151.6435643,26.33791974,49.41740183
1782,1500,172.6089563,74.60020827,445.9760793
1802,1503,217.0565691,102.0307795,1032.626152
1524,1503,533.8246763,27.08170875,77.18825086
1619,1505,477.2200282,45.90553755,593.8125665
1520,1505,471.5659986,71.79689961,316.864624
1816,1506,475.0777077,38.41683704,117.8264386
1518,1506,132.1639888,67.26876709,243.3891889
1754,1506,424.9001471,33.22098566,97.83890368
1776,1506,292.3245898,91.3442548,491.7471726
1545,1509,393.4139868,54.83899218,532.7616718
1728,1509,140.9939866,83.83189819,729.4942251
1692,1510,224.102953,55.22029917,287.5422999
1544,1511,228.4313563,32.66540994,60.2005773
1736,1512,436.6823745,39.17480204,331.6807741
1816,1512,171.230722,94.276675,2769.773989
1791,1513,573.3650639,75.12073651,706.322556
1785,1513,165.7847642,113.9441425,1488.622425
1676,1514,692.1381772,48.66007782,228.3142713
1556,1514,85.52590926,88.63539808,395.4473516
1718,1515,225.8665103,42.01667706,249.8031413
1686,1515,216.2480569,36.66028932,91.43592384
1804,1515,546.5316574,50.99917986,343.2075863
1627,1516,142.7582269,49.99218841,200.6136373
1606,1516,451.6068618,34.1466588,100.2523819
1632,1518,193.3788619,25.56980468,16.07246378
1713,1519,263.7923888,51.93156431,148.8384888
1719,1519,239.9090691,42.68376501,162.0801284
1898,1521,291.2689636,31.39970052,78.11239511
1661,1521,228.971762,85.90146104,487.9864767
1793,1522,239.6687178,12.30150774,1.612083378
1735,1522,258.6585258,18.01727176,36.6082573
1556,1523,246.3397872,69.72065702,800.9800567
1876,1524,486.2760089,25.11365856,65.69491243
1848,1527,524.3790054,61.5954068,375.9127173
1746,1527,115.9472542,88.60824598,774.4813731
1803,1528,294.5395611,26.46277362,17.00265807
1855,1528,313.6144504,109.5373853,2461.055591
1700,1529,523.6733744,67.56103612,82.75268841
1679,1529,167.8305591,46.26417427,461.8771712
1883,1530,224.7686089,38.40920617,139.4384263
1892,1530,125.9860167,59.21871381,209.8129141
1742,1530,289.088139,42.41528116,153.6683925
1749,1531,334.0390916,30.46564736,210.4566227
1632,1533,262.0605862,27.35586946,58.51500242
1590,1533,570.1147208,37.96259185,350.7999064
1741,1534,177.8232773,28.81259757,102.1578481
1733,1534,580.9478058,56.3711875,852.2839437
1559,1535,136.6603375,62.83002285,531.7840803
1543,1537,190.2139105,38.1487507,171.3749004
1859,1537,515.8008297,38.99340772,188.4184709
1731,1537,360.4129294,26.03817321,69.56994184
1616,1538,493.8097046,19.67942435,82.08150965
1786,1539,121.5361988,38.25235475,94.098914
1666,1540,180.7566584,37.63455423,165.9444024
1743,1543,397.9002526,23.75848575,45.62708589
1667,1544,187.2163337,82.66767727,258.2253378
1764,1545,351.0184233,11.7898263,37.42611804
1869,1549,359.9769757,40.03831589,127.8014053
1794,1551,72.80137814,109.1573967,726.850081
1562,1553,489.2829804,43.14568484,292.3085021
1822,1554,195.6758962,34.2963219,261.9678055
1796,1554,355.1775893,30.16261164,204.6304349
1775,1555,209.6838488,45.24940904,167.1610131
1749,1555,263.3073136,89.77762301,1171.837892
1762,1557,452.5352497,38.86028082,270.1866548
1590,1560,242.8317595,53.30218781,165.9016096
1789,1561,461.4879763,93.1986636,1230.172276
1621,1561,240.4600735,115.9934415,519.3774669
1823,1563,230.4534382,82.8351094,842.2872802
1568,1565,104.1724733,47.14079396,558.9601226
1902,1566,135.5061889,47.45598293,104.5986585
1858,1566,184.9290569,43.44990431,197.9161507
1612,1567,260.6296374,25.23301431,26.4572316
1658,1568,196.181938,62.88002155,76.79687178
1784,1569,202.2388926,56.47665631,770.5155243
1796,1569,342.4608015,40.31987454,170.5595275
1624,1570,187.4754102,56.46072821,703.1632794
1871,1570,217.7648686,55.93163589,158.4668288
1646,1571,258.5427268,74.95552963,1142.670638
1765,1573,176.9975815,37.06301732,84.1687949
1661,1574,141.5105432,25.74743657,77.50067875
1611,1575,668.0776837,18.24899293,43.60599619
1769,1576,328.3410563,29.20522533,82.14949471
1680,1578,489.2733294,31.26213856,49.40171945
1830,1578,432.8706539,73.31051331,439.5928604
1882,1581,324.4893922,71.33723217,343.1230432
1626,1581,373.131886,83.15276567,1760.22229
1807,1582,254.1127514,18.09784879,17.21150916
1869,1582,267.747214,45.24276111,133.3613702
1891,1584,680.4449547,8.018208423,5.456888557
1810,1584,306.8026256,27.89877245,125.3115124
1611,1585,149.972783,44.30341492,357.8302737
1867,1585,264.9215759,68.77120434,1343.818896
1670,1586,401.7579184,132.0736122,1923.164374
1752,1587,453.2407947,10.19860815,10.57478685
1733,1588,423.7185614,101.2918007,719.4669942
1701,1590,323.9710536,34.65997055,108.0798808
1681,1591,454.6575978,56.76721886,523.286007
1735,1591,412.4430027,16.65712518,23.18914965
1756,1593,221.6576455,70.75985151,919.047063
1638,1593,377.7116309,26.34570954,69.8157328
1652,1595,202.3707534,38.07741838,222.574311
1787,1597,669.8970705,40.2973235,350.0006666
1694,1598,214.0077479,17.18891744,27.23813719
1634,1598,217.3714357,95.54984209,2330.096508
1806,1599,178.8512672,48.47832926,179.6566206
1666,1600,70.09905097,25.00511959,59.92011083
1708,1602,506.2930459,55.62222331,520.8560711
1727,1603,297.2870218,36.568429,197.4425495
1654,1603,309.8606787,61.27367136,590.4187526
1711,1606,207.4835165,31.25354125,41.44190621
1900,1610,705.3001686,40.86601689,261.142686
1716,1611,269.2993226,77.26656126,722.6527782
1697,1613,99.71412546,90.90856961,810.9858894
1807,1615,221.0540974,116.7272393,1910.450265
1631,1616,72.80137814,43.16276829,411.1663656
1891,1617,334.255527,61.36242086,547.5409155
1662,1620,213.9587435,40.96066068,212.1004445
1706,1620,209.6838488,48.41526261,170.6357007
1786,1623,204.0945777,12.52695147,26.66032334
1652,1625,263.744653,22.4191664,45.3233867
1665,1626,359.9666165,79.27266867,1453.233365
1812,1626,257.6165547,53.64518585,358.4920236
1837,1630,378.0341955,45.89884749,263.8004843
1754,1632,221.6576455,54.09817099,163.5887085
1765,1633,178.8512672,57.72092254,258.1170711
1676,1634,233.5138767,57.3911587,398.1189194
1650,1635,184.8482131,45.92220053,342.044632
1771,1636,328.9752251,52.11944444,250.6882223
1831,1636,345.9457422,36.01196518,144.1842505
1682,1637,668.3247262,24.17304842,56.71733052
1792,1638,317.2509976,68.47606812,313.541146
1664,1640,286.001407,25.56207765,13.18478625
1897,1641,204.5835141,110.0117086,1730.842211
1813,1642,187.8496967,32.72980391,69.90861224
1752,1644,397.8612813,36.76481647,164.1363299
1865,1644,187.2163337,50.82560976,400.080139
1743,1645,457.9463294,97.72139981,1688.303622
1725,1645,422.153996,38.2350194,107.564295
1852,1650,169.0187841,81.67701649,1063.723412
1664,1652,223.9757753,38.85781275,46.77421451
1840,1653,504.55078,59.75163207,302.7239723
1712,1656,377.7116309,45.59216969,385.9614831
1881,1657,346.428343,39.42742471,207.9414508
1693,1657,190.094371,99.17684657,1420.497466
1902,1659,235.7656418,53.62119736,178.6895931
1751,1660,346.864784,52.73961252,105.2172386
1776,1662,377.2787873,35.01802225,150.6951027
1754,1662,408.4159668,72.95496455,297.0653669
1723,1666,198.9224164,57.64393224,156.4530832
1683,1668,215.2489947,56.53564501,715.2066311
1843,1669,185.8481412,99.26396015,1732.867408
1789,1669,342.5584141,73.86267796,757.7004942
1683,1671,268.9371816,35.10905238,83.24510836
1775,1672,206.4148079,51.74763954,260.5246028
1697,1673,192.5309698,36.34158243,102.7777077
1894,1674,346.864784,23.13592896,16.64709485
1743,1675,270.7760379,32.22969273,70.0863749
1811,1678,303.3538764,49.75959969,127.1531282
1892,1680,802.9901462,27.59235307,116.7263907
1742,1680,419.0126428,72.4547403,1296.47328
1721,1681,1256.785563,79.89113934,987.5914892
1741,1684,1094.768275,46.42885806,338.7891941
1893,1686,1347.101366,31.69716018,151.315104
1746,1686,361.2263483,59.28902679,1050.781611
1704,1689,185.2001801,49.0218984,212.0505078
1832,1689,135.6962011,44.47758815,267.3442985
1863,1693,494.2698699,25.32272834,54.74669689
1730,1695,460.0505267,72.28251117,326.09864
1833,1696,433.4131552,25.95389098,164.5236684
1725,1699,623.444819,38.99175148,226.88871
1754,1701,506.4234417,49.78837642,107.5165682
1706,1701,170.1116038,31.00915852,87.58553361
1707,1702,529.9806573,26.43399618,50.82099286
1715,1702,178.2929619,53.66760328,306.2245166
1734,1704,209.0161457,15.58861222,31.57220775
1711,1705,183.4428966,37.48956639,44.56140185
1753,1705,263.5666066,25.88853304,60.32222411
1831,1707,384.2466743,51.84617657,342.0369766
1830,1708,160.0071722,35.77225447,160.4296335
1737,1709,315.6747602,10.36597199,5.114073431
1767,1709,122.4514347,48.64412536,198.7296489
1844,1710,385.6960962,76.05151949,382.5152725
1778,1712,376.9232366,18.89961793,32.43478121
1733,1713,486.9886092,50.13956538,276.914827
1845,1717,175.0290221,26.35113145,76.83606772
1843,1719,277.6931987,42.84841655,433.6837331
1849,1721,346.428343,46.89145398,122.0579864
1839,1721,643.5875973,64.16493478,564.2116263
1740,1722,235.8986614,35.73081543,100.194994
1771,1723,219.9617365,49.76538641,545.9895515
1886,1726,373.1522537,22.47472607,41.92506542
1755,1727,301.2333071,54.15026165,240.0007987
1864,1730,529.9806573,63.41864624,651.9730575
1901,1730,418.0323562,47.96896686,302.4175368
1795,1737,123.8118697,18.17307633,39.0313695
1896,1738,486.9886092,35.22841052,91.93217831
1757,1739,209.102316,23.46310387,50.2554775
1863,1739,132.7687755,45.95577228,357.7440332
1841,1739,333.6727219,50.32784601,345.4718763
1850,1744,468.1656135,40.15924884,91.57610094
1844,1744,671.3528571,34.09744958,64.89090022
1769,1745,254.9241698,29.57898923,97.33087255
1881,1751,568.33417,20.74568171,31.75131334
1801,1752,473.9405049,59.48818299,367.1592463
1805,1755,416.2501855,78.28503476,410.9375099
1846,1762,171.230722,27.15430874,52.95465321
1867,1763,386.9601822,30.02656894,312.1048048
1836,1764,214.0720687,47.0072861,212.3637332
1837,1767,292.1981577,104.8952814,728.1318686
1872,1768,135.7444148,55.19679424,276.3715519
1868,1772,312.7803781,76.02809086,1612.191387
1776,1772,36.33843609,41.81604991,269.1690404
1807,1777,333.3397906,63.94562152,437.0353905
1817,1777,54.45037656,142.1156135,994.8765979
1848,1778,389.4559332,46.22747895,393.9564941
1801,1779,317.9548827,22.10831323,25.87115883
1838,1784,312.851384,30.53757199,296.5145018
1791,1785,190.6074406,101.299952,1175.07851
1855,1785,141.5105432,37.77941297,159.579593
1839,1793,359.5288499,13.09391963,7.979298507
1898,1794,270.8857278,36.6142093,94.2501056
1842,1796,119.4115022,69.16618564,895.0471286
1890,1798,206.4148079,53.86505923,208.1615386
1865,1801,362.2485348,39.30983928,189.8522024
1815,1803,191.7025627,34.02419569,20.8133987
1887,1806,176.3519447,62.09299375,280.1524887
1812,1806,275.036403,48.15811058,152.78748
1832,1806,210.7439153,48.61359399,230.2444262
1838,1810,246.3397872,93.42800229,1746.30517
1822,1810,113.957383,38.57695535,376.1283287
1896,1812,455.0742964,28.77705229,90.48148313
1837,1813,707.8222892,44.90250072,337.7586539
1884,1818,230.4534382,32.57360622,65.78225275
1850,1820,521.1901335,58.619068,345.9054347
1889,1826,163.3458078,29.50234183,85.65536045
1896,1832,173.3499564,43.72409923,297.2847714
1866,1840,202.537869,29.58176195,132.0377169
1859,1841,424.7857158,12.23312609,7.473491294
1860,1842,259.9764319,33.79491536,144.8664519
1897,1844,393.1233908,36.26957694,102.6785555
1893,1848,234.4148446,29.83142735,245.3117828
1862,1854,411.048334,35.53053378,158.2411557
1868,1854,219.2840124,47.04891611,335.6509566
1862,1856,373.1021372,24.49793394,14.0639454
1883,1868,208.3333427,79.26649045,1343.931882
1873,1869,468.7319331,69.30379946,514.7658173
1894,1872,289.4732103,41.98998164,70.82647245
1885,1878,360.1234879,55.17394831,1216.002361
1886,1882,256.113864,97.47437535,1292.429422
