From,To,Length,Cost,Var
1,49,921.0410139,145.8148781,1242.801986
1,65,1179.207157,59.84340479,329.206029
1,17,620.9053755,122.9128959,3046.767546
2,1289,467.5522935,125.6644645,913.3483
2,312,730.2875808,131.4376673,866.6990419
3,19,1343.253385,94.59687766,1400.718839
3,50,3962.074577,349.4327088,8077.880638
3,35,2157.007237,440.2379501,19672.66995
3,67,2847.913944,213.4803423,2076.080096
4,743,768.4620807,380.8781813,4868.987167
4,128,4181.143453,91.52479042,109.454221
4,20,1538.935186,108.6604428,206.1836646
4,52,2662.134322,558.1073411,25312.31488
5,409,443.815225,90.86938736,995.9724329
5,656,121.2443022,25.17089335,8.671164374
6,196,124.7648613,30.15969337,64.60730546
6,621,121.1557126,30.0511467,37.33541708
7,902,180.6695447,16.66707216,11.90813993
7,727,150.5741881,21.55833175,26.71545608
8,212,524.5509497,67.93084917,310.5511682
8,423,674.1569701,72.87667798,882.5724094
8,367,521.0576293,61.58572823,291.2529182
8,342,501.773329,91.58228235,547.118914
9,917,219.1141492,46.41927334,94.44631162
9,889,397.8707718,66.24237148,497.2314809
9,488,262.0547376,56.37583577,163.455638
10,1768,142.7229606,35.33056819,182.5974799
10,1473,295.7785775,41.15637082,239.1563082
10,1674,231.7111229,79.06727188,267.7043027
11,1654,314.7466556,96.0526509,769.9925398
11,793,301.3254122,59.82772193,191.912576
11,1066,393.3975505,69.38389875,551.2599039
12,216,278.1529173,24.95256369,49.24814878
12,581,239.1655126,31.20116006,58.18140205
13,29,531.5645307,66.87444608,656.8932697
13,384,272.1300849,174.2632964,2143.166239
13,91,1229.628076,44.09862654,154.7711618
14,794,430.2623322,42.76225984,160.8946502
14,739,320.8957553,80.14442581,873.9103858
14,204,321.9945508,60.91075872,140.8295938
15,1217,906.1380717,49.387709,427.8995436
15,764,518.9610531,76.62812793,298.399358
15,610,436.5838356,83.56122327,600.1643926
16,337,1119.4482,66.43106078,735.0864899
16,311,370.0824554,35.62769873,33.7382748
16,164,503.3719165,197.3700509,5332.505343
17,81,921.0410139,129.7179209,1262.272461
17,179,964.822029,151.6555018,1568.4411
18,221,1371.854501,96.68328403,748.1328746
18,66,447.9160573,525.7702387,23125.55005
18,50,1933.671041,63.82595469,250.5971698
19,66,643.6417399,70.44348567,770.4776218
19,460,1343.253385,171.7287488,538.749257
20,128,747.6592605,248.3557567,2454.81188
20,433,2558.887309,196.2249272,716.2093302
20,36,768.4620807,328.7453734,14932.78356
21,467,2397.625728,204.6855505,6862.072934
21,83,1877.861688,97.66970597,547.2255357
21,458,1672.884115,178.1375054,9475.184021
22,1164,792.6168708,54.55038791,178.6028325
22,1655,941.1702069,88.23875023,543.7806825
23,1371,1304.912095,25.08539174,83.44694453
23,1367,297.9644774,22.42249741,64.50438459
23,1231,491.0600093,89.46663453,560.7252265
24,290,640.3378561,38.82666894,36.71404917
24,390,126.4330825,125.9074104,2611.853871
24,156,297.4541047,64.15922826,337.6292654
25,744,662.8173793,105.9199417,1078.952009
25,1022,477.2751353,98.90370396,1966.042247
26,713,744.8007551,52.69794083,272.6767296
26,1862,534.7262649,29.06405001,82.69133539
26,813,1087.243613,29.77598046,102.3945628
26,1301,344.9470654,76.20898667,354.5805026
27,1080,233.7971718,32.16811236,212.1223653
27,1817,414.1344437,15.61518875,11.47317457
27,1799,257.6165547,15.50746947,6.28928711
27,1696,120.2890328,31.22596993,153.7154508
28,44,177.9770438,69.15726948,204.8377845
28,333,47.47870099,146.8106497,590.2179113
28,359,55.09816775,289.4879943,1563.177441
28,635,395.6032631,106.1020142,817.7790063
29,119,804.1917262,62.98983298,690.3052748
29,230,1712.154667,226.2125244,1738.138786
30,763,516.7491094,88.60245325,1371.712969
30,1060,531.5645307,25.91809729,30.71943337
30,457,598.1445228,111.4649961,1619.7696
30,564,1158.521852,76.59260692,554.1222004
31,655,471.5487556,46.9072201,259.6275276
31,484,419.311019,39.1597655,102.3454448
31,1127,439.4701222,68.91840934,406.1080581
32,64,248.4815623,54.14147245,225.5776903
32,337,198.6988912,78.05802292,937.8529765
32,285,205.6812406,74.6565865,178.5337281
33,733,358.9538853,164.7115223,53.09357164
33,440,442.5338513,276.2545492,5339.55795
33,65,641.1616517,87.27160667,346.183098
34,166,421.783258,33.09090374,148.3567182
34,152,1557.607396,115.4232067,1718.854168
34,82,2356.527401,58.49771755,149.1495229
34,194,3932.226913,95.21430222,5719.103298
35,751,633.6067313,785.7346755,159765.9197
35,51,824.5702416,256.8917948,4941.117175
36,68,221.4271661,276.6001684,15866.79608
36,52,618.1188471,272.5099475,22896.04676
37,387,3962.074577,66.52255746,226.1925035
37,566,2352.605615,72.82826622,275.0681593
37,674,3705.554474,51.20487202,828.9432921
38,1212,2397.625728,44.65120627,38.37538308
38,908,3382.064279,35.34736368,40.71958561
38,803,3231.919547,86.16026625,1278.555521
39,595,347.1260675,110.4971508,2842.549466
39,315,476.5458367,348.1703994,10813.4395
39,825,290.8539716,43.67640874,56.93901644
40,412,870.2509514,94.91331255,1005.052254
40,390,289.0479444,68.01858225,269.6289953
40,156,525.6174909,75.58402495,110.5975243
41,87,1568.99986,46.84172285,137.5760946
41,143,468.6458284,31.73420071,111.9284541
41,833,534.061291,16.98191041,11.18994954
42,799,868.2777382,255.8423134,8897.681815
42,953,646.8891553,34.74352095,164.6846526
42,1112,713.2862675,33.13789136,48.2273457
43,1877,256.210622,35.00004102,365.4689628
43,643,211.7407755,40.33522535,129.5845186
43,1173,124.1066729,79.88952708,450.0684051
43,1727,848.9314547,79.38032964,2181.701095
44,202,289.5094766,54.62783256,66.47626642
44,572,230.317022,189.1205734,9141.859761
45,269,369.6500203,45.90924734,28.21419684
45,715,429.010321,165.5691914,2786.816543
45,1252,426.6043255,55.14817013,168.3206014
45,147,494.2698699,73.8042417,205.7702672
46,739,395.6032631,44.16158636,274.6281468
46,204,389.6542203,33.17400156,198.8767533
46,1046,766.0010004,28.1677163,351.9249177
46,1246,424.8850094,39.81774994,898.3678039
47,914,684.6502382,42.27333628,308.6683982
47,1026,1020.176889,53.42263056,150.4122618
47,1121,395.8115907,20.26853683,10.32406566
48,233,316.9564225,90.3264132,2600.736249
49,151,437.27896,200.7736542,14973.0244
49,81,260.2348094,105.3426573,481.4179328
50,325,229.5704148,42.51139629,191.9108632
51,52,205.4299773,121.6275183,451.5842972
51,67,280.7455374,505.5051284,9685.177254
53,665,113.8159393,355.5969604,25776.38983
53,449,922.6154733,21.83247338,56.23249438
54,300,1179.207157,161.8905928,4288.640975
54,223,949.7687465,19.77267885,10.59847876
54,1418,1042.151102,52.92733267,161.4596738
54,943,2157.007237,116.9053419,491.1809975
55,1111,447.9160573,61.98277267,394.8329267
55,1243,260.003546,43.45703484,62.46331866
55,881,2352.605615,29.33662747,35.65972239
56,198,1099.377533,69.4762854,407.7897152
56,170,5178.755161,43.33470466,23.6630789
57,861,4181.143453,20.59102743,22.99799196
57,897,3382.064279,80.49483251,205.0775005
57,1629,1099.377533,60.27022325,162.8904751
57,819,175.2258277,85.53464321,374.652656
58,1372,1387.754926,90.09332487,554.2863541
58,1665,174.577126,30.13708498,74.17461207
58,1473,878.2173475,73.49862786,246.843386
59,1038,681.411241,58.52816141,276.7676564
59,117,399.819279,55.73368584,196.9211136
59,472,215.9173046,32.84152606,274.521991
60,464,217.6304248,100.813064,1677.72549
60,599,364.468426,118.439602,16994.98599
60,307,640.8767311,177.7587904,2780.904201
61,256,587.8169162,181.312014,1743.57705
62,190,1120.459658,65.9397671,487.4872611
62,344,63.4009281,32.86923015,83.22374918
116,62,1083.884355,40.63690306,182.7081732
63,362,280.3753136,56.01556036,111.4815816
63,1040,369.4097262,36.47315666,69.9962319
64,764,344.4107303,120.48695,1126.090469
64,298,138.3653967,70.54485526,140.2568722
64,673,245.4249467,57.66840538,177.9910415
65,109,313.9204424,127.2061502,1137.79189
66,312,207.9239017,75.87124853,802.9931146
67,138,2896.260247,196.7384668,1592.248093
68,401,1233.652182,195.1291159,4200.114992
68,251,1072.394654,276.9267034,8467.962483
69,261,769.663418,26.2098203,112.668143
69,391,274.1133533,139.9636102,5209.950711
69,476,266.2771936,111.7115589,1171.712972
70,1410,304.9521499,36.72351882,70.48942577
70,1673,224.0604964,87.46576592,467.6375532
70,1628,442.5338513,50.70165516,159.5955845
70,992,556.1092987,40.27852226,170.0535949
71,1423,506.0911374,29.1410255,106.018688
71,1419,667.0150371,50.22886504,266.4202625
71,1379,620.9053755,39.67134526,467.5696833
72,198,1557.607396,68.84060997,435.4502273
72,277,2179.281715,52.15232617,98.41503188
72,423,1933.671041,94.03478151,368.4020651
73,368,747.6592605,12.56943297,13.5640089
73,1172,680.9342629,39.96193313,61.97307978
74,1396,2847.913944,54.98116037,634.9864795
74,1874,5178.755161,38.8304857,118.2548558
74,102,2514.976447,96.55272007,627.7313006
75,778,3231.919547,168.7577481,2817.35273
75,535,3561.461404,40.40494706,217.017171
75,730,2556.670043,60.69397677,151.864973
76,394,233.2483219,62.19162885,217.0719191
76,255,1044.207014,39.76401404,68.3046303
76,509,1103.828643,92.57514204,1230.232569
76,689,335.3540978,49.11142715,94.58979211
77,282,217.7158719,139.4057045,2232.486571
77,395,433.0946594,226.9392288,4796.34443
77,910,543.3340304,196.3876579,14783.39396
78,1032,260.1592847,14.32968765,93.36468972
78,927,315.986651,12.88947039,33.4679947
78,474,171.0052479,29.62390066,29.77406199
79,1067,513.6855656,79.19067236,487.6021761
79,205,518.3521345,64.83803395,1429.920252
79,1268,686.2321224,55.62116662,71.88407522
79,740,66.08638951,68.20588786,1062.207605
80,324,155.8463457,87.86077487,2214.079344
80,136,490.4980126,103.3329057,451.9649385
81,123,269.7031656,148.0814028,600.9978598
82,96,270.7760379,113.1966246,509.9466614
82,312,244.0320835,105.1358046,710.9558256
82,208,343.7264565,128.3462,3014.093813
83,656,645.8292508,56.5507917,182.7059795
83,494,367.8425915,28.52815054,67.96167067
84,1487,333.8853966,70.58407771,631.4597776
84,1448,494.3112084,60.28269061,186.3396219
1442,84,403.8793365,28.68756848,34.86551696
84,803,1348.923914,75.56831725,410.9655658
85,1407,1662.937701,52.92446919,186.9240512
85,1021,2259.420999,60.11782087,227.8764459
85,1201,176.3622819,59.8995026,157.9877799
86,170,160.9066087,149.1922266,748.0334941
86,212,299.4921877,47.22601301,505.0901759
86,329,698.8963881,96.35125162,1064.804726
86,316,464.4351601,150.8487744,428.8708225
87,356,402.5694056,43.52029289,231.7683212
87,973,883.1558153,24.23324422,21.85525677
87,213,987.1946311,65.68612219,576.1364968
88,1762,766.5512676,24.84787806,19.40213709
88,1190,964.822029,33.35246902,33.00364135
88,570,949.7687465,28.46403297,54.51891435
89,1453,1234.279989,116.196671,742.9792245
89,404,633.6067313,53.24328784,133.124561
89,1845,619.7093779,27.25177015,101.2619882
89,1003,711.2274612,35.3731056,8.877766721
90,500,1080.785337,42.82278331,58.17278214
90,527,792.6168708,70.98445996,179.7727961
91,321,214.3025008,69.08794138,816.8780323
91,308,269.0872958,81.66529099,972.6678744
92,878,363.9071631,16.66521305,22.39689296
92,283,520.1873761,63.0663552,409.7745013
92,1180,418.6414886,75.99127919,233.661904
92,510,209.2367022,61.94684247,149.6559347
93,664,366.3525489,23.21331631,36.11601813
93,271,364.7385995,56.51811238,379.6458825
93,574,1658.984337,60.61250652,104.986778
93,1211,477.5222472,217.3828986,3616.049404
94,220,1769.885404,175.0845222,3825.072326
94,259,460.3875534,76.82558695,169.7640019
94,337,256.210622,66.17184059,350.4686655
94,311,443.8111945,76.55983478,94.52978376
95,123,232.8683491,91.78828426,466.6016399
95,207,174.7956832,238.8742986,1030.995548
95,165,144.6887032,95.16939274,402.3428497
95,137,198.5438166,248.3565347,2685.35099
96,1020,214.3053235,61.51139696,256.2219181
96,273,224.9325864,128.558895,652.3004885
96,152,124.055725,123.5532722,2858.6544
97,181,437.604509,29.74378081,1.966970675
97,741,104.1724733,62.22390969,453.8246906
98,1608,190.9052235,58.71320516,246.67848
98,1013,280.2382615,53.84106282,152.8477587
98,1478,272.1300849,59.93793433,341.9895568
98,1378,622.3122248,49.94376474,71.03601566
99,276,537.6519444,39.34601758,153.4202165
99,1237,250.6598557,63.08470938,180.7249193
99,923,284.4441927,31.80614402,66.39886138
100,427,297.4542591,68.68508965,302.7207247
100,211,346.78701,74.61181211,367.4634116
100,170,310.8469857,66.67142857,171.7941043
101,1043,859.1051817,80.74599013,839.7168975
101,413,120.950215,38.62794439,58.28225519
101,402,931.4646503,27.98571319,43.83733172
102,1536,1083.881004,153.8809167,1641.833334
102,1800,762.4217694,24.9614568,33.61183817
103,998,557.8703401,83.71774513,1116.163032
103,762,365.5265608,95.42273983,729.9514382
103,553,881.2258787,26.40572886,121.4238085
104,333,2127.548928,209.3044552,4236.032477
104,599,827.6900126,88.05963588,651.3022913
105,321,2267.452804,98.01726873,1272.087311
105,406,619.7093779,144.3556146,1515.820128
105,334,592.1145424,247.4830792,2328.501527
106,822,618.8615534,50.50454173,396.3831682
106,715,304.8576438,244.0344632,62003.6486
106,546,138.1830066,135.9594835,4578.701065
107,1193,200.9250985,23.33347838,23.57703631
107,1096,268.7515305,19.76579233,11.54016682
108,233,290.3158797,12.66709119,19.48293494
108,1217,238.0516,60.80428364,401.5807403
108,220,301.3132414,67.54755648,293.3905355
109,179,254.7836353,54.06266454,41.71407926
109,193,372.02162,229.8161878,3040.443313
110,194,234.1682854,75.20676614,1267.669036
110,208,963.8123125,105.5318424,3823.007664
110,221,670.6359917,83.5949053,2311.842435
111,709,495.6572492,26.82815674,64.50501126
111,125,230.078411,53.98338913,255.0234388
111,339,325.53111,61.38844909,138.3997267
111,1299,370.3952835,138.0628195,24658.19247
112,1870,490.4980126,65.23477955,771.7694466
112,734,812.2037884,27.99335796,36.23290031
112,1097,75.3913012,31.02134492,85.66870819
113,1280,161.9954584,23.57442501,17.19131935
113,727,324.4906359,66.0323718,342.435487
113,1335,383.5315126,28.13097567,55.60014827
114,412,1058.0009,54.81466266,98.74921109
114,225,804.0456248,89.26004906,821.1552802
115,776,549.5478994,67.3775538,181.414497
115,720,1085.589741,57.40933676,435.2850923
115,641,919.8431229,63.46975068,195.5509386
115,695,1640.565362,91.35311899,1067.323658
200,116,1866.193322,54.19461427,503.9934686
117,1203,372.5739333,40.98219497,88.62280809
117,1612,67.67788705,14.73219096,16.5529466
118,1017,88.70577189,174.0697712,712.2599383
118,1107,534.7818544,20.08177755,87.76912572
118,473,107.0088861,27.61079944,25.26230071
118,294,473.6901755,180.9233289,4806.231934
119,189,2179.281715,40.93007662,152.392338
119,372,775.7273466,33.53869081,164.1954765
119,175,3154.6432,162.0740551,1323.188327
763,120,565.2138329,85.37846449,490.4593875
120,564,540.5774824,46.4156178,180.4759399
120,906,397.2930404,43.6501509,78.51208539
120,588,382.8435085,46.04659283,307.5750705
121,740,426.6868549,67.06346197,498.1387533
121,1075,294.8788977,104.816254,1010.109505
122,178,1033.325213,47.30777096,157.5565092
122,220,97.02682425,130.3079207,936.0653183
122,259,169.5263733,113.2667366,2326.442381
123,151,377.2787873,118.9707736,1451.185181
124,166,379.1506685,147.7316079,4129.503448
124,194,170.884252,120.7639774,945.2487417
124,338,175.0677146,357.1963467,8006.738941
125,638,541.0916099,41.98338933,109.8202694
125,1242,491.9788734,37.54793468,148.3142426
125,887,304.3038699,35.57581582,156.6842854
126,585,399.5874423,116.6749776,1578.092591
126,1230,440.0064418,83.61134107,446.5052487
126,1386,514.6940253,34.02045885,96.40108605
126,377,223.2688421,44.9592518,147.441369
127,400,245.4249467,66.41068833,469.233195
127,853,146.9511223,71.89241441,420.9966032
127,1363,93.60051923,82.6733956,345.333785
127,759,1343.962194,116.7441686,846.3202647
128,1300,389.1891435,219.9882193,17955.01877
128,316,1360.418285,143.580386,732.3514772
129,1029,205.9431244,41.8695769,209.8071162
129,253,598.1445228,24.48262861,17.82435377
129,587,1152.580029,23.48293877,17.71949004
130,745,245.8542348,30.97924103,77.10784053
130,1261,276.4329203,55.71545315,234.9875202
130,444,444.6381518,26.97681075,315.6781522
131,1630,290.5469425,32.87022773,691.0419392
131,1813,472.1494252,58.14504018,198.7206692
1761,131,689.9948448,40.07659014,121.7707595
131,1282,860.6192695,88.80460682,1421.930545
132,563,530.9788349,46.87311458,82.13869167
132,590,1122.026642,151.8906251,2554.584265
132,536,1158.153395,76.26800631,841.6231605
133,334,1234.279989,59.19001593,295.5725954
133,704,881.2258787,60.92350572,194.5523426
133,659,1007.20024,52.9444959,113.9827573
134,1156,749.885223,73.72445057,1110.519101
134,519,702.2276992,80.43156638,864.5863438
134,1088,1592.572846,57.28462913,276.0904924
135,772,382.8435085,97.58941952,1013.797939
135,574,290.5871016,51.85540876,350.9261186
135,619,239.0985736,45.94821375,830.5791666
135,970,312.9263622,87.36802766,1095.080876
136,246,260.3460928,444.213662,12095.48774
136,590,359.9913936,113.1834256,375.3851329
137,260,502.0930578,331.4346209,3575.137783
137,286,271.3491026,199.9401849,2524.842941
137,193,352.9318802,299.0076571,17685.39677
138,193,421.0464061,346.460969,24032.74808
138,325,315.5116221,271.1457385,24655.44507
139,235,296.8924869,104.1734186,646.6786705
139,467,1538.935186,189.7335079,6935.494269
139,248,1877.861688,33.28740936,106.9319175
140,726,1561.121132,19.88071744,10.53439933
1601,140,1710.720489,47.85601242,236.9298776
140,1613,183.0300287,63.22974931,330.0903503
141,735,151.6410718,48.55848837,160.366603
141,1070,237.0402654,38.24167463,149.9046867
142,277,152.5390573,81.1272081,1290.067381
142,303,424.3351096,84.5230205,1287.980042
142,290,224.5953135,105.4233515,669.15518
143,973,328.3305018,58.5236255,224.8283038
143,605,192.0974179,78.60575898,687.8606467
143,791,254.1594452,45.1655558,161.4078864
144,1256,604.9681706,28.95851289,85.23159169
144,1106,321.2386193,68.06238639,577.4656267
144,1750,934.5742395,39.74216789,181.4232642
145,1785,416.8350472,69.45406849,505.5050779
145,1312,332.3477681,22.29338059,28.30980714
145,1684,512.3599603,37.51998179,46.42593568
146,350,509.2293938,20.10611732,23.05721397
146,320,354.8405378,33.86172334,20.74099497
146,662,397.789706,25.33572914,37.8038735
147,1252,542.0671848,73.46148855,888.8262111
147,347,335.5366158,93.53225556,859.5273724
148,296,807.9075937,37.13923055,92.77625205
600,148,424.2016114,45.94815158,170.6500708
148,385,987.1946311,57.14145715,508.4034257
149,885,2267.648197,33.2132739,239.2313634
149,1033,1197.465221,182.641331,5921.958878
149,928,2127.548928,39.6163025,338.9718042
149,655,2179.590363,33.96334119,62.83115388
150,192,2345.110412,304.9104731,6332.368762
150,671,2095.434059,320.606229,1760.179895
150,644,2514.976447,249.4341782,4633.030626
151,440,6002.490796,163.3945167,232.462143
151,512,2766.271694,134.8944483,5140.303364
152,1679,450.5765588,58.19484207,305.4425817
153,430,202.4215131,66.73516727,665.8362378
153,261,1051.848713,32.00561287,22.09526135
153,195,82.58190296,40.51025992,212.4857825
154,887,316.3795714,38.65486605,171.8332419
154,873,148.7778925,51.24552986,196.2341118
154,866,185.3524974,63.67560057,227.3767685
155,1819,707.9021962,77.42747351,237.1943904
155,1014,979.1256531,51.49429862,156.8597047
156,251,675.9550383,138.6889827,1004.957235
157,973,211.7407755,22.44156731,24.26714237
157,847,386.9552079,29.4588727,18.63479147
157,1050,310.3407247,32.14452292,60.09343519
158,1744,245.578267,70.28883533,353.7361256
158,1301,247.334841,45.72012593,147.5507846
158,1742,229.3955227,77.91150443,389.4627142
158,1710,254.2968848,32.26819155,66.01665148
159,1552,169.2628635,32.35732621,56.19261348
159,1753,324.7243547,78.63505593,1218.058537
159,1197,461.8731119,40.89912344,261.2515308
159,1233,171.7090782,49.3788323,88.42198965
160,216,192.2927303,21.25230566,7.581382415
160,581,203.1393862,41.73446258,143.8928097
161,203,424.8850094,215.7933796,1015.153713
161,282,811.0468057,66.29834039,249.4011727
162,1126,517.6338569,53.45831058,228.9055333
162,1156,169.605448,46.21201735,306.4759585
162,1088,286.0144809,58.59330956,80.01782734
162,636,207.7138149,47.89256037,126.6759678
163,780,287.5102115,15.16428412,11.31693378
163,1175,304.7306833,109.6403591,1628.185837
163,1273,1429.612616,34.86683172,79.68705046
164,285,3785.284771,32.14428095,442.738164
164,429,3630.189347,28.16262282,29.62818617
164,246,5555.625992,127.0780086,1751.316633
165,179,1042.151102,133.7645636,3534.65291
166,247,1007.20024,415.0914253,45400.45786
167,765,1686.876154,109.1791312,2469.477604
167,575,1212.751048,117.5656271,733.5596044
167,355,824.5702416,365.0843588,28917.21233
168,314,592.1145424,43.58747376,225.7287649
168,236,648.108398,35.14728161,134.3758613
168,1164,498.4011262,74.41948581,255.3901158
169,667,456.4763158,53.90745098,559.5178466
169,666,758.9915608,50.60583814,78.73332887
169,1028,590.2740786,36.22049736,198.9022168
170,379,335.3455183,126.2682102,783.0790083
171,226,217.7945999,22.42495701,235.5978485
171,1172,250.1177755,98.31942905,550.3764174
171,470,282.5648445,40.5061374,567.3643309
172,1889,662.8173793,118.4911175,2979.472386
172,1461,868.2777382,90.73982011,1359.52921
172,1455,1488.209222,54.3212215,206.1214737
173,1739,247.6028455,15.03724887,7.161179639
173,1492,124.9885857,140.3846281,1101.261721
173,1857,264.9908061,25.64996796,41.99764166
856,173,316.353673,80.22929858,433.804622
174,371,209.9648436,69.74644064,328.2659656
174,563,440.7880496,55.71658913,119.0750757
174,554,461.0406423,64.60778002,214.9621237
175,395,194.8399982,40.70327037,145.0650126
175,230,192.3210884,81.24985254,708.3541719
175,533,192.5446616,160.0984722,554.565032
176,335,359.6266167,64.68101829,24.25754479
176,474,187.5999976,46.83630554,350.661962
176,1150,293.6547713,26.86062882,22.04246141
176,976,2332.882465,49.39671137,151.0197156
177,1241,607.8317277,33.04809512,109.4992306
177,1145,421.055211,33.84551019,34.40389184
177,1293,404.8263078,69.69611394,410.7868317
178,375,383.5351888,191.6681515,3625.020612
178,233,355.3244599,84.49291117,198.5107912
180,351,119.0059977,140.999507,2099.08195
180,247,465.079489,86.5756513,1895.368061
180,260,199.1673978,246.9972836,11020.43494
181,757,1119.4482,119.2812507,125.0169229
182,1535,607.0437569,66.66634816,590.4905772
182,1269,237.384053,107.0156677,836.566267
182,262,222.4363981,121.719471,9340.219988
183,1415,827.6900126,28.41970494,72.38972814
183,1070,1273.221246,192.342427,2040.632705
183,902,221.4271661,58.07738689,162.2152095
184,423,749.885223,52.97260762,48.60496949
184,277,2158.517894,62.80863051,56.52676867
184,303,2239.113637,82.688255,394.6341985
184,367,733.8491381,55.94874582,244.4130116
185,1043,880.2680957,99.84393289,1637.670558
185,760,202.805409,63.3670967,265.5478944
185,720,217.7093658,64.26873937,396.0243175
186,1404,362.6073537,78.88542066,651.3447016
186,1901,340.0459077,47.61136605,184.8842265
186,1491,461.8181134,41.32243696,60.41035084
187,1516,246.5623188,40.97405427,248.1164597
187,1711,640.8767311,51.78817713,201.7923516
187,1552,1658.984337,105.0258116,1049.118541
187,1753,963.8123125,53.65737901,314.2337262
188,491,1357.614927,64.12329351,166.8457293
188,202,218.5365629,218.5762164,3864.932708
188,653,319.6698727,15.83343624,15.77926275
188,359,422.1405494,57.71987192,534.4850456
189,417,349.507551,13.11754008,16.90452554
189,395,401.2949579,211.1209325,2823.426411
190,1074,568.33417,48.98018813,329.4257938
190,1004,551.763024,51.02762133,292.8051817
190,200,122.5245309,37.3628026,217.7802421
191,1040,70.09905097,64.32362419,682.6292173
191,362,391.1443351,26.64789251,51.2586258
191,865,234.484803,74.48816578,246.4152157
191,1328,350.2268409,29.43128627,38.85651278
192,375,1152.580029,212.478068,7761.97692
192,324,612.8852385,176.8913693,1682.226878
195,765,230.0838524,108.589407,814.5332857
195,575,1023.613396,117.2399589,1210.736693
195,584,447.1794015,56.26260098,608.6369939
196,1682,344.1873759,31.39674027,395.1300183
196,1580,280.4339864,18.14629414,27.49496025
197,951,149.8594526,29.31326589,90.83818274
197,1423,99.16646842,13.50413971,26.41985076
197,1415,153.1367922,65.1282903,163.715924
198,464,311.8275242,66.43307713,18.74176213
198,238,530.9788349,33.68477344,7.249335793
199,752,1027.36922,176.8238039,1453.536478
199,868,1622.907788,171.8738808,5847.079722
199,720,1371.854501,60.73373722,285.7951234
199,776,775.7273466,65.29383926,249.3271428
200,1081,1273.221246,47.91412386,128.1039087
200,552,429.7601915,64.41635206,446.6019692
201,454,1423.545352,86.4361908,481.0735139
201,1853,660.0908925,75.09220499,352.7028098
201,1713,138.1830066,108.7104672,679.9310635
201,1073,517.3137746,99.22198031,1068.254433
202,644,668.0956507,275.2221497,839.508732
203,256,512.3204759,49.51873813,49.28974835
203,295,191.6409795,20.61667975,27.54451473
204,1204,435.7195761,52.06685306,307.864657
204,857,708.1282195,92.87818146,791.4151238
205,747,346.8276777,30.50980474,391.2770549
205,1268,638.6214367,30.34843498,15.8410928
206,529,700.0652288,711.3652006,196122.148
206,375,522.8182633,96.43539003,2232.52033
207,512,520.6009924,196.8964733,12931.82845
207,1703,525.6727881,159.8156216,3732.009029
209,476,484.2725668,81.77327094,3924.726631
209,701,531.3212946,101.1046819,878.8637886
209,420,352.9601232,163.5592185,3367.182865
210,1414,252.2814082,13.43755165,14.67911811
210,1207,219.2840124,27.80946381,20.04186698
210,1481,169.1415537,146.1544714,806.7427765
211,1056,356.833513,113.8297285,912.2458375
212,238,193.4954925,22.63235217,5.039181611
213,596,186.6504078,30.76229879,65.21972606
213,1001,1642.392969,23.89457817,132.9903433
214,344,745.0250747,114.9027067,1433.910569
214,1443,1099.55667,21.44213293,45.33994964
214,1668,183.7408367,36.41033613,75.46993167
215,1839,245.8542348,48.02227797,213.2368196
215,1031,1151.644154,28.04445444,14.74719903
215,1875,56.12003488,88.82265344,336.8567638
216,518,274.1133533,31.13195376,16.54081287
217,243,251.8647729,200.8436903,5143.289048
217,269,290.8412154,81.53574592,835.2843029
217,347,475.2483778,34.29651851,141.291741
218,373,199.749515,45.30139935,339.2036947
218,822,559.1429178,50.20003595,728.9943059
218,1180,296.0129091,114.1551872,1766.898352
219,564,259.4707753,113.4243771,2092.192779
219,457,3785.284771,93.95916061,1417.042872
219,998,2139.601077,117.3551526,460.4130735
219,1823,2011.063681,126.6051049,1319.631001
220,363,3154.6432,71.3595323,308.8413058
221,325,2179.590363,180.5830534,4462.023832
222,725,6002.490796,68.30166928,472.7756802
222,274,618.1188471,54.76784857,341.2072591
222,398,565.2138329,45.1600371,154.1852825
222,485,702.2276992,53.63943315,136.0184433
223,567,498.4011262,37.04277873,133.1867724
223,1339,757.4978528,39.51179505,49.70600521
224,1014,528.5533142,36.15820505,109.5625458
224,874,784.7516748,29.84349325,83.52396045
225,329,124.7648613,35.4698715,98.61610812
225,264,107.4526092,141.9003349,2147.429943
226,402,191.0314798,21.06556381,5.525455022
226,903,227.001576,52.18389016,499.3911009
226,1623,580.2083918,43.88995244,713.4731255
1464,227,148.8402194,36.33178521,86.73582126
227,1044,587.8169162,25.17936484,45.22926333
227,1322,513.6855656,33.79915797,73.34485538
228,1609,680.5687301,81.46493194,224.953486
228,807,1400.008339,28.95433215,35.29794703
228,1277,496.3083944,48.74259567,89.33084183
228,1185,1387.613862,55.07855327,268.2520166
229,1450,463.9731336,76.5592652,141.8823414
229,509,1083.740058,9.494969837,5.592646421
230,868,276.7374659,156.0695312,5002.043714
230,752,251.8647729,221.8586147,2898.137185
231,871,496.9132974,26.71037545,29.65871265
231,934,175.3875019,47.13035974,243.7183433
231,418,455.1286603,40.08920039,85.46235928
231,969,412.7881835,102.7380521,4080.322906
232,1283,482.9838012,126.5330333,966.8446606
232,1145,423.7185614,67.45850057,259.1076707
232,1005,389.6542203,63.06292048,214.4898848
234,299,1642.392969,89.06800552,492.651211
235,521,3113.028242,92.19692736,446.7101348
236,684,2332.882465,134.5905509,1658.14753
236,1508,868.4444444,46.10930244,228.7680326
236,1116,219.7030029,66.71990779,279.7899962
237,1320,430.2623322,38.69691456,146.9785506
237,1105,316.9564225,81.77532333,298.648415
237,1290,528.6883345,59.0144474,229.0792979
238,423,376.4096772,62.53698188,117.2378923
239,712,698.8963881,37.18071614,57.08887752
239,1092,334.8063591,80.07261398,344.6838199
239,966,665.3374352,44.09985906,177.632709
240,737,1238.700369,70.3043239,490.6519852
240,1596,1397.328501,107.2541532,713.6613138
240,1852,4023.798886,53.86090864,367.5871
240,785,2267.452804,131.7713951,996.2015506
241,1765,1980.528202,44.52991989,103.1928782
241,1417,1375.671187,29.33209228,169.8706418
241,1143,711.2274612,67.58488785,675.0227144
241,1867,540.5774824,126.7412022,807.336677
242,294,1223.809673,84.98197618,876.0104112
242,482,814.1403013,77.32827634,587.3469444
242,626,341.2004052,97.2912394,611.531638
243,1039,207.4071355,199.6277943,1844.838841
243,282,64.18869342,159.1741556,19172.63175
244,864,520.8336374,57.06825253,181.0637308
244,348,670.6359917,36.72765213,121.364464
244,794,454.8005442,57.75462054,98.53055362
244,739,524.5509497,52.04333062,169.0515093
245,511,477.5222472,198.067373,4404.270646
245,1199,501.210367,151.4075135,8184.110876
245,1133,443.8111945,152.8514935,6895.098561
246,268,516.574677,92.83523362,218.8877144
247,576,257.5711587,55.34998351,64.86661901
247,810,721.2610681,32.79808469,103.4980589
248,313,172.0416514,23.8341872,36.40772226
248,376,335.9269365,25.9251451,21.08393673
249,1076,305.1985315,23.29098437,30.86843255
249,880,360.4129294,40.9713147,272.7600474
1625,249,802.9901462,115.555607,1908.486459
250,860,278.1529173,62.4528791,280.717515
250,411,187.5999976,75.76198035,177.1657832
250,1310,333.2326205,95.89106354,474.4130825
251,307,937.9812508,201.6798843,5333.499314
252,317,772.4463271,39.71363925,28.40706382
252,470,202.2574813,24.97736321,10.70120552
252,1015,700.2356892,43.05254304,69.07643113
252,497,532.126541,56.97508078,78.2102576
253,876,770.4082018,38.73766327,175.8172979
253,1392,426.2283593,40.6710093,65.35292498
254,858,450.4908351,24.26979951,37.51424205
254,481,493.2938712,21.9328626,33.90071209
254,1717,533.8246763,75.00841904,466.0099267
255,268,1083.881004,17.86884111,1.399297782
255,680,534.7818544,40.79673125,80.73607035
255,545,1122.026642,21.14662929,10.03984668
256,822,379.5489489,539.9186755,25276.52251
257,836,643.6417399,79.68562051,1099.498404
257,962,397.2930404,53.74330582,111.0932752
257,1053,827.3383628,23.24295287,84.88641982
258,1103,414.8102379,60.17787216,353.5861305
258,646,455.0693512,42.63108195,222.1210176
258,1247,304.8027503,81.30890315,401.9252999
259,324,325.9436551,45.88212854,33.80619961
260,338,174.577126,440.3182221,8023.691216
261,503,361.2344827,66.47769253,874.1493954
262,817,363.9178076,49.90397564,188.3526279
262,1426,150.4000447,34.86795851,342.5618102
262,1643,138.2294114,56.03285331,709.8306362
263,874,541.0916099,86.08051747,378.8746111
263,685,977.0657105,41.89625482,169.4632819
264,401,375.5020468,104.4528608,1518.135226
264,433,218.5365629,280.4207754,1782.191049
265,1064,336.4806058,40.71233118,123.7950278
265,391,333.3095775,68.94191992,995.5667371
265,551,449.8409031,106.8419142,2543.663075
266,1443,55.16065751,53.88909632,175.5426482
266,507,171.0089466,61.57889781,377.8720659
266,1093,185.4251035,126.4133057,2407.215386
266,1372,238.6672197,136.3734509,1000.425534
267,954,213.3143218,22.34697728,70.02157962
267,1837,315.4688993,58.32793734,1137.273238
267,652,78.25206767,47.93274586,173.5043159
268,394,228.6861484,30.10818529,62.91315462
269,715,1158.521852,118.2330303,776.1034779
270,707,612.8852385,48.52861131,398.8231446
270,1156,1040.590722,61.22834276,320.0795594
270,1126,1155.872922,37.01343287,74.46870867
270,618,320.892888,187.1803369,3114.72046
271,879,315.2514771,47.30432091,315.7519869
271,565,244.7618757,35.5790594,447.9076087
271,1258,628.9813301,83.656211,566.6663814
272,977,273.2214511,18.23723651,8.212943688
272,320,230.558335,38.99015382,158.0042238
273,1472,333.3012712,53.95894786,190.3005258
274,364,922.6154733,28.83716689,97.1534443
274,717,107.0088861,53.20615278,1050.451858
274,709,1027.36922,33.90559298,1250.142684
275,1526,346.3613104,19.20814172,28.96293072
275,594,450.5765588,30.97298911,116.9088784
275,936,409.608127,259.9858631,10525.27671
276,1201,202.805409,54.70814907,160.7107393
276,541,583.5540994,32.16576611,150.7701459
276,1350,371.1478525,52.4569867,630.7008357
278,1029,288.2871533,30.56555902,43.83947436
278,768,432.8385295,32.91179914,20.78117696
278,847,186.1432985,65.95992867,191.3949616
278,1050,161.5078242,29.06628555,33.58764392
279,1842,680.5687301,183.5748022,2178.393222
279,1569,501.210367,53.27747945,582.8662482
279,1573,520.3990842,124.0456024,1382.042278
279,1266,261.5002682,26.02967352,148.2692171
280,1582,225.2335121,57.1572169,562.1726036
280,1080,370.7351602,20.3230925,20.46929902
1549,280,349.1738293,57.11116459,357.8065014
281,346,702.4554958,67.9342579,111.4090886
281,608,417.3778846,92.12313915,744.1909755
282,417,264.9215759,162.9906084,1717.332463
283,618,212.2909486,41.30080474,81.01055334
283,1025,136.0172764,134.9923805,1870.6121
284,1115,170.7145316,37.01170387,49.09444479
284,601,457.9463294,42.34486705,293.1033538
284,448,363.779557,32.21077998,72.71572583
285,673,351.6685067,49.60275137,214.0394205
286,338,608.2677526,390.752447,3119.421823
287,593,937.9812508,34.56637911,76.45248411
287,420,1988.594729,137.0455037,1262.034203
288,1207,2187.141314,33.35611544,46.45857647
288,789,323.7161354,51.30418433,130.0804613
288,1402,300.6409098,32.89830395,45.89943504
289,1177,345.9701209,32.75125086,78.12572834
289,442,556.4354364,67.90762798,344.4397053
289,1414,1047.798901,52.88649457,152.0152994
289,818,1283.383759,38.17970927,147.2178021
290,303,908.4289056,71.99801625,458.721785
291,959,2267.648197,35.97335994,145.4796455
291,773,607.0437569,44.66422012,225.4804811
291,352,1038.06779,80.24974581,698.5023062
292,1740,2158.517894,84.52316543,573.7984393
292,1548,429.7601915,24.4958384,117.3761088
292,959,567.5876592,77.60850041,2525.984203
293,1648,195.793041,60.50851228,348.7175152
293,1627,202.4215131,86.79089711,637.813389
293,1257,163.8661345,41.47606583,102.6114382
293,1332,140.8318461,63.68035069,339.2857819
294,1161,179.3469999,217.7489048,4224.871693
294,544,253.4618362,534.1868673,112772.1777
296,801,453.3683008,49.8193216,225.5017757
850,296,298.8760278,52.00326398,164.0909798
297,942,550.4416999,28.96286834,105.8367983
297,991,3561.461404,22.44627249,13.68648001
297,1263,1488.209222,56.38969872,158.3296324
298,363,3465.208353,126.1955244,1658.744418
298,337,331.0074648,45.07989737,685.7157402
299,1550,500.6634181,101.6168771,566.1402007
300,674,405.8030188,52.6837907,441.5136427
300,749,270.3514961,54.68761999,228.0533911
301,1607,183.0300287,35.89715782,161.9460581
301,1334,284.5999273,72.1133205,448.1540622
301,1463,194.4876167,45.29308,117.2070346
302,442,117.555509,72.1347555,362.9579962
302,1411,172.3704069,72.0184384,242.0848764
302,1195,355.6431265,13.29498751,5.579365551
303,390,367.8425915,60.71946782,294.0265659
304,452,350.3249317,73.66637555,1156.488461
304,1036,398.1009021,67.90816814,256.5258778
304,784,217.9900907,65.39970349,225.2232769
305,677,769.663418,90.49526353,255.0408009
305,1820,868.4444444,32.73398541,89.25325543
306,1504,4881.660576,40.31301602,165.9709514
306,1757,423.5456655,67.86029344,235.1877152
306,1675,325.1001459,37.10540738,73.18082146
306,1841,161.6755741,64.55704913,114.2730021
307,644,310.7959552,174.7153733,1288.949033
308,334,231.1258284,32.8928053,89.98964871
308,868,461.9462637,65.37213817,186.2765883
483,309,762.4217694,70.09869581,710.0001604
309,815,1158.153395,60.88976116,926.5616493
309,492,454.2436686,44.48444173,139.5253877
309,672,2345.110412,54.42824208,273.3162736
310,809,1423.545352,35.28705595,168.5542861
310,601,2237.323983,20.04752777,44.43754798
310,921,233.2483219,39.28149446,214.9923429
311,324,456.4763158,110.43179,1863.913818
313,376,504.8516614,22.38071813,14.32901307
313,557,668.0956507,27.12442054,43.81829963
314,1254,251.0210505,62.96662968,1107.332702
314,1434,320.9529957,39.36823692,100.2988975
315,923,296.400922,68.91820343,929.6457711
315,916,156.3704658,444.9188311,36044.22453
315,1091,324.1581262,47.70450995,10.18431774
316,379,977.0657105,154.6317429,409.9235172
316,1042,875.792814,61.01412052,161.1044953
317,720,1161.652744,56.42049078,966.0546946
317,760,315.4313458,70.31841312,382.5005208
317,641,1151.232273,77.74877803,459.2062443
318,1527,192.2538579,5.384582767,0.71107627
318,1788,389.3282257,36.47888056,25.81598237
318,1408,507.6330713,27.27228099,72.66116344
319,1855,475.0766387,27.28986728,33.16523145
319,1437,217.4732705,29.76043129,68.65372683
319,1747,180.1292799,24.87330227,60.54290796
320,1781,100.8865184,25.87515398,38.91662282
321,347,334.0390916,100.2763631,492.3924925
321,360,1038.06779,150.0360393,1872.409854
322,892,350.3249317,40.19346718,104.6259899
322,1144,315.9036749,34.45458102,99.42287131
323,1235,684.6502382,61.7220511,403.3103352
323,1278,772.4463271,29.4927838,56.80977017
326,398,1012.898539,88.08250119,475.5817023
326,339,1314.719203,107.8427368,782.3232921
327,1502,642.1561865,48.74149633,210.0096201
327,1508,347.1650289,37.59296436,60.44548645
328,1604,396.3515444,131.1468522,1301.550306
328,1007,310.8469857,26.10653579,146.0048692
329,342,362.7047848,32.4006261,23.72881022
330,1022,322.7140496,55.99760568,430.9996447
330,515,580.9071547,63.99923358,135.177099
330,1036,200.3207229,44.30498202,245.4844419
331,1079,161.6990091,47.01622707,217.7954959
331,1436,618.8615534,98.21538443,893.1847284
331,443,288.4706731,52.17503457,214.5040859
331,1722,414.8102379,43.95602039,111.0945009
332,1692,337.3580849,58.39569354,196.0272841
332,1397,299.3455262,60.29094849,1429.832542
332,918,394.3385761,36.04702466,118.509381
1215,332,368.5087932,41.56003145,137.8616081
333,572,1281.228384,73.57195536,347.9129683
334,931,176.5290593,44.0055846,93.91799958
335,1198,254.7836353,34.06000008,35.79863167
335,699,242.5409171,42.31168018,306.7882723
336,691,485.4980327,84.9248735,336.1536084
336,795,775.0086228,41.36542273,167.7544157
339,485,518.3521345,41.09875461,94.97762316
340,1055,707.9021962,159.6098941,3429.8585
340,1442,638.6214367,14.23114589,4.95932285
340,803,231.2527297,41.46073879,59.68578926
340,1358,337.3277172,175.5836023,3020.19824
340,1679,243.8490966,58.21477025,157.6131632
341,972,248.8807678,29.68269825,54.59696387
341,1153,192.806527,81.06390374,974.0657302
342,412,229.5173671,51.94724149,275.9756456
343,605,430.6985869,33.12958387,94.8069667
343,798,489.2829804,50.97819207,166.8679227
343,875,162.8575248,29.6551651,49.90939063
344,645,211.5440323,83.05268036,1029.121824
344,696,546.975464,77.91517531,369.0936671
345,1465,525.8015631,53.38616204,163.8900188
345,1751,1348.923914,6.680730476,0.999143301
345,1441,607.8317277,44.6689767,139.1901098
346,635,1988.594729,134.6719372,3603.36411
347,384,958.8743236,48.08490992,72.96157376
348,1138,250.6598557,58.94737511,300.2336928
348,1162,283.4620995,69.21408727,244.8824831
348,1102,835.4650817,47.86120641,279.9190502
349,795,241.5011285,22.65831029,27.94259933
349,949,192.1778845,42.857195,149.2674452
349,1047,202.7696612,65.70154998,712.5284969
350,872,641.1616517,84.39032731,405.1107845
351,838,237.384053,57.13894664,157.6847951
352,717,443.4145726,32.12129394,95.76144521
353,1158,2095.434059,69.14620768,468.7500238
353,1637,1706.847673,50.93566753,184.7157861
353,1493,728.9290015,21.27397142,23.13698994
354,1183,216.9899549,31.51657191,503.4727563
354,422,335.6457943,27.52177979,5.86565847
355,623,191.0871895,317.4779128,23721.76151
355,733,205.3293807,57.88211969,31.70335623
356,994,458.6310303,43.01853102,187.250733
356,847,330.987834,48.89852351,183.7089503
357,1832,233.941464,55.77314501,238.9419502
357,1738,257.4093228,57.91882027,196.9425224
358,1239,477.2751353,132.6740113,2069.42728
358,1723,979.1256531,37.03617039,226.5095242
358,1657,682.0885166,13.55841416,11.97325913
358,1564,319.7622898,137.6997666,1237.773027
359,608,146.7225886,45.69962345,11.12556054
360,406,145.5642076,105.2592705,251.042269
361,955,496.8374106,53.30968746,231.6102748
361,997,284.9899833,44.9430882,182.6152877
361,582,360.9340037,213.333738,5744.675338
362,1333,142.7871993,23.41719088,52.35271079
362,1343,282.5114686,84.94921986,1090.280459
363,1217,381.3131091,74.29188888,322.9224434
363,764,380.0374362,106.5975144,994.6561904
364,551,1343.962194,26.3045339,511.0062847
364,725,363.779557,73.76279683,302.7494317
365,1438,1510.602443,67.6970541,264.2742761
365,726,1106.600826,50.39787575,198.5988245
365,1673,219.7030029,68.35414624,365.3947802
365,1613,169.605448,31.65938144,89.34053279
366,719,226.8000041,77.64211181,662.6986684
366,1411,585.4915921,88.97642014,551.4986251
366,400,300.9568503,107.0932566,1036.495293
367,390,401.5531654,82.03803524,780.4654334
367,412,556.1092987,103.5501413,467.7658976
368,987,406.9886269,27.23173288,51.57484059
369,1742,713.5162585,29.57645944,60.48116432
369,1578,346.3613104,75.76625919,646.9869906
369,1710,388.4872031,124.0969084,1222.992993
369,1698,878.2173475,45.0478708,181.5430233
370,1385,336.8025037,50.68002007,454.5364266
370,1660,465.5974047,43.15604675,72.52836765
370,1657,325.6817751,61.18140144,276.6137269
371,680,365.3021892,67.67084718,316.0388597
372,384,207.7215093,124.119313,2004.697
372,417,327.3042833,41.83074152,884.2920645
373,707,52.53905504,98.15804449,1568.523472
373,878,332.2770811,30.47298896,173.8617821
374,942,675.9550383,49.58550705,515.8330836
374,1263,700.0652288,101.8563829,1357.30537
374,1313,682.0885166,28.84794921,44.18042467
376,584,517.555183,214.7747865,3072.518215
377,431,618.1668241,41.43328195,85.24711029
377,1454,342.7305492,42.15139523,222.4523179
378,853,629.8633935,74.95337516,356.5352574
378,1330,503.2303635,64.27162019,348.7695373
378,759,156.9191198,72.95977073,463.6410681
378,1350,185.0591174,74.03620577,536.5259236
380,488,194.3462435,42.54183591,52.05476554
380,515,357.4694262,45.50135502,158.1387795
381,1118,351.0184233,18.59292951,30.74849758
381,1647,2896.260247,47.39037072,433.1752066
381,1790,3465.208353,81.74265113,323.1959025
382,926,2663.702411,47.34603909,413.0914662
382,1838,622.3122248,136.9002497,1828.638368
382,1510,267.8195201,40.60647215,81.66178818
383,554,608.6966974,28.94021811,43.66185067
383,545,221.5471136,90.03317573,570.3766685
383,536,239.0312783,68.70531637,102.4288654
385,850,329.6185157,42.28138463,152.9026348
1885,385,112.7359856,83.1570558,1522.338114
386,691,205.5991006,140.1750328,3942.800939
386,397,270.0633943,37.86341655,98.97255597
387,593,370.0824554,111.0858125,889.0826812
387,692,557.8703401,40.17195955,146.6570802
388,1418,824.0333661,101.772093,715.6354708
388,943,467.5522935,31.48872445,59.97147645
388,1703,680.9342629,48.04409029,291.4296102
389,1305,1080.785337,101.2500884,1142.334683
389,422,163.8661345,28.25657589,18.6063028
389,1320,132.3131901,31.77372675,43.18662637
391,614,178.2509221,26.94285752,18.65677018
391,430,217.7093658,91.13703553,1341.495872
392,1446,351.3492495,55.34241454,189.1036041
392,1798,226.733857,21.67942081,41.25321326
393,730,1568.99986,46.20456778,279.1404027
393,1678,2310.763389,30.67670985,26.40719446
394,662,450.5954272,52.76744958,770.3196133
394,446,673.4365235,95.38355759,982.738326
396,997,1769.885404,97.44834322,603.3899561
396,801,1561.121132,55.98322223,211.9435158
396,582,1830.238566,73.73374061,396.5693789
850,396,1018.022413,36.7749231,156.4374734
397,628,331.0074648,37.3196538,39.59482584
398,725,396.1457194,112.9301855,1360.508786
398,476,390.6763381,159.822619,2308.762048
399,1580,507.5619775,45.67116829,345.113387
399,1619,158.9866846,51.48901293,332.6660726
399,1140,23.19129935,27.96141007,315.4167333
399,1344,188.0676956,91.83028283,780.0631113
400,797,193.46244,46.8109591,278.7293496
400,1077,115.9255709,46.67832263,236.2395143
401,433,202.3707534,182.1357382,4175.943413
402,760,171.7090782,103.0066428,512.475855
403,1051,200.3207229,24.35779742,47.09735903
403,1130,146.9547283,85.15796811,779.5130729
403,1891,537.6519444,36.51550279,216.0146767
404,1005,549.5478994,29.65505252,23.45293479
404,1293,982.7385679,125.1225771,744.0995416
404,1717,1014.781469,33.99580458,94.76844537
405,482,225.730256,79.20967668,769.5336955
405,500,215.9538968,57.76253206,55.29065248
405,626,383.3429916,104.1664877,2118.875025
405,527,197.6261759,28.25520118,13.6354271
406,755,766.5512676,49.41647532,192.7928058
407,990,2139.601077,56.46022538,325.5242207
407,591,454.2436686,66.02828936,653.3285088
407,501,824.0333661,65.50644768,342.0366766
407,1120,260.003546,43.66808822,212.4511046
408,816,2766.271694,55.56327731,303.3495914
408,538,827.3383628,55.32076114,178.3564958
408,1163,802.9820999,73.2646844,638.7030325
409,620,693.9903655,30.9209592,53.36811686
410,1006,314.4173764,28.98639327,28.30300183
410,1083,231.9120538,53.34892153,155.9176227
410,766,89.3986355,37.29316394,82.19174327
411,1165,543.1076246,38.69764916,101.8028689
411,993,460.3875534,40.07866298,113.5040152
413,659,375.5020468,67.07365775,249.4244049
413,704,282.9827895,39.16789471,51.57310649
413,903,346.0714532,105.0578156,687.671418
414,1560,424.4185627,31.25095627,50.74787783
414,1524,330.3942817,77.79242999,607.351199
414,932,378.5234856,38.22594059,74.45807778
415,863,171.4634801,49.01943377,245.2255862
415,571,468.9801651,49.19135794,45.11423491
415,535,220.9956852,112.0363964,975.245684
416,509,170.4962728,21.09861206,2.925419633
416,1835,311.7984745,37.37719161,206.5117544
416,617,337.7397836,19.95934017,6.813258483
418,1210,804.1917262,68.33162745,246.0658698
418,779,1058.0009,33.93884647,67.80956581
419,1139,278.1866081,17.03649162,10.20709192
419,802,1085.589741,20.55137854,60.9603957
419,772,416.8350472,61.53954159,439.3065374
420,692,267.8195201,38.45321435,133.4266943
421,531,322.7339702,24.10590681,143.0912862
421,1517,447.1794015,51.13773447,509.9145167
421,1499,238.0226222,39.40884519,169.3121886
421,1034,247.8195303,43.90677806,55.95723109
422,1431,839.622912,4.158250362,0.969266669
422,523,238.0243358,41.15594472,63.18441612
424,910,503.3719165,73.53884784,5195.383153
424,1071,421.783258,353.5671832,56267.73762
424,623,365.5265608,347.5022653,118182.2789
425,1766,406.9886269,36.19581128,117.9907331
425,588,1592.572846,55.68874498,256.3734079
425,1563,2237.323983,136.743503,2908.02568
425,1166,1706.847673,82.30141259,272.6471983
426,1823,426.6868549,156.2565753,1489.984604
426,1792,802.9820999,43.91827279,94.007504
427,1875,304.1389632,59.05576453,342.8738498
427,1056,335.8573166,121.2316683,1386.282289
428,537,730.4668847,41.70302636,132.3314901
428,1108,847.3250267,43.17289695,78.60390743
428,864,255.9334246,59.27245585,270.3288669
428,948,390.3773495,37.76521423,51.44983521
429,716,223.728578,153.1832863,2007.681894
429,872,626.8812743,47.15822683,377.4118957
430,765,674.1569701,90.19823118,1345.31274
431,1386,282.9827895,49.84003645,122.8031762
431,831,512.1666139,44.58154755,244.2629023
431,459,147.2319748,46.54136913,142.2372232
432,832,270.0882232,25.22199846,58.81691003
432,1117,223.2747683,35.78488838,26.77262369
434,1071,266.2771936,297.862336,13708.35212
434,812,721.2610681,63.28920846,247.9083461
434,650,668.6110217,74.77309592,1558.713344
434,805,576.3072459,92.37195424,1097.09506
435,1736,144.1296845,43.95276827,54.89117813
435,1677,272.1220643,43.34224363,102.4950166
435,1828,28.74746286,28.37863656,34.92690883
436,1307,546.975464,21.25260685,18.81051788
436,1809,1025.033509,74.90081985,740.3960369
436,1773,811.0468057,53.43056044,247.0139619
437,545,202.2574813,43.08912375,88.283721
437,455,982.7385679,33.89960527,45.40536856
437,671,377.5490226,21.82535891,67.66317993
438,1240,323.7161354,29.13165775,506.0598477
438,465,360.4435431,29.62588018,167.2510011
438,1011,564.5887476,89.98045812,1438.211289
439,830,683.9834798,117.3793469,966.2426123
439,837,107.9411169,21.06763501,37.61469488
439,1011,351.5193312,69.92282351,349.4944257
440,458,351.9052814,160.3583819,563.0961304
441,1484,192.2927303,84.48476477,2204.907125
441,964,647.0811089,57.06143647,186.2341955
441,1514,660.0908925,39.67332642,55.94673436
441,1523,296.1770007,57.32318315,514.9346143
442,1084,319.7622898,18.4714827,12.59125853
443,1050,161.5027547,21.57914858,11.21410419
443,605,331.0817861,34.93904564,149.6852815
444,1572,113.9476218,30.82190891,235.5041801
444,1800,194.4176342,91.32893952,672.2558923
444,1065,458.9497758,58.98841269,1303.477924
445,1705,345.7876087,33.17079677,50.25323122
445,1504,2239.113637,37.79252796,140.8812203
445,1272,2283.836889,41.21680884,55.46392057
445,1675,1276.518468,40.10780492,189.9285563
446,1663,232.8683491,22.5621619,10.45433262
446,1450,212.4484364,16.25994032,18.88273604
447,1114,259.2004389,35.23515784,420.9413497
447,1168,221.5894798,152.8247845,14347.9192
447,699,228.971762,38.97138409,624.0136812
447,836,441.5596409,158.9891358,1538.638349
447,555,605.6576391,190.5169651,6830.9215
448,1026,61.01116025,24.96185974,15.24660973
448,1288,184.5621388,26.31572295,51.73513959
448,1223,1712.154667,29.49422485,49.28601041
449,629,745.0250747,289.2446355,7489.301864
449,512,928.6178001,38.00932588,53.61766944
450,1445,1014.781469,61.59474804,795.3183088
450,758,568.6881187,38.38591436,208.0322846
450,1218,652.6608608,74.14751182,678.8937973
451,1407,212.4766895,43.3810837,218.8044735
451,1265,205.6968116,19.48911635,25.28196804
451,1021,304.9521499,88.49158638,769.3576225
452,854,199.749515,71.34302937,2376.942791
452,542,211.6694912,53.63213032,249.4358072
453,705,556.9343313,33.01347749,149.4341067
453,1726,379.5489489,93.30952326,1057.680659
453,995,713.5162585,22.91799865,61.63845478
454,1389,510.7314006,42.21341296,67.72888365
454,1373,509.629512,63.44770757,273.8548594
454,1534,337.3580849,100.4376066,334.6043863
455,536,227.3259256,27.95466847,55.12970529
456,941,405.9290698,147.9559295,8021.773954
456,555,300.925423,60.43035063,472.0932492
456,1732,250.4579211,176.8565931,5289.913701
456,799,179.8530481,387.3259392,11076.57703
457,1229,433.4806221,64.64780234,366.8565805
457,1061,467.922171,23.26430098,23.56951156
458,781,306.0426804,226.3330222,1714.112172
458,665,309.2799252,132.6021356,1244.230541
459,1454,521.0576293,52.2999776,725.0963535
459,1541,522.8182633,36.55337195,94.80670903
460,1153,699.7236653,113.5965344,4906.971538
460,1335,626.8900077,141.2692949,1371.295219
460,468,66.08638951,135.0001105,1821.616094
461,1641,176.7870752,195.1510434,3984.272645
461,669,359.0957098,47.02149227,180.9584441
462,1118,252.5996352,72.17422381,592.3066444
462,1336,445.962037,101.3851483,978.7416714
462,1388,190.4208117,70.39971328,378.8891054
462,1296,232.05714,21.021708,49.47939045
463,778,202.5600685,47.80079473,137.5551804
463,1805,147.6014535,69.04274195,850.8508522
463,730,391.1443351,79.43054629,558.6226198
463,877,338.6277925,58.19633158,386.4667029
464,698,276.4329203,74.8581459,81.98350615
464,608,1036.890505,46.86822261,72.10444036
465,830,257.7163082,47.11241785,51.11730818
466,1241,700.2356892,47.75982945,82.18107236
466,700,1728.254341,24.40469577,68.10829104
467,476,496.9689526,32.56611557,19.22858788
468,1685,340.2725957,113.9980035,895.002762
468,1700,478.3520148,38.50432302,52.78085985
469,1391,255.3599632,62.62298544,105.8427156
469,703,1622.907788,107.5655893,900.1260429
469,923,2011.063681,90.28537688,362.9629641
470,760,1397.328501,58.71320217,416.1753945
470,987,140.8318461,53.89400726,185.4786977
471,1891,132.3131901,73.71685509,577.8331791
471,1782,1013.258931,27.68220325,25.59497141
471,827,260.3460928,24.23489472,23.23596864
472,1669,250.9085722,69.24147891,149.8263738
472,1369,247.2161626,37.17973703,133.5790305
472,1561,309.2870407,77.11409038,585.9526845
473,617,412.5236789,41.18340782,679.9987917
473,518,310.5509927,22.56298448,6.01356541
474,1198,422.4853881,50.11898546,60.54915913
475,1096,1357.614927,90.17956998,775.7756215
475,724,1830.238566,96.56543947,1211.334316
475,1205,231.735123,32.09416689,158.8175516
477,1515,208.9813393,92.9912508,1703.280926
477,1746,121.6308203,31.42153903,38.05450619
477,1408,345.1284077,60.82743079,480.209726
477,922,417.2953069,40.0833066,98.86306034
477,513,273.1858841,127.0873582,2379.263541
478,979,254.0940805,52.53181696,306.6899803
478,1387,580.9478058,50.46555726,154.7204597
478,685,315.5945741,19.1640321,26.64448606
479,945,313.5298126,53.34501954,1859.653795
479,966,72.26269556,48.87925675,77.20860999
479,819,1229.628076,14.05148919,40.27841572
480,1778,377.5490226,48.04493343,96.54419187
660,480,1036.890505,14.70338723,15.11042309
1788,480,169.3920086,19.71042597,9.312579708
481,1047,377.3260739,31.17875357,82.25964928
481,1570,581.4989553,104.8986891,837.6214024
482,653,347.1260675,138.7899764,2682.994493
483,969,544.0247366,29.45787615,28.73577923
1144,483,212.9194736,38.98152539,229.0674686
483,1186,214.165958,63.36136366,305.2488726
484,928,706.9015351,22.73677304,26.26323415
484,963,290.389597,95.26784353,270.7806112
485,709,144.3885285,57.58828864,155.2015073
486,1274,464.2773981,53.63363522,297.6234926
486,593,164.7646902,114.192702,1310.194654
487,1159,744.8007551,38.96397866,63.43955293
487,1591,646.8891553,164.9813501,1306.990016
487,1243,517.555183,21.99228705,17.60800933
487,916,699.7236653,77.47899087,460.1320127
488,596,1044.207014,54.99558111,69.74837499
488,1022,315.4313458,36.8279323,90.90382476
489,1706,999.998034,43.35235773,151.4045938
489,1009,212.1769259,101.2135155,878.4662253
489,1602,230.3455076,53.19933566,378.6139741
489,1016,128.4185079,22.52921049,28.29192197
490,1716,245.4629425,47.8617958,238.1992108
490,982,331.9189396,92.84001958,1484.220732
490,1257,333.8853966,4.760177953,0.605655793
491,671,315.9036749,47.84744916,851.6556727
491,581,554.456952,36.86239581,46.5251106
492,573,412.1781335,77.03915733,512.0678605
492,771,1662.937701,44.75121033,115.6952957
493,502,230.0838524,35.01709113,63.44691496
493,1089,1151.644154,88.35135541,386.1879529
493,748,314.2687725,107.0749976,1733.095554
494,530,390.9992642,121.5914846,4083.288913
494,665,534.2668117,125.6084295,3064.236241
495,1299,377.3260739,213.4298778,16416.9884
495,1279,235.3112937,47.12389005,917.9875784
495,1274,455.0693512,60.62674705,589.662824
495,1366,693.9903655,80.08868227,557.6948856
496,1402,1280.812706,51.57260502,380.1408076
496,818,565.1937117,43.59084796,149.1971668
496,622,274.3328539,34.69399465,101.9556325
496,667,412.3358877,41.99223378,270.717186
497,641,425.9140946,43.29971799,47.09948394
497,1092,494.4566028,48.79352151,161.2553809
497,712,352.9318802,44.71468369,479.7843803
498,1786,467.922171,32.89534157,495.0903571
498,897,316.333154,17.94967791,39.38774435
498,861,285.5168819,193.1777209,9641.441633
499,1825,2556.670043,79.74119427,703.8927901
499,835,875.792814,26.58079374,28.02530445
499,722,1124.238202,30.58750112,96.50997765
499,1737,230.078411,55.72193768,326.7663344
501,627,336.4806058,31.97621545,22.463311
501,885,524.0079589,128.7472006,1897.837849
502,547,75.31901328,178.476531,6205.546602
502,1068,560.1996504,54.03585406,36.49054487
502,1139,135.7444148,60.07222813,1360.396964
503,602,224.9325864,46.68498304,297.8524943
504,1248,273.5937563,67.68703981,329.5052406
504,1194,488.0512947,49.12084484,177.6498151
504,1182,141.573317,67.97646501,406.2401935
505,759,562.8715458,24.48179233,23.45597288
505,694,259.5491809,64.77634889,415.9611274
506,826,204.8524914,63.69468201,406.1085472
506,623,448.3341374,116.1195023,792.9108226
507,552,919.8431229,44.47751457,153.8265452
507,1214,568.6881187,5.201921276,0.764779456
508,1549,253.3709515,29.40184285,133.3508515
508,1094,393.0597599,72.41231649,655.1382676
508,1787,361.1545333,73.94444007,629.4653984
510,731,410.3207952,71.65302535,312.3773951
510,843,400.6480744,194.5082744,1651.451008
511,893,313.3206268,20.17144829,10.29716336
511,565,241.4176786,109.5367264,378.8028465
511,691,362.5421336,80.36616971,590.5032909
512,647,443.815225,282.8974304,12963.13929
513,1236,149.2203639,51.93485743,158.1073525
513,1520,136.8058842,23.46939513,65.4415045
513,1457,114.9437404,24.99033025,25.63126177
514,1249,207.0063574,40.93674201,104.8676378
514,1270,453.3683008,42.54317215,125.4789035
514,604,307.8154888,23.5110854,22.32110977
514,1098,290.8233659,46.43900814,137.9626186
515,1099,713.2862675,55.75824584,262.3386877
516,1860,491.9788734,96.01827967,733.8041015
516,1266,512.1666139,29.34474561,147.7709228
939,516,626.8900077,40.36777435,178.0238763
517,1791,325.53111,71.18110541,548.9953265
517,1003,507.8290308,43.17893624,80.82599052
517,562,327.1391113,34.65713167,180.4629961
517,1312,634.8676795,54.95554513,352.6906337
518,689,146.2787448,38.06239527,94.83454602
518,671,359.9021833,77.65446653,1139.457152
519,1132,145.9190187,64.63026438,758.3011628
519,591,436.6127438,75.05946042,698.4471535
519,990,238.1140514,43.27159241,150.7460676
520,851,228.7977051,154.6771081,1797.336495
520,547,255.2407113,171.5822767,5684.379361
520,756,185.8841351,217.9649666,3606.521323
520,942,313.6144504,213.287306,5219.937517
521,602,56.12003488,125.3510369,2840.460142
522,750,958.8743236,30.06457571,36.27740532
522,1355,257.7163082,50.62535143,109.8832066
522,1146,320.892888,91.80181973,724.5092713
523,1320,314.1148675,42.08772157,106.2397671
523,1146,540.0478393,51.33299689,67.37693922
523,1153,395.9190753,53.25869617,936.5214784
524,938,309.5056067,39.61932301,179.5938958
524,632,147.6764057,63.54131524,261.5654041
524,1641,1223.809673,67.86992562,314.7594641
906,525,728.9290015,76.5434615,290.3279765
525,1766,217.7154892,41.66071747,224.6227148
525,1884,188.8040849,135.48468,1511.893333
525,1886,444.6049052,75.37096183,298.0200825
526,562,351.4324351,25.78298598,87.38626381
526,1459,366.2891095,60.21372069,258.0894934
526,1373,458.9497758,47.22066197,427.4744622
528,1126,144.3885285,27.1009,39.29765991
528,636,364.3413238,45.97538468,84.7053504
528,899,37.16157929,48.2408822,155.6635578
529,851,501.773329,197.373947,22167.81281
529,1151,686.2321224,84.54701714,590.7787444
530,674,520.6009924,101.8818629,1517.017168
530,647,520.3990842,70.32175126,733.2417264
531,1370,4033.865372,27.42286554,139.5438805
531,1176,910.1111512,79.29306336,506.9261348
532,577,1555.395818,17.24849478,9.284766444
532,825,261.9023515,27.88993368,23.3361056
532,1249,504.7456495,29.32939298,29.79767059
533,752,429.3251195,113.6378078,1719.866764
533,840,209.1068497,68.79733304,261.6110243
534,1276,211.5300381,26.96805193,45.06528027
534,1816,477.2200282,31.43739948,258.2869774
534,1772,495.6572492,67.59443437,757.5210753
535,1357,658.1514157,65.06885668,640.3827683
537,899,419.0126428,78.72867032,1021.090596
537,636,307.8306456,73.29882193,478.2373531
537,1138,377.6218647,45.32039975,523.1118571
538,556,337.7534872,36.45752056,57.37295815
538,991,325.8740239,72.75871516,244.6334681
538,1298,222.4363981,64.1657098,360.3041679
539,611,799.4633154,35.27479501,68.59857904
539,656,365.6032421,28.44049171,55.34593011
540,1625,758.9915608,47.47440717,257.0596912
540,880,999.998034,96.85184786,710.4145182
540,1577,516.1461434,22.83056224,24.68150267
541,685,250.9085722,23.37122139,60.44035096
541,613,241.0734313,62.71736463,368.8439001
542,952,226.6947229,78.60852915,652.9774823
542,784,249.9088715,95.92812423,944.3438331
543,1860,175.556399,27.43132902,62.10206504
543,1420,133.4161403,27.87001428,38.54356628
543,1866,1672.884115,28.68112703,111.7951366
543,1889,1161.652744,118.8170228,1230.555062
544,1357,1124.238202,96.35822929,2174.417852
544,989,467.7929198,100.4473362,395.0923013
544,1875,669.2937082,157.9085105,675.8675818
545,689,502.1806243,88.8401941,794.1087022
546,731,2034.517496,121.9189457,1232.354527
546,1168,176.2882066,5.018558341,2.237773949
546,1114,190.3866487,92.61073558,412.0568921
547,1075,85.52590926,93.64847128,2122.558086
548,575,99.25144125,29.56520287,32.1115731
548,683,312.5007547,32.72409761,86.89749057
549,1635,361.8827805,48.98601983,254.8336702
549,1804,185.6881094,33.18560229,67.26784282
549,1505,205.9934587,90.85442478,812.4367323
549,1382,167.2679445,121.6756403,2785.663526
550,1399,193.3696927,57.75602935,156.1107549
550,1141,365.7887633,29.59415422,86.926374
551,560,342.7623639,95.30386877,1295.235938
551,1008,595.1792172,40.62954844,487.0344291
552,1351,140.7218803,25.26981286,183.2755292
552,1443,324.7603541,34.40155922,117.1675686
553,1823,2356.527401,127.4669112,2523.761337
553,1615,1686.876154,172.1249508,4383.390883
554,680,1741.28061,121.6403195,572.3124963
556,1263,317.7348058,24.02086189,30.66537399
556,1318,624.0356267,22.75285403,9.729433584
556,816,385.1798218,40.13481893,127.0962612
557,741,535.6265217,25.70997286,107.3654817
558,1116,458.6310303,34.05105159,90.23520749
558,1508,327.3042833,73.93590037,603.0128455
558,1589,61.67462177,36.77727118,145.9602732
558,1655,378.5234856,60.52638479,189.4413915
559,1231,189.6240581,50.05473424,43.25269389
559,909,163.4086438,44.121424,370.6578367
559,568,152.5390573,77.85125781,244.8669965
560,1001,277.0152853,34.66312048,78.0044654
560,668,180.5880068,28.14070649,46.55852625
561,1683,492.1675524,61.61971982,337.206356
561,1824,180.4126342,51.18273995,223.8421369
561,1677,186.9244155,29.23072732,20.00427264
562,1389,181.8802626,125.8857528,620.201896
564,1291,188.8080619,35.06732381,250.9572837
565,708,554.456952,116.1405913,860.3322538
566,1274,79.61011847,53.87801705,125.284743
566,978,242.6223644,36.65593084,85.10920568
567,749,1454.215153,103.8587987,293.5030257
567,1463,276.2753372,74.78433035,302.0273351
567,1667,464.7243505,59.09219418,549.4716083
568,1183,303.0645202,71.57605788,177.1877759
568,767,1234.234482,65.77022611,211.5343584
569,650,241.5011285,38.21738293,110.8602678
569,945,198.1395557,60.54140291,72.21643207
569,805,165.6644771,127.3798605,1031.09124
570,606,193.3238535,27.92464771,111.0072931
570,1714,175.2258277,24.53956239,26.66762459
570,1868,225.1874039,43.35369598,225.0343568
571,1221,1432.752477,46.72224316,183.5830676
571,1357,218.3910293,73.2839336,105.5843726
573,1011,332.0120067,33.45550128,363.8613239
573,1348,209.3926731,101.3031915,934.7803265
573,1060,348.2928019,50.04423536,193.3517287
574,1019,191.8857738,16.83911966,96.53691018
576,943,191.1436769,172.7591776,9446.716641
577,1213,618.1668241,25.33804503,51.77468284
577,1049,332.3824495,50.36618086,61.0512741
578,668,440.927846,31.35701379,29.44515691
578,728,126.0383256,43.66784637,90.67288068
579,1620,118.5706484,29.27205656,109.1969397
579,1380,417.6863188,93.7097095,941.5245879
579,1602,455.1286603,31.83758121,43.97199241
580,926,415.7874044,37.78462225,201.8307135
580,1847,308.857987,86.54237471,674.7908703
580,1397,588.5777404,25.98607331,79.5854411
580,1507,175.2294273,36.63871885,209.2059157
581,653,1014.67495,137.0873606,977.2501767
582,609,1155.187674,41.7480102,162.7724043
582,1228,905.4421895,84.92292031,1210.155318
583,1187,1289.528685,51.23344191,208.088926
583,1235,471.5487556,34.86845025,115.7570265
583,1278,426.2283593,54.94977165,148.1391558
584,683,185.6601824,104.7903227,1668.081157
585,1062,246.0498051,69.88265096,1272.430124
585,957,941.1702069,39.78250842,211.0520116
585,1128,1741.28061,104.6981887,1778.742591
586,1383,1120.091888,18.90984318,88.60812709
586,937,2004.171289,75.59473861,302.3676572
586,1367,241.0734313,180.7558313,5137.746782
587,1392,233.370582,48.51778661,89.94432476
587,768,199.2089648,11.57715698,7.819080839
588,624,2558.887309,49.80452074,167.8162055
588,1291,1255.795005,83.68122245,332.6790771
589,1795,535.196487,190.7236208,1719.170905
589,670,2499.055757,23.44354619,13.06581838
589,954,228.4536373,31.52993908,85.94602484
589,1239,759.6472394,122.7691079,167.9193307
591,627,412.5509887,50.24720585,838.9534374
592,935,153.1713089,40.26565623,96.85398823
592,716,615.6853378,114.4333392,934.3488956
594,630,520.6072071,56.00869558,719.5860311
594,1349,406.5579245,72.93085328,3015.415598
594,1679,516.6684936,152.5419464,1383.372578
595,694,391.8038404,47.65322799,234.9883176
595,1350,399.3886062,45.73815131,74.43205629
595,965,1233.652182,28.42629898,254.9296437
596,945,1400.008339,174.0769716,748.9561062
596,994,756.4476166,59.12533281,193.9280655
597,1790,1589.350889,23.16895271,16.42683975
597,1605,193.3696927,27.37603928,35.00642986
1030,597,275.604793,25.24472384,37.48457785
598,1474,122.6468622,91.13571094,554.5338525
598,1877,323.1423428,39.85993635,30.47010823
598,1669,1304.912095,74.99266814,357.0128066
598,1173,1051.848713,87.10124096,314.7588205
1186,600,293.5099803,51.05534363,175.3873893
600,723,1255.795005,57.62957116,332.6680254
600,906,423.565812,96.60770131,704.3172491
601,1288,364.5744015,39.94159906,97.04875208
603,1676,443.9603623,49.54376975,164.820901
603,1122,450.5760534,49.63430455,56.75250598
603,1254,212.8187239,41.43280597,158.694597
604,1325,319.6698727,26.40738731,22.77239346
604,1295,500.6634181,25.30360586,42.7530682
604,867,354.6651261,55.82371597,149.6929247
605,1050,247.4270666,21.98714496,46.73334616
606,1190,98.19303558,23.95655302,28.43703008
606,988,81.1072442,72.5908281,196.7987188
606,1023,312.7803781,37.92191312,101.7248519
607,1149,313.9204424,144.4911141,5077.083771
607,1017,461.9066001,49.7917468,524.6430292
607,1131,506.4348279,23.52838425,11.86093838
607,1827,481.4511858,120.2600684,982.6310945
609,787,389.1891435,81.54326644,591.2226367
609,1004,337.2747106,24.29545676,78.14726332
610,1323,300.2698023,31.97652972,203.8895598
610,1353,176.3622819,45.68958725,978.6000747
610,1157,344.1873759,40.19395671,114.1162081
611,620,350.2059925,42.05564761,37.45881834
612,1170,354.6830268,61.15688384,288.4157136
612,1128,306.0825483,27.28928667,81.79188139
612,950,140.0576135,65.84482028,295.5833392
613,1387,1103.828643,83.26956476,550.6421668
613,1237,814.1403013,46.13307047,134.004855
614,896,1280.812706,24.7952416,50.90047351
614,784,293.5099803,71.63183712,328.9360143
615,1388,653.6597625,71.46623579,275.663546
615,1412,312.6233832,59.07845429,165.9121052
616,1857,575.4347967,84.48489007,275.7194741
616,1337,429.1016293,31.74003761,58.88064169
616,1342,208.4203538,52.90418154,224.9744736
616,968,141.5225217,96.15641357,724.5244148
617,689,187.0601788,54.73150426,152.3826124
617,1107,150.9818112,24.35643562,10.40750158
618,878,91.89183806,32.11101563,79.56132886
619,1121,469.8656346,50.46902707,110.7966386
619,837,406.3058076,61.41230682,941.1341423
619,724,178.5930974,74.19304517,791.9029594
620,701,117.555509,62.09294436,259.1611061
621,1637,331.5724099,41.66260263,49.67614395
621,824,555.8898734,92.24044829,51.5355569
622,804,351.6685067,30.15371783,71.36420526
622,930,562.8715458,70.96447626,105.3577359
624,1766,856.9806966,60.24996901,230.3514334
625,1773,264.08751,57.34369478,470.245839
625,1681,316.8667279,71.93319255,252.2406795
625,1821,247.8196271,80.83259865,449.0297431
627,1067,198.6988912,26.75546563,124.063929
627,1033,139.940451,32.25754458,65.53588802
628,1308,578.6141626,33.71925262,41.47703883
628,1133,304.8027503,21.21284187,26.52562078
629,665,304.1389632,34.77541292,118.8355317
629,647,432.2380955,32.44194321,150.906791
630,675,570.5216524,115.490486,1302.501845
630,1460,239.8968548,25.19534138,19.94734154
631,1070,540.4840577,40.1851551,112.0261049
631,902,236.0345599,88.49047497,1551.637188
631,1135,132.1916283,28.50177556,22.22380761
632,677,983.1410724,69.88905978,249.323986
633,904,219.1141492,27.98678405,165.8168916
633,862,231.735123,46.12433452,248.8946263
633,1533,515.0530804,33.63519865,94.87019527
633,651,270.3876214,87.53596554,1014.958461
634,821,449.1287667,33.11471584,99.31957356
634,1725,165.6061356,57.88680219,163.0984692
634,786,264.4056949,97.31816112,522.8603079
636,808,240.2681057,44.65504338,64.48434624
637,756,361.2623371,50.93031817,153.8903181
637,1343,27.24439479,82.75300554,253.9211129
637,1217,187.6538421,645.615425,82173.37542
638,717,1099.55667,52.34455573,207.5556148
638,1478,210.0897338,61.90690148,245.5425767
638,709,566.8046306,42.50143173,118.4822524
639,1013,440.469208,51.2001375,213.454731
639,929,242.5286421,60.87959753,177.8163571
639,1378,257.092466,38.01478524,78.19686749
639,1406,526.3930735,31.90136813,107.8830331
640,825,509.0410597,30.03908496,101.3203367
640,1249,214.3025008,40.0705212,108.9964359
640,1270,714.5698479,37.93903005,134.5591042
642,855,769.9336156,36.96192947,119.9312853
642,1341,353.7171055,38.31705855,243.270453
642,1446,471.329341,41.04647404,79.32012494
642,1890,1125.188288,94.27343858,551.5734536
643,849,616.3124407,75.69711879,482.4872725
643,1654,246.0758193,36.2177186,83.1376436
645,1053,262.9853943,87.95491074,1060.789978
645,1234,394.0931082,116.8852471,630.0003104
646,1205,338.2452817,38.6309486,200.3862334
646,1103,405.8030188,71.35217507,335.0280568
647,1418,285.6781238,280.7915095,7784.721305
648,929,376.4561013,41.63110038,94.1034241
648,1309,261.567007,44.16090936,77.58988478
648,1406,1055.858964,84.97409583,601.0922941
648,710,86.37263302,55.32801768,1004.644921
649,1255,254.5667925,96.77672645,385.2431454
649,1363,96.10959483,45.26553599,91.59972014
649,937,93.67032736,43.93548179,92.68741651
650,695,268.7115101,62.32298181,594.5298888
650,945,393.4139868,73.52953976,625.3781885
651,841,190.9052235,20.74683772,17.67003151
651,1560,259.5491809,41.43465321,101.33275
652,1579,393.0597599,34.98475489,119.8907206
652,1642,366.3659135,28.78558321,30.71594669
652,1444,1101.767362,63.58898818,244.993149
654,948,257.092466,52.11325972,121.6620867
654,983,1069.288059,21.59133108,34.76466359
654,1222,781.5581147,27.348038,16.01337802
655,1181,470.2261944,79.68703771,511.9420113
657,1532,504.8516614,61.80045125,242.3218151
657,766,196.321225,51.40059224,214.3355318
658,1189,388.6469014,43.96262395,95.10953762
658,881,275.0018723,103.7707224,388.0043011
659,931,288.5198866,55.31803461,260.2864637
659,1043,299.4326317,49.98578484,146.5993978
660,1712,104.8943503,29.31105281,89.3139858
1758,660,1293.915135,58.22910731,606.7364495
660,1752,504.7655711,52.14662965,509.7503085
661,1405,389.3282257,42.48504791,171.8396655
661,1797,352.151325,43.70636518,123.9790981
661,1627,39.97393983,23.04036856,31.43379752
662,1639,395.8316253,70.30146739,135.5970046
663,1150,174.2833943,27.3869056,80.09761556
663,920,386.3043426,27.566254,21.65302423
663,1095,494.3112084,80.37529705,322.0808932
664,682,78.25206767,46.57371431,244.5010254
664,1054,255.2407113,46.44686272,126.8427185
666,1402,284.4441927,117.0165636,958.2834164
666,817,222.1820801,68.92591295,188.810303
1426,666,674.5268534,41.40568142,121.9201052
667,930,1047.798901,85.41565966,401.4338099
668,833,1605.266396,54.83447307,81.50517217
668,791,454.2245491,58.03616769,266.6782247
669,1124,158.8096179,88.63314492,516.0809744
670,1125,1212.751048,70.1288368,273.3486609
670,1369,1980.528202,33.14912328,348.8170308
670,1621,225.1874039,133.6747099,1418.556899
672,1186,1433.212385,63.18749921,309.6745732
672,771,653.6597625,42.3806607,139.9473378
672,723,484.4924959,47.78224999,504.788443
673,823,190.9435949,7.577960757,4.182783476
674,692,121.5519876,41.61871203,104.3894615
675,1366,140.5790723,124.8814033,752.3575582
675,1670,306.3666994,95.1307406,706.1320147
675,1511,266.4956245,125.7168223,1293.866964
676,1063,218.8597011,67.28073389,936.7545142
676,1681,346.0714532,106.977993,1562.615106
676,1159,208.9813393,26.89114694,26.42994619
676,1275,347.6498187,65.61258759,171.6493854
677,1629,151.6687856,30.65516724,37.46512554
678,1720,334.255527,33.49521538,364.0066425
678,1893,287.293263,77.74143764,524.6062556
678,1686,307.3229515,61.94461749,539.4361219
679,1747,394.2664607,124.5297964,2600.497871
679,1817,398.7211986,123.8446926,2134.927575
681,864,333.2326205,30.3487922,23.87647635
681,948,337.2747106,65.20941401,439.7322955
681,739,506.067925,61.02891243,347.4222239
681,983,364.2085207,67.59321904,351.7200418
682,1303,509.2293938,53.41812813,468.3080194
682,879,414.4702621,46.28233257,202.1744979
682,1253,360.1340311,43.93129932,93.76095128
683,757,414.3223762,120.7139728,539.257025
684,1502,791.542227,67.93485438,257.4481264
686,910,1666.817721,153.493628,2752.217694
686,736,1974.658957,73.88729962,2319.920611
687,1065,1027.908899,73.56552259,236.6716089
687,1774,409.608127,54.81640057,1527.931824
687,1440,623.155329,38.32464172,389.3543235
687,1870,219.0246148,48.78602308,63.29390191
688,754,593.3162441,25.8754541,44.64469616
688,1795,293.1300936,35.0852019,255.5474337
688,1125,364.3413238,52.35930659,201.9002142
690,747,591.9293834,122.3966746,1056.616247
690,707,418.892414,52.30262079,19.91855217
690,1132,318.9586978,102.6492139,2365.282837
693,1128,304.4017252,85.76339637,585.552971
693,1454,352.7578063,37.53606868,145.2831785
693,1538,484.3072559,45.82929614,181.8305054
694,832,202.500837,20.94003927,100.6266693
695,812,643.5875973,105.7529982,713.7904142
695,712,506.1965775,95.22484221,990.8009584
696,1659,136.2816524,37.10935052,125.4876735
696,1834,315.0380857,88.64771155,444.6418451
696,1671,389.0097565,110.7815256,1990.48632
697,1639,280.2382615,17.88363148,29.61500584
697,1456,204.8524914,32.35573271,58.95137231
697,800,377.4880952,24.0498376,31.64543671
698,1875,669.4787115,150.2645513,4650.150546
699,976,418.7348423,107.5527126,952.1687513
700,1293,4023.798886,31.01458555,51.26484942
700,858,1808.60053,3.643419402,0.359002229
702,1463,1062.645007,36.1010771,161.7713444
702,1334,714.5698479,86.37000853,372.0219456
702,1544,493.8147888,24.17252073,11.46980832
703,1285,669.9234775,46.89134411,118.5200135
703,1403,188.8040849,82.21459527,680.7124273
703,1189,273.2144727,27.59013151,24.53682959
704,941,244.3404887,373.4179162,12289.94878
704,1732,107.5830727,124.5087229,622.6524263
705,1887,159.9451335,40.58762069,194.8759005
1886,705,211.3874654,55.44189745,323.7898474
705,1599,1023.613396,46.58672495,134.9503654
706,1621,597.146254,89.57657884,507.6619341
706,1495,656.4404604,187.1512589,1767.292671
706,1723,183.4471189,65.11651342,167.9803357
708,1258,233.2586384,34.44109945,111.7158769
710,1574,191.610028,30.13477807,52.10624454
710,1319,244.0320835,43.3690831,169.1509068
711,1295,436.6127438,45.50183742,102.2477505
711,867,313.2438909,93.58766169,224.8183594
711,1305,604.9681706,196.0983518,4682.554825
712,945,315.5945741,60.83785488,1301.411062
713,1360,175.2294273,62.61139684,165.4784038
713,1850,307.8306456,50.2642958,50.07528593
714,807,683.9539466,45.98269417,228.3114539
714,1576,351.1958333,32.21134824,96.41549968
714,1185,375.3729859,37.98671958,149.530022
1745,714,313.3206268,34.41987614,42.05262129
715,1039,242.8644927,27.8304059,69.82356062
716,823,542.2734733,28.68462877,58.08952737
716,1235,356.8069472,31.94868814,38.71131179
717,773,191.5495274,39.03153966,299.9513404
718,1314,165.5916463,77.71312047,1446.415841
718,1269,472.9959756,52.04188859,223.8773537
719,1731,68.03218618,57.90287589,279.6280755
719,1483,174.9291595,49.88618046,149.7865982
719,797,242.5409171,128.5674522,1367.942794
721,1412,245.847861,41.74509543,231.7139285
721,1836,139.1397902,43.24167219,132.0911498
721,1545,332.3824495,37.39601586,117.1567887
722,1477,600.2121493,102.9285296,864.7483063
722,1267,459.1449638,116.8294786,1678.127715
722,1709,199.7437476,57.70562048,168.4423397
723,763,213.9587435,35.49428455,132.5925046
724,1348,187.8496967,94.44631683,722.4644008
724,970,473.9405049,75.40585834,478.1713933
726,1691,1510.602443,45.18445975,249.5725598
727,1310,425.4607447,5.284419273,0.966509647
728,791,889.3523211,31.67761333,52.73485943
728,980,1256.785563,61.03670908,684.8172279
728,1008,398.1009021,37.39055075,151.962713
729,1812,313.5298126,24.39656804,28.00778427
729,1208,205.9934587,58.78503343,282.4895079
730,1811,346.6419963,66.360599,289.2555641
731,1180,1640.565362,23.17750034,8.501776039
732,998,963.5097573,66.72901065,1010.923194
732,1247,982.4759564,41.89929955,440.3423082
762,732,67.1048322,78.7747079,858.3322343
733,781,1069.288059,211.875716,13327.2475
734,1476,791.542227,89.21471469,412.2042254
734,1760,691.7608617,50.65897721,126.5317354
735,1340,244.3310552,33.34151539,156.3449953
735,1439,235.1135961,118.4293944,2581.705095
736,840,756.1053196,117.5696801,2259.192735
736,1071,537.0465409,89.39165469,688.1117237
737,1728,273.4911032,20.67818787,41.60822863
737,946,283.5724244,92.59449859,1251.90942
738,1471,192.2118626,23.04111875,30.58044929
738,1783,278.4021645,11.13338998,8.777391045
738,1843,1151.232273,45.7753349,184.1268067
740,1033,227.3259256,34.75239975,37.11462206
742,1517,422.533469,118.8867543,1211.005966
742,1248,350.1660614,84.88357101,489.4267087
742,1499,496.9132974,35.06367252,47.8014823
742,1496,352.151325,65.97854539,526.4971841
743,895,194.6769792,119.6142818,2087.824069
743,751,381.8613171,404.5482801,10412.06505
744,805,161.9954584,285.1764778,10241.49658
745,1106,932.9795716,92.79034127,4614.019427
745,1874,471.5659986,55.59376792,238.8675755
746,1624,234.484803,73.04109959,277.7754086
746,1251,72.26269556,22.59229663,7.776619978
746,940,387.1093873,68.24053776,372.6871666
747,1067,1454.215153,41.14426758,23.0778468
748,1253,1014.67495,44.11739562,100.5982301
749,978,242.8644927,64.35996085,391.4598934
750,1475,314.5977668,19.08590905,15.80595905
750,767,136.409658,159.8887336,1639.852094
751,1129,207.212196,112.9924918,1592.836855
753,1563,178.2509221,60.80084111,203.3873973
753,1792,136.2343272,65.12788343,307.0874348
753,1756,302.4485886,5.288843214,2.254453282
754,1287,375.198357,100.9390001,1033.125321
754,1480,220.8072402,34.39534603,128.243072
755,1252,289.9981091,59.64126287,287.6399093
755,941,477.8586952,215.5555921,6379.543775
756,1151,356.5411024,74.37559239,810.2777954
756,1333,296.9386811,39.9848277,146.0777801
758,1640,422.533469,110.5790528,442.1951722
758,1329,142.2912529,20.64826364,73.73150254
761,1720,334.6260569,25.65852792,80.12628817
761,777,126.8696917,28.89860004,39.01204743
761,1656,230.5115871,52.86068718,295.6709893
762,1594,132.1639888,68.19320874,179.1378401
1651,762,287.293263,87.50187939,453.96079
771,763,136.2816524,50.34376605,173.2327307
764,1157,431.0930951,76.66938835,273.2750078
765,952,321.2386193,102.4915807,873.798144
766,1230,350.2268409,39.96374774,139.7625185
767,1431,419.311019,27.39900891,57.50738715
769,1521,444.6381518,21.91196236,10.86696768
769,929,450.4908351,92.23813983,586.1694524
769,1309,290.2760773,38.01841183,172.4004758
770,1594,362.7047848,22.22406985,59.18935815
770,1651,1605.266396,85.67975281,1328.509278
770,1191,657.8851349,28.0534249,31.68930508
771,1060,476.5458367,121.6625076,2392.988388
772,788,331.9627717,29.16585891,27.02541972
773,1608,583.4441876,31.05685428,70.01725493
773,1478,361.2344827,44.56439967,169.9129836
774,845,742.0186781,39.15335579,128.9999444
774,1475,655.5253337,44.27093314,116.4270127
774,908,461.29248,95.11990893,579.1565739
775,1010,477.8586952,25.22086894,24.32689118
775,1177,398.9027904,60.87984649,208.3239375
775,1084,405.9579217,29.29084788,40.37161901
776,840,248.5186834,226.034085,5756.250051
776,812,566.5000649,55.50774802,174.576599
777,1653,361.1951487,23.71234862,23.74495213
777,1497,144.6887032,41.44830237,144.3497655
778,1727,212.9205378,31.25682733,117.5092601
779,983,165.1214109,29.52647148,77.07594389
779,871,223.9757753,39.17827471,102.4626296
780,1241,238.1140514,36.60931287,44.86841284
782,1382,183.0073139,69.40374931,401.0383304
782,1580,570.5966595,28.18912623,13.91762098
783,811,766.0010004,25.04783021,26.44293402
783,1141,278.1866081,33.65121954,48.77214454
785,1614,344.7425771,13.2764132,30.90473494
785,1154,242.0373337,50.06092447,178.6704307
786,1644,461.3054735,25.46696745,30.16961362
786,1200,859.1051817,24.88805966,9.980082053
786,1177,542.0671848,28.52238664,89.16629225
787,829,124.0511176,66.0642819,556.8157932
787,1074,733.8491381,76.09988839,347.9068583
788,802,757.4978528,25.2032682,18.10420407
788,1026,244.3310552,25.98731163,41.35793758
788,1121,567.5876592,72.38880804,1120.808747
789,1481,879.7321326,21.46885973,26.04890988
789,1553,107.5830727,33.74205886,126.2028572
790,1035,287.2852446,58.88056026,207.6241938
790,1091,200.0700202,9.654563762,21.24379313
790,1419,173.6150959,37.91979256,167.3274205
791,875,262.1330427,58.12712997,186.8837542
792,1065,310.2824611,96.16613419,579.7412291
792,1404,136.0388933,114.8730783,800.0480487
792,1774,98.15316266,106.7776793,530.470692
793,1131,255.4761167,132.6373893,1274.05538
793,1851,260.5056325,40.04492306,143.4112314
794,1102,244.5961223,53.46334673,247.2523399
795,858,342.4608015,31.42890763,28.92593914
796,1457,239.1655126,43.71457951,102.1836006
796,1048,293.6547713,39.02888877,301.2579141
797,1265,210.0897338,39.52739419,68.74111433
797,853,1054.551688,87.50433697,426.2526148
798,1722,652.6608608,49.98614042,116.7168179
798,1220,314.2687725,46.04850637,123.548821
799,1234,173.825007,93.34724631,713.3137205
799,967,262.0354496,68.3447569,881.9394269
1663,800,330.0351497,17.07940591,13.8603092
800,1501,247.6208231,41.97806859,85.61159008
801,892,387.465959,58.29915536,101.5582366
801,1144,528.5533142,27.06487511,44.60764153
802,1115,1013.258931,26.47290961,166.6110158
802,1075,637.9453543,103.9050621,2625.374775
804,1195,359.9913936,71.9933497,182.4553463
804,1375,229.0295232,13.23667816,19.50262597
805,1057,326.1153469,55.15804309,227.2150467
806,1100,553.213835,77.22238428,282.9270972
806,1488,308.0733628,53.25959137,339.1096168
807,1761,641.3544503,71.3795796,419.7650021
807,1282,93.0879467,31.2612397,31.38931462
808,1088,151.6410718,51.16686915,145.1217851
808,1162,75.58673852,70.1252192,378.7990563
808,1138,272.0009025,112.4372649,1449.035118
809,1181,290.5469425,41.62465632,128.2847383
809,1115,261.9023515,22.33017753,5.624467331
809,1204,193.7712416,27.24915005,254.0320694
810,936,421.7226665,22.897991,21.52634576
810,1264,98.26014065,14.60396002,10.85169599
811,1399,122.9169129,55.99269156,397.2187089
811,1315,464.6200432,32.11048097,27.27756941
813,1856,591.5561868,33.36888933,82.40760071
813,1883,934.5742395,23.08876399,57.7292762
814,1615,1197.465221,78.35498163,708.3895356
814,1292,361.1545333,43.19133788,112.6650633
814,1759,414.4702621,123.8919001,2300.400208
815,934,401.9370702,101.7362479,2500.681574
815,1011,724.660058,54.82678682,817.3495753
815,969,240.825324,27.98311035,209.5398666
816,900,216.9899549,47.94606508,195.959665
817,852,544.0247366,39.94429404,47.64423267
818,1195,570.5216524,148.9217037,1188.964775
818,1207,368.5087932,27.80721958,43.5679519
819,938,439.5600484,11.0853181,15.10699966
820,1250,480.9057184,12.24472606,9.64540995
820,1512,1763.386917,46.79769852,126.4501368
820,1808,468.6458284,78.70521155,171.1149289
821,1779,323.0325162,46.6535225,194.8986897
821,1699,271.5578782,24.97775871,4.665830752
821,1865,623.1272975,41.85641438,119.2863009
822,1039,516.574677,325.1149752,18291.00864
823,1157,515.0530804,27.40395093,7.302208937
824,1344,1564.535366,94.3284774,913.4620403
824,1248,562.2667658,61.08610945,238.444146
825,1091,241.3516405,314.6150928,5330.499169
826,854,129.216138,90.10336923,1154.934201
826,924,491.4043861,37.27137415,21.40033305
827,1782,437.0810983,19.05566926,45.05840214
827,855,626.972133,26.57057672,28.50753305
827,834,460.0505267,65.16170432,218.804526
828,1540,1072.394654,23.14387774,22.40274921
828,961,804.0456248,48.47375427,151.2262626
828,1771,250.6635728,69.20451221,607.210365
828,1861,260.9699899,24.43356068,83.39196581
829,955,461.7218159,82.90293313,656.8598098
829,1053,192.1778845,49.03787188,178.8592933
830,921,112.7359856,19.8817552,12.99920634
830,1223,267.19042,54.11590693,210.3971895
831,1324,196.321225,41.86325121,184.6896307
831,1586,623.155329,41.49330804,94.44231852
1541,831,295.7703961,29.92955446,114.3272622
832,1363,268.3745656,55.35782126,434.0342184
833,1001,267.044376,23.00183142,40.71888825
834,1500,140.5790723,23.38045301,20.08338412
834,1388,279.4987668,81.52127046,1277.83276
835,933,219.7756159,99.93956727,468.1880114
835,1287,206.7078728,40.69973868,45.22570153
835,1795,386.9552079,68.03313097,271.0245862
836,976,147.2319748,60.91509285,245.1812024
837,1348,189.6240581,70.66544676,276.8348856
838,1703,139.590631,63.18939289,220.2420642
839,1035,212.9205378,39.37016956,72.04455698
839,1419,565.813551,75.41429513,494.0628269
839,1379,326.6865222,61.75711546,141.2405893
841,1894,173.2781747,104.0032375,585.9722817
841,1503,478.8591703,86.52690787,370.1749663
842,1819,347.4242163,79.82305103,1103.290256
842,1531,1008.555635,26.48575587,55.72875778
842,1063,573.3650639,36.66457372,144.4566116
842,979,525.8015631,48.11420022,47.33866924
843,1025,928.6178001,61.30943086,499.3876917
843,1168,756.4476166,19.83149986,5.829824932
844,1278,173.825007,71.71460532,162.8654395
844,872,470.8153398,9.796494986,2.759196936
844,1199,111.7340762,124.9573831,2503.530324
845,1622,906.1380717,51.21299843,373.3351108
845,1475,550.0465466,138.6922067,1504.841384
846,916,531.8086827,71.32464092,124.3622355
846,1056,320.1338172,132.4660088,804.0854877
847,1085,191.5495274,35.98718977,163.0343744
848,1154,231.3441538,85.43964748,452.1509849
848,1650,233.7767717,73.77316899,410.9255936
848,1610,138.8978377,78.3965341,587.7596129
849,1729,221.7950418,84.63660406,334.9355942
849,1131,245.847861,28.39477421,48.72800909
849,1877,188.032783,33.81617874,47.65786107
851,1268,275.7908357,93.84511332,4600.541933
852,1224,212.1769259,80.64556835,298.775982
852,1553,606.9541362,50.53333923,163.7747436
853,1171,127.3342456,59.57204118,261.9669589
854,952,371.0090891,37.80425221,71.54152676
855,1238,322.2312508,45.09746832,145.5317113
855,1100,391.328738,73.07308326,576.0447434
856,1859,235.0038754,20.58855589,21.34444903
856,1413,287.0060595,15.82462896,41.76877147
856,1731,506.2930459,39.36590914,118.3506996
857,1240,185.8841351,61.01107848,311.1043968
857,934,300.2698023,71.91466767,695.8071253
859,1898,490.8295407,110.2504251,2315.191319
859,985,349.0905354,19.70132293,12.85925409
859,1661,1314.719203,26.96999195,48.96200495
1691,859,283.4620995,52.91510808,231.0116623
860,1359,224.8101062,53.24966737,198.8769639
860,1165,335.5366158,48.85976208,160.7234966
860,902,397.7534043,72.94836478,666.819636
861,1015,498.3483237,92.46939258,460.6484523
861,1078,478.0267061,77.56727736,506.878064
862,1828,149.2203639,57.47053681,282.4541137
862,1824,231.3441538,77.3609478,623.6328936
862,1894,267.1579858,77.10990806,418.9913262
863,1851,121.1557126,38.71073452,142.7052996
863,1066,349.7934557,42.46812673,128.5656269
863,1221,177.3788564,45.173472,127.6301115
864,1138,246.0758193,38.99721864,120.957038
865,1343,278.2390102,23.00315007,51.15691143
865,886,345.0539638,32.23210349,68.37515782
866,1628,2283.836889,46.73710568,140.9026156
866,1299,4033.865372,45.82060474,76.30386182
866,1259,1293.915135,31.64611342,58.74484642
867,1098,193.7712416,31.63364432,70.51402
867,1340,250.714191,50.78153724,292.3391006
868,1043,533.6401359,83.34999689,352.5936456
869,1683,250.1775177,41.89473662,551.0743869
869,1677,338.2898817,62.33432044,187.2672204
869,1736,608.2677526,20.85023051,17.80285554
870,1707,448.3341374,76.95550645,705.2795427
870,1672,366.3659135,56.79486007,260.4783824
870,1555,401.9370702,40.80332251,224.6801209
870,1715,288.1393449,62.36439942,334.3762079
871,1046,409.1217955,23.19440655,8.388186754
871,1246,235.3112937,40.04963093,36.42922198
873,971,89.80652483,32.65346291,68.53330814
873,1688,154.6465621,57.30265762,413.6983901
873,1628,1432.752477,67.26740945,416.9075079
874,979,192.5960514,44.58978176,209.5652178
875,1220,261.2204073,42.95107761,149.9668123
875,980,439.5600484,28.24861934,43.65773571
876,1124,1135.948688,23.47639211,34.35127638
876,1536,173.7443974,55.09704282,280.8599625
877,1811,764.6463941,54.7637954,534.9439538
877,1687,221.585854,25.01165971,181.0015675
879,1313,228.6426132,33.89907075,38.57825799
879,900,304.4017252,84.59151079,404.4466906
880,1158,422.2628695,43.16352614,211.0953935
881,1345,327.3099315,53.33792437,126.1555111
882,938,173.2564684,207.977376,1807.793833
882,1085,213.3433206,110.7374768,1218.45552
883,1734,165.5471003,80.55744045,171.8107743
883,1449,454.4944612,59.25418755,318.3875291
884,1456,194.9990325,35.57663289,211.9226351
884,1501,208.9353201,34.9823771,108.0494829
884,1835,516.7491094,59.07213094,329.798696
885,1102,1025.033509,69.97256022,1390.819688
885,1204,421.055211,75.77220051,173.4657479
886,1328,377.4880952,30.35567277,1443.43684
886,1323,683.9539466,47.0221435,57.77473788
887,971,413.5034479,51.79517695,208.3965547
888,1111,583.7037356,34.89206564,35.69342751
888,1435,2285.848059,34.85165627,110.5652567
889,1057,628.6257362,52.42486129,403.3354649
890,1784,290.5871016,20.0638407,23.17481288
890,1692,383.8978287,43.39058782,217.3309124
890,918,301.161894,75.28530884,283.0983971
891,1813,331.680824,47.62166853,231.2474261
891,1393,429.691581,29.13612727,74.67872947
892,997,287.5339652,34.05330547,56.88461789
893,1353,241.6442947,51.51088411,542.4974299
893,1169,220.9492292,58.39929729,205.8965836
894,1628,196.8525428,37.460746,98.11680986
894,1568,175.8291427,36.43188079,105.254793
894,1259,284.1048662,70.56140799,529.4998755
895,986,304.3038699,62.17881104,96.66478002
895,1300,396.1457194,82.07760593,539.3293345
895,993,285.6781238,247.4512473,11582.04289
896,1036,232.8213646,33.56647925,86.90799936
896,1064,214.9886571,66.15314015,254.0862584
897,1888,224.0087819,147.7608998,894.7938934
898,1827,386.9601822,35.02265918,249.7750039
898,1851,369.6500203,128.1203932,412.0607477
899,1025,505.40604,110.8710828,2793.578683
899,1108,258.3630147,27.89598561,98.69195864
900,1318,3630.189347,81.44334948,127.2250359
901,1661,3113.028242,46.09830663,194.3655058
901,1438,2663.702411,24.01899774,17.90071367
901,1319,668.6110217,52.54291034,124.3409722
903,1732,568.8964783,50.73433962,211.5896831
903,1539,914.1837157,100.9635174,1195.565031
904,1512,310.7959552,57.80685521,331.5977428
904,1518,340.8211338,45.99530232,74.94996875
905,1185,224.6265588,49.53732143,152.705891
905,1745,1433.212385,41.71139307,155.2620961
905,1705,493.8147888,24.60176635,89.54111825
905,1504,192.5960514,43.93394962,165.9235454
906,1885,1664.859868,25.06691762,28.67714581
907,949,278.7823559,55.34193509,70.34890859
907,984,273.6748765,52.29317628,251.0833625
907,1047,225.70321,35.19142656,133.4429394
907,1546,452.5730792,74.92415381,1061.188664
908,1358,134.537117,155.5333571,1610.66114
909,1395,378.2537959,58.01943897,214.0612786
909,1622,166.3330078,120.4303859,3212.509701
911,1614,467.7929198,12.27366523,10.81172296
911,1780,248.5186834,63.21337651,547.84565
911,1900,489.8020495,20.71830986,10.84114771
912,1073,363.9895721,41.9800604,249.4213488
912,1471,327.3099315,16.99863755,16.52674656
912,1519,81.32587157,25.74006276,95.81478945
913,927,188.4418958,22.62846923,291.5566844
913,1210,180.1292799,77.82660251,421.19714
913,1192,311.5380371,44.3919763,951.8068689
955,913,129.7246327,78.43877667,584.0571164
914,1223,164.5701772,19.56809192,10.76401017
915,1604,183.7408367,41.21966451,42.5957183
915,1643,856.9806966,61.90952138,202.3106727
916,1875,1054.551688,170.7415208,6118.95268
917,1057,445.4054304,43.04080691,195.0038575
917,1022,312.3035886,43.03710846,144.2453579
918,1569,211.9033815,76.55555641,581.3909066
918,1573,205.6812406,59.43739001,293.6182496
919,1781,207.7138149,26.04353744,10.04322874
919,1639,502.1111475,24.98337338,21.2975798
920,927,121.2443022,37.08299812,421.8558404
921,1288,269.0872958,20.99783583,24.02346787
921,1240,165.5916463,57.78563938,368.2161645
922,1804,183.1001312,77.96346842,405.9276914
922,1505,218.5492369,38.41355086,226.6872793
924,952,415.24228,85.08156888,582.0638619
925,939,204.2516645,28.07111227,44.95646173
1072,925,332.3477681,27.28276605,46.49698183
926,975,507.8290308,20.59416881,56.72750128
926,1045,255.4251042,63.46465367,459.2520462
928,1075,361.0762485,68.28355988,1228.63479
929,1551,59.97920594,46.28251746,56.46196477
930,1383,182.8543638,77.97622557,185.6430334
930,1371,264.9869195,181.6340895,1064.3862
932,1701,179.7670643,80.23608418,295.4255778
932,1876,84.50477683,95.85766721,562.5641973
932,1009,180.9136321,62.78778025,279.5838054
933,1833,203.1393862,68.12509105,445.8987303
933,1825,412.1781335,32.64200172,70.45362586
934,1246,516.729278,31.89283031,92.7529711
935,1353,151.5351911,72.69806245,288.2146354
935,1169,368.1805411,53.18877486,207.4318622
935,956,100.6051159,44.4100608,106.7726595
936,1550,120.950215,175.6674513,1580.456163
937,1117,196.6699687,83.99052273,365.6759386
939,1420,281.2981577,40.33577386,135.2579542
939,1575,1387.754926,34.2492711,164.4396734
940,1149,1120.091888,47.82680499,60.86235137
940,1729,769.9336156,37.22635839,106.1085645
940,1131,261.2204073,89.9612972,663.2119109
942,1068,340.0459077,31.78292235,497.7197678
943,1152,339.7840332,83.47740321,982.524341
944,1219,729.1902363,33.87844147,6.085038852
944,1295,461.8181134,20.22860974,9.740644483
946,1545,262.9853943,193.8541662,5622.85653
946,1864,319.1842578,119.1809282,632.6421447
946,1614,142.2912529,39.13645185,180.0857909
947,1347,173.6150959,27.63983579,59.54820094
947,1552,334.8991809,30.83175245,43.27804652
947,1361,304.2261242,57.33652337,174.3517463
947,1197,228.4536373,43.11321399,336.3776617
948,1216,382.6730463,40.86643685,48.40367341
949,1308,98.26014065,32.39699538,27.67244396
950,1041,313.8177829,69.19107327,150.3284318
950,1398,228.3722807,43.69361145,110.6861997
950,1390,479.26032,61.96951753,262.5554107
951,1091,5555.625992,32.42305377,35.82976473
951,1419,167.2679445,28.97329401,33.34871392
967,953,566.8046306,158.5167679,2353.524433
953,1557,506.067925,28.77129125,30.73848167
953,1846,239.0312783,31.5153833,83.62185948
954,1737,237.5079512,159.8735647,1854.910106
954,1579,223.0838282,29.81611909,41.46179554
1192,955,264.0017055,73.04155928,1055.308388
956,1187,506.0911374,29.01660101,23.75540427
956,1235,443.4145726,68.61987144,153.8059822
957,1362,75.50330093,47.42001144,179.6371474
957,1547,290.8539716,65.32134675,501.2113638
958,1183,336.8025037,8.164382995,1.888210772
958,1305,669.9234775,98.88457047,670.2431595
959,980,335.2836766,29.09840098,41.76738118
959,1008,1135.948688,33.77160059,167.3773825
1748,960,844.7026092,59.29620742,140.8648959
960,1321,834.4591962,66.7354326,246.4994129
1760,960,373.0802071,50.31461634,117.6717058
960,1649,554.261027,63.20292391,175.755686
961,1101,266.7629033,104.3392622,800.1614411
961,1317,359.5430798,49.78317955,320.5475538
961,1429,980.7063535,91.4301995,542.9165574
962,1095,503.2303635,38.17724782,99.87385207
963,1127,422.2628695,29.86752536,80.173864
963,1115,252.1376521,44.12618468,39.85673404
964,1422,379.710862,59.58269759,218.8484632
964,1676,147.7734406,67.3551855,399.011036
965,1117,312.851384,126.3854353,793.2127749
965,1367,675.6140046,114.9852149,2156.879839
966,1078,801.2480006,38.50563621,155.98925
1858,967,217.9900907,54.93880332,249.0899034
967,988,338.6277925,75.16859464,782.9030435
968,1468,387.1093873,16.94162775,66.85629654
968,1407,573.4910421,62.13519874,368.5973768
969,1192,305.0422449,23.70691334,127.560065
970,1109,357.842533,76.13889652,539.2167021
970,1103,445.7206334,113.4265225,863.495
971,1242,196.6699687,32.66378711,95.90732238
971,1406,284.2564098,66.11349363,437.6659441
972,1290,311.6035031,80.79902974,1018.964176
974,1436,363.8910957,56.66841287,921.6503674
974,1740,235.1135961,82.93561161,763.6874165
974,1494,637.9453543,65.66600046,466.7466683
975,1365,669.7416885,23.2490713,40.02629364
1597,975,583.5540994,117.8332545,724.2556321
975,1558,371.9397429,38.8343254,102.7784103
976,1095,156.3704658,66.34055188,589.6950018
977,1781,141.5225217,26.06423903,26.62631185
978,1451,139.1397902,87.72552221,788.1561533
978,1463,555.4109708,44.82152936,197.9665392
979,1285,835.7274091,99.77522819,733.6511675
981,1136,616.2614777,55.90232673,810.8635143
981,1798,405.4376708,38.78734515,86.64143428
981,1826,369.1366858,102.3028023,564.9828408
982,1585,408.4159668,50.78099271,183.7314446
982,1648,122.1942999,37.18628242,109.8077691
983,1046,277.7654698,26.94782191,45.54947473
984,1133,118.7153404,26.42993647,59.02361528
984,1327,403.8793365,23.24207186,24.50594533
985,1226,364.2085207,107.9352645,831.3295574
985,1097,346.6419963,63.12654441,175.5511453
986,1165,490.8295407,139.2606494,4103.380895
987,1015,1191.105926,101.7059918,613.2764517
988,1250,1032.437045,54.95887082,297.5148343
989,1024,628.8184826,67.47983774,133.8291534
990,1088,839.622912,78.46343238,584.0187589
990,1162,581.4989553,42.56373099,180.5653145
991,1040,454.2245491,32.93457779,36.94921097
991,1328,212.9194736,18.92401955,4.470342675
992,1697,217.7154892,103.0333473,1131.478269
992,1170,335.2836766,66.88204418,409.3804023
992,1568,338.0642436,64.41235914,162.9354751
993,1129,127.6770045,71.14631869,1789.146433
994,1085,204.8096738,22.34009224,65.74452654
995,1593,299.4326317,107.6437524,6997.549645
995,1331,323.0325162,31.64156948,79.67808312
996,1636,101.8033251,75.64882578,352.8257227
996,1861,399.5874423,25.13678284,23.60873695
996,1672,489.8020495,89.88668585,836.7504631
996,1707,517.4086721,40.30860669,137.7940785
998,1205,477.6647368,75.38450495,1653.074621
999,1304,576.3072459,51.45638012,122.4742378
999,1034,265.1027488,47.9204704,215.2801013
1324,999,558.3018389,75.45476552,787.6674373
1000,1315,357.4211828,79.83632933,391.5074413
1000,1359,166.3895178,75.33259236,283.4228212
1000,1165,174.798879,49.0693962,204.7530711
1001,1099,150.7177595,76.49140934,701.2474946
1002,1160,1589.350889,50.02306494,202.5889038
1002,1888,1094.768275,104.2214614,966.5258143
1002,1820,238.0226222,61.08933125,189.8642181
1003,1845,276.2753372,18.45493831,11.42216909
1004,1018,457.9102345,31.51926458,49.34097605
1006,1218,122.6468622,61.39487056,358.8069962
1006,1329,21.65960939,82.93807079,661.9436264
1007,1028,126.5451723,29.96295962,320.0479326
1007,1371,341.2004052,24.15389984,157.4832925
1009,1336,267.1579858,105.3907914,754.0964374
1009,1542,366.0146793,47.92570121,158.7616904
1010,1462,359.0602097,34.70153059,167.2954622
1010,1537,287.763438,56.14235093,277.9339153
1010,1260,443.9603623,16.73545589,22.93254193
1012,1338,98.18900417,62.63581172,265.9430974
1012,1245,250.0881637,58.72934128,107.4999667
1013,1058,373.2936321,38.00019992,67.88992143
1015,1092,512.3599603,75.13952642,248.2027949
1016,1830,327.1391113,149.7664624,1200.452807
1016,1647,1628.943577,32.41660921,120.1785902
1018,1174,714.442903,19.02617746,20.52685683
1019,1109,126.0383256,119.7841272,3041.183875
1020,1529,222.3496414,93.33546456,579.2730028
1020,1472,209.102316,84.55832736,495.4666456
1021,1171,698.3434451,38.436933,77.83844598
1023,1808,270.3154592,44.24284237,207.7402831
1023,1816,168.0767401,44.53739076,254.3887226
1023,1276,642.1561865,32.63497275,48.67662618
1024,1849,1728.254341,168.4199956,1033.290516
1027,1279,1191.105926,26.55008125,33.18312438
1027,1390,657.8851349,76.75617384,385.9354311
1028,1426,216.4567285,33.4171936,439.3848022
1029,1085,294.8788977,79.07521123,1192.622422
1030,1368,299.3455262,17.7426747,9.413089951
1030,1482,432.2380955,70.0428767,76.54275142
1030,1428,383.8978287,41.82710313,86.99173879
1031,1591,278.7823559,67.86961457,400.9314023
1032,1168,281.3872696,41.77655182,5.998834872
1032,1222,182.1806897,84.34927101,5971.41135
1032,1198,544.689017,29.40642342,166.2825401
1034,1090,345.1055575,71.45010371,658.3402886
1034,1484,925.2190875,63.4407655,103.159414
1035,1399,261.5002682,75.39298107,287.5208596
1036,1099,376.4561013,29.7108364,202.5933163
1037,1814,517.4086721,155.8200236,1215.66502
1037,1087,498.3025608,96.64654245,781.9061654
1037,1617,344.9470654,88.593123,1032.180559
1037,1470,348.0515964,55.9168424,327.4327518
1038,1696,489.2733294,61.80210661,171.1111471
1038,1719,246.1195413,33.09485388,114.0654677
1038,1203,186.3356176,29.91271642,75.61687598
1041,1170,165.5151902,31.65547836,97.14882054
1041,1565,1020.176889,41.49924517,241.5433574
1042,1300,1866.193322,23.68146219,16.80796843
1044,1656,1012.898539,112.8829878,871.8576915
1044,1758,86.55318403,84.05406442,348.8074751
1045,1477,799.4633154,81.19990343,435.9729888
1045,1847,724.660058,36.57467274,82.54770421
1048,1490,157.2249592,14.67051072,24.51797
1048,1562,284.2427263,17.59370438,6.070709265
1049,1325,394.3385761,25.53099891,11.73427743
1051,1738,161.5027547,75.09172431,689.8001324
1452,1051,301.161894,74.31701375,507.4115633
1052,1567,313.1806594,11.38430469,7.922991236
1052,1489,230.2660143,18.30550462,19.85791554
1053,1074,295.6367042,58.87181847,1708.184689
1054,1253,306.0426804,54.12917454,231.6196317
1055,1349,472.7748279,156.0135394,2490.758925
1055,1487,300.5571136,32.750943,62.28886981
1058,1548,318.1792328,38.77868167,70.24729172
1058,1608,440.0064418,29.02297752,37.97546409
1059,1881,525.6727881,64.65683303,1048.636045
1059,1757,496.3083944,61.88246168,213.1870763
1059,1863,390.6763381,42.68497958,248.8321792
1061,1096,181.2781944,34.17013988,32.49451215
1061,1205,261.5753554,54.10462169,531.4196913
1062,1697,224.7686089,62.73756403,361.117802
1062,1362,96.10959483,24.30622138,38.55419565
1062,1170,433.0777914,65.81759069,306.1433924
1063,1179,407.188637,65.93260134,196.0681753
1064,1099,262.9349518,65.84129416,511.2031985
1066,1603,260.9699899,44.58733509,322.0355159
1067,1132,237.5079512,182.4263885,9754.891034
1068,1303,220.1828316,106.8360315,444.0447383
1069,1140,354.6830268,45.28744879,89.74175134
1069,1520,397.7534043,86.7796707,1030.41527
1069,1490,409.8056342,18.12603616,5.532711997
1646,1069,493.8019149,121.6858733,2000.104863
1724,1072,325.9436551,30.74450937,56.28272827
1072,1497,405.9290698,44.60254787,260.2670519
1073,1209,565.1937117,69.06634162,673.3771625
1073,1474,300.925423,25.47803451,36.36013424
1076,1610,299.9488593,32.93521177,152.6872641
1076,1595,180.6695447,129.407879,1134.826817
1077,1411,379.1506685,86.87086874,1455.728633
1077,1255,33.5412434,30.92892615,62.2208985
1077,1363,262.1330427,66.76181481,537.8675282
1078,1092,186.011315,46.35160637,154.4921633
1079,1392,427.0568548,37.89288493,119.7916268
1080,1094,176.124342,13.63779145,8.802808417
1081,1174,236.8384633,14.96373312,11.2533974
1081,1228,128.9108704,66.29499379,230.6294187
1082,1211,343.7264565,163.22173,2045.595523
1082,1175,245.4629425,26.32692565,65.8811299
1082,1273,406.5579245,103.6076196,796.0773191
1082,1283,331.9183729,26.65288983,40.04642209
1083,1370,222.1820801,45.74073098,86.31232936
1083,1532,963.5097573,46.37287236,136.7450206
1084,1260,309.2503307,38.08829033,137.5666018
1086,1878,302.3180211,31.61528492,113.0786904
1086,1479,362.0874831,45.38051752,133.2889647
1884,1086,3932.226913,32.6817437,146.4757494
1087,1690,1276.518468,29.40030115,58.64525434
1087,1558,2098.285937,52.6324191,140.6777964
1089,1139,281.387117,56.25258264,302.25018
1090,1499,180.8968523,77.13023784,710.8396845
1090,1430,148.7778925,31.98063277,41.73787028
1090,1422,293.9807589,40.92670612,84.73668036
1093,1668,1250.137312,57.37495271,319.7325794
1093,1824,555.4109708,50.18477716,266.0836741
1093,1768,755.7504979,64.15231184,245.0665982
1799,1094,568.5783798,31.19208404,72.70302214
1097,1469,349.1738293,39.3740019,154.7132781
1097,1583,579.5088314,85.66972378,1200.52489
1098,1427,145.5910052,29.43735168,35.60376465
1100,1311,125.4311527,93.89678657,1212.326935
1100,1136,60.91020231,40.17479105,234.7757916
1101,1433,263.3073136,44.60380748,150.8328515
1101,1805,320.8957553,109.7408389,501.461917
1102,1120,437.27896,79.41700312,72.3688487
1104,1535,300.6409098,141.3971895,2479.216974
1284,1104,573.4910421,41.81108808,203.5586188
1105,1439,464.4351601,28.22238409,40.29558046
1106,1578,689.9948448,26.07721651,154.9756108
1106,1698,333.2923204,87.42500693,1740.947909
1107,1835,200.9250985,20.23252595,57.91168287
1108,1216,136.2343272,29.50710398,86.66823272
1110,1122,343.855049,78.58699986,858.0495166
1110,1502,207.7167499,39.30337795,87.44452763
1110,1284,138.8510248,95.9044152,904.7593132
1111,1159,508.5857965,71.86771283,237.656878
1112,1557,2662.134322,44.32786153,181.822321
1112,1346,2341.621036,108.7832456,1961.568797
1113,1507,711.1470145,19.49732868,30.08433951
1113,1267,534.7262649,74.69978295,251.2080099
1113,1297,1424.284554,31.70617491,160.661597
1116,1164,424.3351096,24.58482379,23.47712355
1118,1542,592.6053692,56.79519282,242.609116
1119,1773,303.3538764,52.90068713,869.0981009
1119,1821,581.4829376,70.15878616,217.5146178
1119,1749,224.5111459,35.5251939,294.2690491
1120,1162,386.3014545,54.08175181,146.8521406
1122,1634,334.8063591,39.55248949,94.33861314
1559,1122,1032.437045,81.6734643,276.8916522
1123,1315,697.4012569,279.2745026,26001.06581
1123,1300,526.3930735,125.7941817,205.1251609
1124,1326,296.8561054,64.21030099,376.6002134
1125,1489,465.5974047,37.74284745,87.34547347
1127,1181,742.0186781,41.40221644,339.1930673
1128,1398,460.6256727,36.8827116,82.07110687
1129,1310,219.0246148,41.94341408,131.1490702
1129,1335,722.8980514,57.25284324,127.008136
1130,1899,124.232046,69.83959208,485.8032445
1130,1782,3705.554474,60.73213489,35.17187812
1134,1631,2341.621036,159.0682534,1459.314004
1134,1541,796.2212338,50.51395477,335.448798
1670,1134,1387.613862,45.16529502,152.342142
1135,1280,1040.590722,44.19960131,194.7252548
1136,1890,597.146254,32.42364245,62.38739631
1137,1769,474.2868375,27.75389738,247.4195804
1137,1757,25.73839799,19.22178335,28.60019607
1137,1504,262.598445,103.6945475,915.7339936
1140,1571,122.1942999,128.3158131,1447.251486
1142,1178,331.346377,59.95148576,699.9309037
1142,1880,222.6732767,23.07718765,43.02161053
1143,1573,253.3709515,35.81215111,167.3901112
1143,1381,949.2317713,8.092797203,6.134333284
1145,1273,547.1455093,29.68196311,38.00027139
1146,1685,1666.817721,65.61326299,467.3468496
1147,1225,583.7037356,70.89960066,382.6723661
1147,1285,1050.099938,44.4281059,139.5261035
1147,1391,273.3032235,82.75892994,411.9043276
1148,1665,517.3137746,34.92168226,273.99119
1148,1802,669.7416885,33.47237383,150.4579521
1148,1281,218.3910293,152.4793979,2008.875772
1149,1624,129.3977951,104.1536743,1281.220781
1149,1409,428.3463439,174.8474432,2664.99831
1152,1667,421.0464061,31.81110655,79.56403093
1152,1511,309.2870407,90.57066077,723.6398452
1154,1852,104.8943503,131.0034723,1218.277232
1155,1425,484.2725668,30.25986012,18.26454863
1155,1678,507.5619775,31.70373273,80.38221995
1155,1721,524.0079589,51.4106555,448.834476
1158,1382,354.6651261,19.11393158,18.26051094
1158,1682,190.2236051,13.96941065,7.822985274
1160,1629,309.8837454,44.68057818,51.21992108
1161,1827,166.9479883,114.1386423,957.2788101
1161,1851,324.4906359,34.73435025,59.04251497
1163,1298,359.9379844,38.82238806,64.01440442
1164,1592,379.6559295,49.57348433,80.18853851
1166,1726,439.4701222,55.23775701,317.7085615
1166,1756,434.3321001,101.657504,819.4531962
1167,1630,220.1828316,34.14310174,111.2760581
1167,1763,518.9610531,41.73484633,307.9078594
1761,1167,667.0150371,48.79623562,264.0409466
1169,1187,510.7314006,55.54012224,321.5382749
1171,1330,685.6646955,76.88013728,420.2991754
1172,1623,880.2680957,45.98246798,139.9469018
1173,1789,784.7516748,98.34984123,346.9655686
1173,1755,516.1461434,111.477658,1148.897282
1175,1258,721.2945621,45.57011378,218.9775459
1176,1532,136.8058842,36.9942295,51.73834506
1176,1304,183.1001312,99.47675986,797.6744523
1177,1236,193.8731916,87.35798159,668.9433541
1178,1897,398.9027904,17.77664473,16.63186399
1178,1396,722.8980514,142.0094756,1527.925081
1178,1536,215.6588456,98.70565373,266.0215798
1179,1531,231.2527297,43.0866394,88.29335251
1179,1821,75.58673852,92.97122633,670.4323641
1182,1694,280.8129592,22.24578717,63.44877251
1182,1559,267.0575518,36.16011448,415.5368136
1183,1367,169.9984921,166.7347297,9145.523859
1184,1593,294.6685619,42.29576597,116.4696519
1184,1734,112.2062894,60.12837569,237.0247741
1184,1814,346.3408786,24.49267908,50.25706437
1185,1711,223.0838282,42.98208406,121.2450832
1188,1770,242.92989,140.3493077,1146.957394
1188,1610,424.8894321,121.7028464,1384.831583
1188,1595,807.9075937,33.35529086,66.89772781
1188,1445,395.9190753,112.3736753,783.7976529
1189,1345,210.6821379,124.382245,715.8467254
1190,1846,146.7225886,33.11818213,116.4273171
1191,1747,313.1806594,60.77536994,390.1557172
1193,1229,304.1354992,27.67785947,26.5857805
1344,1194,248.2977713,64.40161625,189.5522681
1194,1559,314.0591884,60.22357435,199.091938
1196,1458,657.2673799,59.36717293,97.06097911
1196,1776,271.1658856,70.47107075,300.1718974
1196,1380,252.537158,50.40860986,120.6833375
1196,1467,176.8737082,49.51226414,87.80413096
1197,1779,449.1910293,27.71063911,48.83701231
1197,1699,514.6940253,33.86654802,89.88927771
1199,1409,463.9731336,142.5721865,1344.611301
1199,1456,463.0510885,104.2182795,379.4810825
1200,1587,2064.634066,86.2831055,634.3526853
1201,1330,298.3073433,61.50694233,143.5351984
1202,1271,197.1452485,35.28373138,164.5673167
1202,1728,645.8292508,48.9509712,646.2020886
1202,1596,516.6684936,117.0758327,2781.646675
1203,1480,204.3966949,23.95865131,53.35988443
1204,1240,314.1148675,40.74720857,1068.732732
1206,1670,324.9887435,111.0159644,1954.986749
1206,1523,260.254019,65.37146906,242.7284874
1206,1349,119.0059977,89.67586594,639.5125252
1208,1896,216.5947757,33.81791053,97.16727207
1208,1281,2004.171289,122.4665492,1138.876796
1209,1853,2098.285937,34.58954519,492.5242554
1209,1729,318.7366277,50.83271064,247.6630639
1209,1877,85.96193792,71.13783855,1123.369039
1210,1222,134.0039807,44.02006617,173.6665119
1211,1338,210.391956,129.7855863,1238.238763
1211,1513,342.7305492,193.5107474,2978.575273
1212,1589,600.2121493,35.84916297,123.3733154
1213,1219,606.9541362,46.69514362,57.34390282
1214,1818,702.4554958,24.66157981,41.57166736
1214,1581,271.0911536,35.00131923,179.6701174
1215,1525,67.54240776,80.72845041,620.1040922
1765,1215,454.4944612,29.68111523,39.16728345
1216,1222,216.2887441,55.73566172,848.4834975
1218,1601,119.3578063,50.04911729,172.6677703
1218,1547,212.6288749,74.70417042,462.6519575
1220,1740,470.8153398,51.68758472,281.2525126
1221,1851,351.5216805,39.01692916,115.4089337
1224,1562,423.6879244,63.13212985,260.3307412
1225,1387,210.6821379,10.78289124,2.7950362
1226,1870,374.8628116,43.54911276,132.0253165
1226,1898,143.2339061,41.98821991,141.7583377
1227,1638,288.2770462,82.19381108,1828.944132
1227,1615,335.6457943,86.79041888,540.5993156
1227,1292,102.5726045,65.03216322,543.1619965
1228,1878,158.8588976,106.5590903,526.5571382
1229,1348,282.9339802,52.68247553,249.1225929
1230,1547,50.76339322,62.32676967,298.5785689
1230,1304,193.0036362,62.6333024,270.938885
1231,1395,310.3407247,116.1719224,396.3840453
1232,1882,334.8991809,120.6709653,834.1150605
1232,1887,186.011315,20.84918641,54.71039105
1232,1626,404.4053001,42.82297631,229.0430036
1233,1272,369.4815806,78.01975349,375.8949638
1233,1699,371.4615824,46.59495569,193.0629079
1233,1645,449.9545,45.7443082,122.1524442
1234,1902,314.7466556,76.31472884,389.1733346
1238,1810,1064.48712,26.31758213,98.7036803
1238,1341,254.1127514,48.67309336,209.0388519
1239,1621,321.9945508,11.31813267,1.748582522
1239,1385,345.9701209,23.82944408,29.27152358
1242,1478,283.2796836,37.21269759,141.7126799
1242,1378,238.0243358,33.80245139,141.8888277
1244,1428,107.9411169,146.5023177,3524.726116
1244,1261,359.759669,61.68705253,312.0708692
1245,1247,243.267147,20.35014485,45.56852268
1245,1513,297.880416,75.65730056,1808.033402
1245,1803,316.333154,4.340968147,0.439537052
1247,1594,472.7748279,51.07167234,153.696508
1248,1493,366.1329294,151.4976384,2085.556877
1249,1325,297.6242794,40.4752462,60.81948462
1250,1316,270.0882232,58.65651671,159.3563442
1251,1459,225.4638964,52.83521148,438.823729
1251,1373,253.5573664,46.01710116,330.2760525
1251,1729,848.9314547,114.4786157,1166.420955
1254,1514,1155.187674,47.4657058,191.2057458
1255,1375,468.7622333,64.64071915,606.1358249
1256,1830,693.0624025,32.63983959,99.91801547
1256,1647,166.3895178,55.19048521,205.5668284
1257,1322,255.5581052,69.43912105,556.7225327
1259,1658,226.8000041,28.22154485,68.97647347
1260,1731,361.6936824,85.26754945,529.6944879
1260,1411,213.9732306,41.04351907,295.0210511
1261,1572,309.5056067,40.98249998,156.6456945
1262,1873,374.8628116,31.38803293,49.63249675
1262,1549,1028.549396,48.3903002,392.2398404
1759,1262,366.3130712,68.69399152,323.8925413
1262,1787,870.2509514,47.12452415,256.9700267
1265,1483,363.9071631,142.5554965,1215.555721
1266,1895,335.8573166,25.56043522,40.70721411
1267,1847,278.2390102,50.54145976,125.0777775
1267,1767,377.322866,85.24704763,514.1223104
1269,1646,42.90143123,30.64879432,124.5050721
1535,1269,669.2937082,67.48768779,420.7061327
1270,1427,566.5000649,39.65542139,159.8436386
1271,1356,1424.284554,29.69050893,33.88670204
1271,1889,578.851407,99.07406906,1668.871764
1272,1753,426.6370977,38.73191373,194.2173538
1272,1743,450.5168961,35.53264936,145.6474822
1275,1435,185.4251035,37.92785764,50.56597549
1275,1403,169.8605248,39.63848602,134.1178433
1276,1714,315.5626347,30.92736747,89.90704759
1277,1797,413.5034479,61.27211776,194.0709202
1277,1606,397.8967524,13.97720581,15.75305939
1279,1658,702.1567414,49.42771964,340.7550841
1279,1565,522.4413971,81.55001019,776.1051212
1281,1416,205.5991006,61.65163526,379.4047376
1281,1899,292.1550982,61.72417637,193.7448131
1282,1393,300.6841826,46.17059926,517.3177237
1282,1576,325.2346725,60.84385562,341.2141371
1283,1453,195.793041,72.63221193,325.3717499
1589,1284,249.8987391,146.6416172,4016.171351
1286,1901,91.92910085,80.48222816,631.7981785
1286,1780,134.0039807,42.98084794,65.03416658
1286,1770,188.9808136,68.39545471,390.4231419
1287,1833,353.2450586,129.263091,951.377745
1289,1472,502.1806243,113.6649575,720.1796096
1291,1563,477.6647368,46.45599385,255.1562509
1292,1814,463.0510885,153.2404866,2678.171704
1292,1690,233.7971718,113.4719047,1539.350826
1294,1390,217.3714357,68.10793285,591.0495543
1294,1398,175.0290221,27.83351409,36.88666731
1294,1631,300.7351383,35.85030496,72.87894645
1605,1296,317.0501664,67.90974034,852.1896726
1296,1412,654.9590477,30.48903375,155.764033
1297,1767,329.6185157,49.01536349,351.069323
1297,1377,643.0859405,37.04381254,192.1269054
1297,1630,304.7013525,163.4216426,2319.636166
1298,1328,638.7054599,54.86446168,32.70002755
1301,1530,241.4176786,59.76714756,143.8374446
1301,1850,314.5977668,92.60776885,436.5676714
1302,1588,211.1723947,30.29249371,83.59885912
1302,1713,251.0210505,84.46754004,305.5674881
1302,1719,339.7840332,78.45008907,384.0986278
1305,1439,354.37142,30.72725705,24.44962027
1306,1572,330.987834,141.8052049,809.8595156
1306,1364,394.0931082,137.8160535,2965.115607
1306,1404,552.08201,52.22115923,305.2223211
1307,1429,171.0153683,47.83236915,282.8754959
1307,1775,1120.459658,49.78619824,106.074542
1309,1574,91.89183806,53.46931489,312.2998835
1311,1388,81.8394545,23.96534728,39.57658268
1311,1488,69.5747415,111.0802947,827.7725925
1312,1389,181.7405365,48.52877276,85.14566937
1313,1318,371.2646003,39.99448561,98.10118983
1314,1490,194.9990325,38.03075055,50.46845997
1315,1379,177.0384233,79.83799413,1090.590078
1316,1858,193.7785227,197.3228733,3826.749471
1316,1671,186.8337053,119.456782,1408.993733
1316,1736,372.5739333,43.11747485,181.2370155
1317,1805,532.126541,89.65568611,506.4346552
1317,1687,4881.660576,37.77252184,88.89069047
1317,1809,1642.699056,31.31147883,62.76980135
1319,1673,75.50330093,24.44082409,33.63915786
1319,1410,157.2249592,73.01933468,356.8094257
1320,1439,561.7326431,50.95153914,112.1145603
1321,1770,349.7934557,65.6603555,295.953881
1321,1394,271.4517207,78.90286563,850.2739223
1322,1347,375.1184116,23.82316217,39.17668133
1322,1361,534.061291,39.78336018,169.9482695
1324,1386,159.9451335,28.00688922,28.50170878
1324,1484,196.8525428,27.8329768,54.65989732
1326,1880,988.3510182,50.554629,396.0258106
1327,1409,504.7655711,44.90355634,359.9262538
1327,1546,477.4011347,87.06345048,966.257292
1329,1370,332.1859822,24.02493968,57.13285473
1331,1599,460.6060638,37.31993974,94.43658233
1331,1704,154.3655441,50.92049105,137.3078396
1332,1516,54.9352341,55.80136161,217.0919732
1332,1347,375.3445931,39.73517448,92.08829302
1332,1552,208.6295318,49.81392763,149.6223941
1336,1876,597.8811793,28.44468833,165.7143469
1337,1831,204.0945777,42.69181773,172.6716813
1337,1702,351.5216805,68.00705068,182.7461408
1339,1667,465.7234694,42.83765502,92.0014178
1340,1415,631.7028019,49.9159218,357.5447506
1341,1822,595.1792172,41.0868034,337.221383
1342,1702,275.604793,28.43494406,60.37828476
1342,1819,106.6569936,100.4974353,399.6728091
1342,1407,304.5300069,120.7232541,2969.504683
1344,1571,226.6947229,59.08236783,197.4830361
1345,1403,321.7443091,59.66206644,357.0222052
1345,1435,167.9861672,39.9581517,148.7129528
1346,1888,175.556399,34.11172069,241.7489038
1346,1854,101.8033251,62.77857633,1231.481635
1346,1360,446.302781,51.81885975,163.8302205
1349,1592,124.1066729,40.24251757,165.7404675
1351,1878,304.2261242,30.95383398,76.64611949
1352,1789,238.8379871,74.39170769,331.4792139
1352,1755,668.3878467,67.90167516,278.1191098
1352,1600,160.2835448,39.79283978,76.35493489
1354,1640,93.67032736,92.13625265,326.6791112
1354,1577,390.5338281,60.51472614,71.04215995
1354,1370,165.0925261,121.9429639,821.703175
1355,1431,271.8671735,56.71605381,241.9425761
1356,1826,423.5456655,84.18920985,581.0059516
1358,1685,464.7243505,33.8039575,74.74029731
1358,1700,348.0314051,31.48178643,43.24304073
1360,1862,140.7218803,87.61504787,439.1364787
1361,1758,498.3483237,38.39156483,73.71541667
1361,1801,377.9841447,26.9441929,26.69339888
1362,1466,296.1770007,32.99704581,111.539382
1364,1428,450.7025223,83.0899053,1221.22034
1364,1764,189.8434963,99.83236261,3226.650383
1364,1864,304.8073555,125.2559673,1798.813404
1365,1759,271.236828,29.36226128,140.721143
1365,1787,656.4404604,90.04373843,749.9870289
1365,1829,755.7504979,28.05520599,37.00037208
1366,1631,2064.634066,112.7897903,1653.795746
1366,1607,81.32587157,61.40477742,192.4964247
1368,1400,342.4038846,21.9051396,9.772452121
1369,1489,359.5288499,60.25554541,190.3058497
1372,1768,623.992146,59.73688075,121.2847268
1373,1853,240.3744119,59.43703474,747.288216
1374,1643,245.6525398,44.92075783,300.3388332
1374,1395,343.1122796,146.1173137,2052.033127
1374,1622,674.5268534,56.6873152,257.9896705
1375,1383,364.9657052,104.1693312,1555.247003
1376,1710,375.3284333,44.986896,159.6697081
1376,1698,75.00261237,59.70685317,392.8279249
1376,1897,487.6965485,218.820094,2291.662622
1633,1377,491.7983331,41.45810577,151.8275493
1377,1417,314.0591884,36.10591817,552.5029472
1380,1662,425.7217866,45.81762127,271.6528994
1380,1708,303.9309738,35.00296045,113.8086544
1895,1381,422.0271828,85.24261854,1529.353361
1381,1585,676.7044028,46.67884297,230.0183833
1384,1424,247.6028455,42.19989822,206.6669512
1384,1718,337.3277172,98.13659386,515.0203823
1384,1635,212.4484364,118.1224351,781.1938506
1384,1804,275.8889193,50.41838893,336.6253131
1385,1579,369.8359877,42.68537816,75.37570232
1385,1444,341.6175937,28.22312588,44.93770887
1389,1684,406.13416,70.23831618,487.4285929
1390,1565,505.40604,74.36507553,327.3642729
1393,1465,376.1813593,23.61466487,76.24798844
1393,1441,729.2562404,55.73704614,155.0823748
1394,1649,433.4131552,58.72279126,482.9589503
1394,1583,275.4933795,104.7681109,330.9128065
1397,1510,170.1882618,23.50404878,52.47541223
1398,1616,1974.658957,42.91881859,53.28424679
1400,1790,1808.60053,16.10015054,16.10521969
1400,1750,1278.074796,80.50046668,186.2295862
1401,1763,354.37142,32.53613155,63.82302963
1401,1405,301.6235329,34.81382701,54.06016434
1401,1797,372.3959911,43.80667475,92.21126551
1402,1553,315.5116221,56.2359651,347.3434604
1404,1695,412.5236789,91.33479779,651.3184365
1405,1648,366.1329294,52.49136467,264.9147966
1406,1688,306.0025953,29.96453447,91.2090012
1408,1587,440.927846,25.20468993,83.41629996
1410,1688,477.4011347,33.66727205,103.3477689
1412,1482,337.4581364,70.68095197,720.144147
1413,1857,232.8213646,48.68225139,385.9640577
1413,1483,154.3655441,53.31011339,235.4838053
1457,1414,615.4954361,88.16809055,310.1017469
1415,1427,242.7171832,25.25430065,17.70463926
1416,1503,381.5498789,74.99124686,421.8930498
1416,1899,78.45539329,67.84009945,265.1368277
1417,1763,228.3359391,169.9803873,1859.151061
1420,1840,99.71412546,34.27798712,59.83695348
1421,1809,528.6883345,26.50211327,16.28220101
1421,1687,306.7072386,43.44835433,516.3148043
1421,1879,388.4226488,21.92739229,4.253446564
1421,1773,172.3704069,26.70972422,105.8190452
1424,1461,21.65960939,75.89424421,717.2105067
1424,1455,359.759669,115.2529927,2701.600892
1424,1650,144.7023406,57.98155355,459.1946559
1425,1687,174.2971345,57.82820196,569.4784143
1425,1879,521.1901335,21.34389515,11.72257549
1604,1426,298.8760278,21.67687694,65.87423913
1428,1482,616.8493952,75.6516034,454.5898953
1429,1861,455.0400788,56.34938962,381.9715343
1429,1672,265.523103,50.63000793,211.2408586
1430,1598,63.4009281,92.29182577,803.9923117
1430,1634,1055.858964,90.62985958,180.6505118
1432,1780,333.4956767,91.72394465,730.0195267
1432,1900,451.859148,101.4476661,423.5688102
1770,1432,173.2564684,78.65953685,553.9551597
1433,1600,424.9001471,31.16658057,31.25990847
1434,1556,225.8665103,114.477902,984.196004
1434,1592,270.8857278,34.58851803,85.17132777
1436,1536,228.7977051,70.85734718,1558.028829
1436,1800,252.4558637,176.0371845,4691.67458
1437,1815,243.9825856,49.26614555,141.3825694
1438,1691,267.747214,36.03871229,45.63914756
1440,1494,556.4354364,60.83942605,991.3233234
1440,1794,377.6218647,42.07723941,95.81522851
1441,1576,305.0422449,64.3314548,249.9786672
1441,1498,308.2651033,41.56866847,140.734669
1444,1618,559.1429178,24.65437214,46.08195671
1444,1660,290.1588737,63.43448515,215.807671
1445,1583,222.4742108,31.87147498,73.942767
1445,1601,590.2740786,55.34535211,266.722848
1446,1554,248.8159216,60.98860802,292.4484657
1446,1842,441.1701308,45.2749542,214.9282162
1507,1447,379.0823482,48.19086768,211.0378098
1447,1525,279.4987668,24.77750684,48.01606531
1447,1633,544.689017,12.97304646,8.730915412
1448,1655,163.8130962,66.42654021,328.995244
1448,1589,178.9006734,36.4366738,180.8930897
1689,1449,1083.740058,79.19014287,558.0820989
1449,1452,1155.872922,38.6650738,141.2722686
1450,1501,608.6966974,8.101733734,1.65457559
1451,1607,544.1833197,102.6510686,759.0184263
1452,1617,195.336973,35.08625929,115.9823854
1453,1791,229.2882337,38.16458439,139.2286191
1455,1720,179.2475238,105.6547707,1138.282392
1455,1718,262.2700241,47.97332368,183.620331
1457,1481,249.2431119,21.9484589,30.23057276
1458,1772,367.8985108,37.92990429,325.529094
1458,1892,251.1476902,11.60885221,6.565472023
1459,1871,315.2514771,25.14743854,22.6931383
1460,1526,324.9887435,52.57236662,166.1871253
1461,1596,223.5427685,60.68552619,245.7727008
1461,1852,254.0327086,97.70172263,888.2083573
1462,1725,647.0811089,20.73536286,53.98553259
1462,1543,365.6032421,116.826328,2545.764516
1497,1464,75.00261237,54.25333783,645.6124622
1464,1716,335.3455183,33.24625229,90.09415558
1465,1618,269.0147901,17.77147017,33.96607849
1466,1613,571.5129566,36.22138425,103.6087003
1466,1601,471.1184585,52.8148934,409.0872768
1466,1547,150.4000447,87.35331996,478.5134882
1467,1708,324.1581262,42.0848018,186.6132141
1467,1680,181.1259665,81.35269906,651.8469205
1468,1857,223.2747683,31.77195901,47.31353734
1468,1483,404.4053001,75.65888318,384.5356145
1469,1760,201.5531308,47.25927297,191.6889079
1469,1649,270.1366188,43.42625643,89.40862581
1558,1470,284.5999273,112.4261813,2744.934062
1470,1584,91.61178266,119.2954468,1144.737811
1470,1838,303.9795021,23.71464314,26.37207941
1472,1700,391.8038404,65.7902598,493.92968
1473,1802,187.4831483,44.0158382,182.5332293
1474,1783,295.3729134,72.16294652,223.7667952
1476,1748,297.4542591,69.08558334,301.0238161
1476,1870,496.9689526,49.72620279,200.4285083
1477,1597,224.8101062,16.23046808,29.79399404
1477,1825,322.7140496,45.11063769,237.4162233
1479,1818,284.2564098,51.08337741,127.3998486
1480,1567,233.345313,54.63726046,124.3457249
1482,1836,322.6038876,35.27402475,116.0303985
1484,1586,179.3469999,31.80643999,48.48069523
1485,1866,472.9959756,86.42920265,640.9401052
1485,1653,164.488574,29.48221249,26.77559791
1485,1720,215.9173046,44.63300251,443.030574
1486,1741,415.24228,103.2976234,1127.497896
1486,1696,199.5338827,11.99563459,5.940451467
1486,1588,694.7491539,80.07923601,417.0235059
1487,1655,902.1082005,74.59154186,477.3351345
1488,1509,350.1370834,26.23704792,72.02011072
1491,1774,400.5904883,18.208369,17.51363166
1491,1748,406.1750909,88.70017846,468.0261098
1492,1693,174.8335651,18.28643687,15.71295909
1564,1492,523.6733744,57.74149781,337.1778102
1493,1577,287.5102115,73.55342914,432.6769145
1493,1517,1101.767362,17.74381334,8.02007252
1494,1548,393.0982995,36.99281065,167.5660035
1494,1551,1027.354652,41.14763487,171.0859733
1495,1561,290.1588737,41.3587378,210.7561652
1495,1666,668.6211778,28.83256732,81.97487052
1496,1499,575.2355721,31.01279555,139.7936532
1496,1694,239.0985736,24.64313816,117.193386
1497,1656,217.7945999,27.16235032,69.3301967
1498,1881,337.045093,27.67121699,105.1660162
1498,1769,188.7577564,53.01064654,346.2622036
1500,1782,120.9532605,94.11876369,429.7666279
1503,1802,397.8707718,131.8095795,1149.403923
1503,1524,262.379839,26.87445624,120.3567119
1505,1619,414.7367588,45.47264189,171.9399326
1505,1520,230.6699168,90.30112299,1589.34288
1506,1816,57.21044854,52.94795478,161.2499223
1506,1518,126.15615,68.74955621,252.2465787
1506,1754,208.3369127,45.49671232,182.3050283
1506,1776,225.730256,115.5441171,1107.268869
1509,1545,361.6936824,48.21212386,390.9238109
1509,1728,187.8626283,115.9014843,1903.623167
1510,1692,158.8096179,61.1316856,343.423608
1511,1544,494.4236049,27.56757079,17.27947375
1512,1736,564.5744045,38.43201914,831.1758398
1512,1816,414.9188463,72.93575401,1931.551952
1513,1791,214.0170429,120.3561473,2759.126683
1513,1785,188.531461,160.4523975,2240.899432
1514,1676,711.1470145,76.85878802,328.3582933
1514,1556,501.2274043,102.7100904,502.4065822
1515,1718,1364.032136,31.81793267,123.3890626
1515,1686,662.8742857,41.22181909,191.9829623
1515,1804,127.3342456,52.00687396,158.9565188
1516,1627,227.0412404,73.33049888,1077.829726
1516,1606,334.3350153,39.09110706,117.0369298
1518,1632,1083.884355,28.78352812,40.78979613
1519,1713,86.37263302,63.94118222,175.7003639
1519,1719,468.1656135,41.62878418,313.9195205
1521,1898,165.7847642,37.42329885,106.9329132
1521,1661,680.4449547,91.16482114,271.9484068
1522,1793,669.4787115,13.83368603,17.89231637
1522,1735,351.1958333,18.21166612,37.30951381
1523,1556,905.2748885,110.1124442,910.1290739
1524,1876,332.3058084,44.04829244,291.0265097
1527,1848,211.1723947,72.44012842,328.439074
1527,1746,233.345313,95.05913898,333.3348124
1528,1803,308.2528451,43.31185673,115.4698307
1528,1855,360.8360859,91.55723077,535.8487485
1529,1700,146.3248441,75.72175365,308.6890517
1529,1679,217.7667406,74.32257697,754.5380597
1530,1883,150.5741881,41.27067638,174.8427015
1530,1892,435.7195761,59.58574293,279.0139033
1530,1742,764.6463941,48.70038152,140.6155997
1531,1749,616.8493952,43.13386578,472.8353981
1533,1632,333.3095775,30.0807881,75.22598067
1533,1590,634.8676795,37.48614791,91.22002022
1534,1741,528.1202201,36.64752514,112.7576136
1534,1733,330.3261364,41.33078995,128.3487084
1535,1559,213.3433206,127.1274836,2153.424813
1537,1543,208.7901995,46.35061824,326.2220943
1537,1859,217.9040005,41.75345768,18.05841138
1537,1731,195.8858017,27.90943104,39.44762739
1538,1616,192.1580615,19.00678407,10.36416379
1539,1786,201.2208564,60.36500575,308.9194902
1540,1666,185.3371688,29.32381929,31.49869583
1543,1743,472.1494252,27.18150544,55.37153736
1544,1667,529.6169379,95.77464656,687.2063837
1545,1764,301.2333071,15.16864306,12.97803477
1549,1869,200.2972941,46.71519465,236.1684785
1551,1794,415.1675606,110.1428177,1233.250061
1553,1562,300.1522734,50.73369345,380.5254766
1554,1822,535.5904369,37.31095573,476.5084452
1554,1796,289.0479444,45.49233845,143.8356981
1555,1775,657.2673799,47.23858033,143.2905666
1555,1749,1073.645512,77.54217632,406.8020282
1557,1762,356.5411024,38.62490172,56.58125137
1560,1590,268.0395683,81.90501246,551.8095647
1561,1789,783.4679732,78.9857706,218.7086528
1561,1621,2259.420999,155.8257857,905.4980852
1563,1823,910.1111512,173.9710509,1877.364123
1565,1568,835.7274091,51.59698326,166.3502832
1566,1902,89.68328444,44.62329047,135.9642771
1566,1858,517.1541842,82.12595292,658.8235631
1567,1612,234.4148446,25.97725811,14.5545852
1568,1658,287.772369,84.39209497,631.9286253
1569,1784,90.72935611,78.81066054,1332.491886
1569,1796,197.435632,46.66144779,285.4460561
1570,1624,454.7658268,42.63167909,106.3673354
1570,1871,560.0473473,57.28443538,91.24402029
1571,1646,467.2752251,64.46525102,493.8283
1573,1765,205.4299773,46.82654929,165.8994661
1574,1661,80.09770767,23.78283823,41.86932774
1895,1575,164.2400227,41.76163632,206.319664
1575,1611,295.9341185,21.30175913,49.27339072
1575,1724,2310.763389,24.08702076,29.73035701
1576,1769,540.4840577,29.72444193,170.0564086
1578,1680,422.0271828,28.80594492,96.24697009
1578,1830,1347.101366,83.80668103,514.4452801
1581,1882,262.0547376,83.0815252,434.257157
1581,1626,242.5459691,54.93787525,617.1334612
1582,1807,403.8751156,39.30075221,91.55704888
1582,1869,170.4962728,70.30197208,398.9309957
1584,1891,414.7367588,9.151448458,10.21449009
1584,1810,285.1267412,44.23899639,222.5138313
1585,1611,291.1754312,35.24776759,175.680942
1585,1867,240.8326967,75.51651986,1584.255357
1586,1670,231.5828176,90.06825791,1510.918707
1587,1788,151.5351911,32.93536406,88.51118584
1587,1752,490.0332574,12.70013836,14.21607673
1588,1733,270.0633943,115.8220335,980.5257136
1590,1701,106.6569936,38.13009637,105.5924204
1591,1681,321.5269798,74.30247248,666.9517142
1591,1735,117.2556025,19.65424681,13.32738622
1593,1756,312.6233832,48.0744385,111.3723435
1593,1638,207.7638298,73.78165257,897.8931636
1595,1652,499.7699857,33.24507295,74.61809972
1597,1787,372.02162,37.95906241,104.2019352
1799,1597,450.5954272,166.8780747,2224.351305
1598,1694,450.5760534,23.67715364,35.23168593
1598,1634,332.1859822,85.18930807,225.2507475
1599,1806,477.4603998,73.27874139,358.0124977
1600,1666,220.676996,23.39490787,46.7532951
1602,1708,273.1858841,67.37658578,545.5384378
1603,1727,255.4761167,78.01681777,619.0713996
1603,1654,90.08936031,68.18290197,522.5286228
1606,1711,262.4651613,36.03293409,89.82599288
1609,1761,160.9066087,47.09472986,118.1632917
1797,1609,454.7658268,43.8953218,69.2195489
1610,1900,490.0332574,43.37695036,205.4802496
1611,1716,304.7306833,78.6701775,890.9212225
1613,1697,139.940451,108.5601684,1183.776715
1615,1807,316.9223562,116.6669239,822.4824647
1616,1631,429.691581,43.57887443,232.3252005
1617,1891,273.6748765,63.37452863,416.9555258
1620,1662,280.8129592,65.26220566,208.6838155
1620,1706,286.2638424,55.03349149,277.2961799
1623,1786,345.0539638,10.68634096,8.440338507
1625,1652,319.1842578,40.8735894,295.3747168
1640,1625,723.4211976,49.57125532,98.82070693
1626,1665,349.0634894,65.55436171,163.5304353
1626,1812,322.7339702,75.55225954,545.4574524
1630,1837,255.4251042,54.3181161,330.3484436
1632,1754,146.2787448,87.70464253,612.2032222
1633,1765,240.9005755,70.27105212,326.0697183
1634,1676,363.6314208,62.92647628,167.2949209
1635,1650,361.2263483,77.90077194,491.8418585
1636,1771,390.5338281,88.57083197,569.9351081
1636,1831,140.9939866,43.82332569,227.7786655
1637,1682,486.2760089,39.20296858,69.61663543
1638,1792,244.7618757,112.5185499,547.1959608
1663,1639,643.0859405,20.65114959,11.8997174
1640,1664,306.7072386,32.38066625,24.97535215
1641,1897,303.0450021,126.022203,2041.076404
1642,1813,240.825324,28.06004533,69.9486212
1644,1752,366.1673566,35.63613323,162.2278459
1644,1865,260.4852653,60.47335183,119.5089463
1645,1743,340.1581551,81.42095364,680.4595535
1645,1725,1281.228384,42.11036891,121.1619215
1650,1852,249.8987391,95.64882425,676.6307687
1652,1664,592.1419628,58.39145617,365.8283275
1653,1840,308.0733628,78.16720589,2615.998708
1656,1712,134.537117,40.6944231,239.9988629
1657,1881,332.603298,43.13727487,803.0388208
1657,1693,352.7578063,119.7396073,820.2090357
1659,1902,81.8394545,50.14700061,104.6515762
1660,1751,694.7491539,77.10550125,219.8857732
1662,1776,204.7040186,55.37478651,336.3587128
1662,1754,142.3240728,101.8986366,1439.98003
1666,1723,311.4766587,69.76292175,646.2332543
1668,1683,581.4829376,43.37199815,678.6583264
1669,1843,845.7654619,87.49754053,459.0895716
1669,1789,550.2045592,67.86659701,321.7060015
1671,1683,355.772862,67.47781469,306.05283
1672,1775,905.4421895,49.79127932,99.19935097
1673,1697,1628.943577,25.1794115,29.71782806
1674,1894,949.2317713,45.00325429,134.1827505
1675,1743,585.4915921,40.40753347,189.9028409
1678,1811,340.2725957,58.31919226,129.5434978
1680,1892,1027.908899,69.08386141,978.2540426
1680,1742,186.763222,88.66651817,456.5446554
1681,1721,681.411241,99.74812338,416.8754304
1684,1741,214.165958,60.90503586,709.88753
1686,1893,879.7321326,22.00527885,18.09171562
1686,1746,609.8074011,30.2631132,79.49854272
1689,1704,313.4265779,28.24310205,26.76140144
1689,1832,150.8525007,40.08391952,154.6983667
1690,1759,469.8656346,47.92492986,257.4704921
1829,1690,361.1951487,59.14537582,362.5180145
1693,1863,1564.535366,31.20317713,48.707637
1695,1730,363.9895721,92.75628398,871.226685
1696,1833,498.3025608,24.96319408,30.15310884
1699,1725,579.5088314,31.20861597,77.60481417
1701,1754,794.1630163,82.94838687,497.7363788
1701,1706,364.4378115,39.74819739,182.0781489
1702,1707,345.9457422,39.57948293,279.001346
1702,1715,175.9906607,97.77154417,555.3824147
1704,1734,158.4023268,16.93012516,10.51359971
1705,1711,264.1038789,39.08120528,130.6973141
1705,1753,184.4806029,37.48486166,300.6852501
1707,1831,337.7534872,58.43159824,250.8362637
1708,1830,445.4054304,33.04448637,118.130674
1709,1737,357.842533,17.9909593,14.28910205
1709,1767,293.2852593,65.51092204,1245.979269
1710,1844,351.5193312,110.0670317,1527.505379
1712,1778,200.2972941,16.52652042,18.12981008
1713,1733,228.0938735,60.76887099,251.2325005
1717,1845,233.7767717,20.13485859,9.398073434
1719,1843,275.6198388,65.57619348,227.1589496
1721,1849,228.4788358,48.37852962,77.6973408
1721,1839,163.8579231,54.57145647,130.1470798
1722,1740,227.001576,58.27525088,248.0770704
1723,1771,213.4734975,58.258396,346.4456178
1726,1886,158.4659146,34.29595182,83.90328096
1727,1755,459.1449638,59.12868494,552.5484173
1730,1864,721.2945621,43.27424388,126.3393308
1730,1901,337.4581364,53.64455546,233.1015966
1737,1795,477.4603998,20.14475047,29.86940065
1738,1896,289.5094766,51.77633815,165.4287136
1739,1757,208.1659213,26.5637261,121.6115446
1739,1863,260.6296374,37.24674457,63.70726494
1739,1841,100.8865184,36.99226555,244.432677
1744,1850,122.9169129,30.68999212,46.21085068
1744,1844,172.8914334,53.36409977,1022.755224
1745,1769,586.5620605,36.297033,142.078513
1751,1881,465.7234694,35.3290037,50.43780976
1752,1801,400.3333842,48.93248827,227.3133865
1755,1805,366.1673566,87.87042354,268.2848328
1762,1846,243.0296828,31.51781495,42.4699903
1763,1867,367.5642411,36.05975707,407.9222194
1764,1836,229.0295232,61.68109434,141.724808
1767,1837,308.8625764,175.8630929,2412.440609
1768,1872,256.671606,63.15212115,921.2968106
1772,1868,68.50174549,83.7240333,830.1719162
1772,1776,397.9340822,55.61079038,450.9684683
1777,1807,145.5642076,98.13675804,504.8870883
1777,1817,496.8374106,153.1281442,2330.653145
1778,1848,160.6231128,35.67649359,215.4024629
1779,1801,444.8392557,31.71457272,82.29245332
1784,1838,309.268393,51.6162359,376.8492019
1785,1791,252.9388909,69.85175825,383.2615301
1785,1855,375.3445931,47.18661997,101.4685607
1793,1839,460.277135,19.65728139,24.74401528
1794,1898,428.2885069,39.07462319,116.2597052
1796,1842,360.9261362,86.88203349,793.0711101
1798,1890,325.1001459,67.85737431,258.6195793
1801,1865,155.5899644,40.36373894,170.2933479
1803,1815,578.6141626,38.34594015,91.83282197
1806,1887,320.8454199,67.45641243,245.2040029
1806,1812,224.1284404,53.47612045,297.6280847
1806,1832,317.7348058,65.88051478,307.5559342
1810,1838,326.6158913,78.81906334,1307.028058
1810,1822,389.0715425,62.48591523,496.9709909
1812,1896,271.5578782,49.65420688,91.9566368
1813,1837,491.1197448,63.62284191,299.6413631
1818,1884,573.0752289,33.09177467,112.1653566
1820,1850,225.2335121,51.89587215,150.5847822
1826,1889,406.3058076,55.83505032,364.9891892
1832,1896,316.6144048,52.8296116,289.4883585
1902,1834,468.7622333,37.84119302,55.05669762
1834,1858,801.9624447,53.40129205,293.4926103
1840,1866,536.4405259,35.30879876,178.4268273
1841,1859,391.328738,19.27820096,26.73863695
1842,1860,351.0632951,28.80649464,115.9942297
1844,1897,133.4917396,40.611039,39.90150714
1848,1893,628.9813301,23.03856496,104.6576537
1854,1862,316.8667279,33.92345903,141.3872653
1854,1868,304.7013525,50.74260972,376.8384515
1856,1862,343.5423865,46.05920855,162.9552158
1868,1883,424.2016114,55.05087027,349.7933421
1869,1873,409.8056342,72.09768241,534.1905104
1872,1894,270.5399741,45.84665823,235.7386473
1878,1885,422.1491944,66.71340205,404.8665359
1882,1884,269.0147901,60.44684002,164.3488554
1882,1886,337.045093,124.052269,1510.281373
49,1,231.2503812,124.5545788,1275.187634
65,1,489.8710869,68.05460666,279.8801729
17,1,223.728578,99.41030401,589.9793819
1289,2,367.7027492,186.871173,2547.806001
312,2,174.7956832,60.57753931,697.1925386
19,3,245.578267,184.4582661,12822.43819
50,3,124.9885857,230.1773628,6026.937303
35,3,465.7265379,358.6735861,14234.73178
67,3,349.1433554,286.0403829,4073.558504
743,4,479.7478001,311.9810826,4926.70056
128,4,90.08936031,191.5969484,3156.734735
20,4,114.5981634,87.38935228,457.8937991
52,4,255.3918375,467.3454484,30155.90881
409,5,280.4339864,89.18496634,95.77403446
656,5,457.9102345,24.8554655,15.13597189
196,6,348.0314051,23.97308599,60.18808887
621,6,290.7659296,29.07610547,39.44760177
902,7,198.0154805,19.74699958,30.8141784
727,7,331.9627717,23.0852762,22.20019884
212,8,460.6256727,64.6565688,228.39964
423,8,534.2055542,60.6228736,111.1338138
367,8,436.2835308,73.32012764,508.2981386
342,8,187.0601788,90.02721166,912.9005106
917,9,623.992146,47.37688476,146.6969675
889,9,181.1259665,79.83819033,225.3614161
488,9,460.5331752,43.13202915,206.8449118
1768,10,427.0568548,44.60441235,207.8994689
1473,10,201.5531308,34.28679996,118.3667335
1674,10,160.6231128,66.42739696,655.2980282
1654,11,309.1482962,97.03508615,1098.500029
793,11,278.4213024,69.38098175,320.7498392
1066,11,228.4313563,55.35401202,187.3714342
216,12,361.2623371,32.21808796,38.14155763
581,12,181.6454605,32.45811778,63.88505682
29,13,121.5546234,82.30236955,877.3680553
384,13,312.3035886,154.6988959,558.1197743
91,13,445.7206334,36.36678554,119.1755084
794,14,260.254019,53.29860139,367.8068446
739,14,329.2493272,54.1667274,429.0030317
204,14,415.1675606,67.45279934,713.6065907
1217,15,126.4427488,55.9938774,181.850229
764,15,240.2172069,67.85260359,284.5058428
610,15,144.7023406,95.67019212,1852.709061
337,16,378.6825966,81.80990044,1170.017921
311,16,512.2641865,53.91595519,441.7624629
164,16,501.2274043,173.1759446,9923.536305
81,17,1292.936406,104.2655078,696.1883767
179,17,176.7870752,133.879514,1047.07442
221,18,247.4270666,145.4097018,4459.941154
66,18,494.9595688,281.422649,9151.407749
50,18,565.813551,74.87859687,228.6600784
66,19,536.4405259,94.45483725,2708.501695
460,19,272.1732689,193.4701381,2051.11451
128,20,425.4607447,176.3571097,903.9224266
433,20,295.5676572,236.684811,1573.358552
36,20,410.3207952,287.0993341,1650.069902
467,21,360.1340311,175.5987029,5984.437323
83,21,512.876548,130.7229882,3384.561046
458,21,406.1391091,112.2942249,1469.534251
1164,22,300.9568503,48.68029548,86.14239856
1655,22,542.2734733,92.1235643,404.9477023
1371,23,237.8331989,70.11125344,1199.103739
1367,23,290.8620661,26.50151954,273.3133542
1231,23,335.3540978,99.18249182,299.0969805
290,24,259.5193221,59.86029791,879.8180986
390,24,416.4919821,73.92288156,95.07694684
156,24,534.4137894,62.29384488,135.0265292
744,25,307.8154888,51.7257759,670.0054187
1022,25,1364.032136,155.3971568,1452.071939
713,26,963.8684522,50.44036891,288.4189893
1862,26,259.2004389,36.65938557,124.3344541
813,26,562.2667658,36.65444754,112.0996105
1301,26,138.6576128,56.74046787,150.3199811
1080,27,118.5706484,23.16936925,75.1249898
1817,27,133.4223073,12.18157127,8.440001989
1799,27,536.8307915,14.92107432,13.44269124
1696,27,288.1881173,30.57984933,247.0139984
44,28,362.931564,71.97908869,138.0437898
333,28,248.5542772,143.1329111,473.3059773
359,28,263.744653,318.2175728,11191.09001
635,28,205.6968116,88.95659157,385.493309
119,29,534.2668117,101.3958046,953.5046235
230,29,187.8626283,170.2707002,11063.43732
763,30,383.5315126,84.4005696,548.4620292
1060,30,493.2938712,55.22866892,259.9881596
457,30,302.3180211,144.0718054,2947.002143
564,30,421.9323369,49.91452984,422.1000254
655,31,271.2508903,35.60129279,83.19701551
484,31,265.6652349,44.56404293,237.4411218
1127,31,276.9563468,59.43265053,200.6190206
64,32,653.154712,60.61421021,114.0851635
337,32,471.8861878,51.47381701,171.0336441
285,32,257.5711587,69.05758549,328.0514395
733,33,334.6260569,222.4741597,1357.782394
440,33,238.8379871,123.0775775,5054.58772
65,33,775.2590556,139.6725619,1467.335556
166,34,277.7837356,28.54469482,78.89840736
152,34,496.9226817,109.907886,3187.072965
82,34,671.3528571,81.93159416,805.4246613
194,34,124.055725,71.53523874,1095.947077
751,35,307.3229515,376.3815408,12490.99061
51,35,135.5061889,274.3228809,4968.320481
68,36,290.8412154,281.5603726,11054.13852
52,36,111.7340762,393.4668074,4155.587451
387,37,168.94426,63.53904086,422.9919877
566,37,273.2214511,60.24817044,1008.37667
674,37,273.5937563,50.85122078,441.0889924
1212,38,292.1117815,57.15226985,670.2612256
908,38,353.8926153,36.09505593,163.1615779
803,38,89.3986355,105.8684045,379.5442601
595,39,208.5423581,75.97218153,979.0252247
315,39,131.1495224,200.8124472,7487.992215
825,39,350.1660614,59.29479761,650.0496021
412,40,176.124342,74.90484832,213.4155301
390,40,444.8392557,72.36388228,314.3088701
156,40,449.1287667,93.02753901,570.4247643
87,41,240.9005755,40.84616122,202.5802123
143,41,373.9964236,34.32830068,98.81235585
833,41,239.2014238,20.80975522,21.22233275
799,42,252.537158,146.6579254,3134.115903
953,42,161.5537713,45.45337497,235.4475428
1112,42,210.06636,36.00144325,131.409127
1877,43,598.7199941,63.15529511,1958.711997
643,43,365.7887633,49.14171631,329.7041184
1173,43,324.7603541,74.76487517,366.4775159
1727,43,344.7425771,45.10967905,194.1137164
202,44,638.7054599,64.22766392,248.2807183
572,44,512.1917406,137.5348514,511.5156767
269,45,558.2127839,98.57908056,404.3769785
715,45,268.7515305,130.1953522,2122.33141
1252,45,287.5339652,51.78660785,125.5538148
147,45,301.4362171,57.13209893,242.0781176
739,46,250.1177755,53.71510013,463.2152698
204,46,138.2294114,35.25462256,105.4304231
1046,46,270.3514961,23.75947985,39.1777355
1246,46,333.4956767,24.72806276,69.60254015
914,47,494.9595688,39.52036471,83.32348572
1026,47,402.4217299,47.25058703,106.6508969
1121,47,165.6061356,19.76394271,16.64142455
206,48,201.99432,91.14670956,18108.18389
233,48,546.5316574,86.1447089,347.8351253
151,49,1360.418285,112.2388548,940.8127017
81,49,478.8591703,116.341704,356.3945474
325,50,168.94426,39.40169813,273.8455414
52,51,63.05385226,118.5192336,772.2450764
67,51,124.0511176,532.4474846,7975.100021
665,53,488.0924974,177.8590063,1627.377235
449,53,304.8576438,40.18666705,330.4611822
300,54,617.9361295,125.2723738,659.2959469
223,54,507.5159509,26.2781106,13.50724776
1418,54,209.2367022,57.67200352,57.41248506
943,54,348.2928019,97.87975486,521.9040653
1111,55,193.8310893,28.93741667,33.88254226
1243,55,1087.243613,59.59364251,225.7768057
881,55,424.4185627,44.86688915,174.462689
198,56,270.3876214,43.45967914,297.8273406
170,56,242.5459691,53.71185642,88.37486771
861,57,326.6865222,7.686381666,11.25450433
897,57,190.1381143,208.1683743,3843.205939
1629,57,216.6409876,33.67344023,79.05899823
819,57,188.3873173,167.3220037,9155.109647
1372,58,295.5676572,88.44899434,586.6565135
1665,58,668.0776837,26.316001,63.3162949
1473,58,835.4650817,82.17980487,310.998821
1038,59,364.9657052,35.52972866,164.1275678
117,59,905.2748885,44.00772287,313.7981434
472,59,280.7455374,61.82422855,845.2823852
464,60,198.1395557,66.41228208,308.7760476
599,60,143.2339061,90.27514723,1533.425681
307,60,192.7918389,192.353024,7369.569896
256,61,308.7220713,46.58503499,419.4947905
190,62,246.5623188,45.11133508,220.0877029
344,62,208.5423581,35.50411275,145.0675032
362,63,338.1936844,44.63498977,76.78690649
1040,63,237.0402654,35.09611358,68.59664583
764,64,243.8490966,90.35779623,220.0649732
298,64,452.4942728,79.21139022,219.7280476
673,64,162.0293732,69.83004179,116.2753155
109,65,119.7730366,205.2492384,1555.611678
312,66,325.6090627,86.34708641,294.4066878
138,67,340.4914895,248.7234692,878.2153059
401,68,305.1985315,233.2825052,5488.550296
251,68,437.7910577,274.043931,1780.738655
261,69,299.4921877,22.87196928,38.23023781
391,69,1055.552618,132.5641858,2345.09553
476,69,168.8362632,118.2915907,1050.333742
1410,70,623.1866319,31.68139291,115.4377231
1673,70,1429.612616,89.54015625,711.839933
1628,70,288.1393449,64.12248392,269.2494969
992,70,333.2923204,45.22486354,96.41598539
1423,71,444.6049052,25.12256112,187.9571432
1419,71,311.8389865,51.24684696,243.1679565
1379,71,619.1076603,50.28913874,250.4333844
198,72,282.9339802,59.93892275,410.4892932
277,72,189.8434963,62.15983659,435.4566887
423,72,431.2349607,76.99273474,98.67364238
368,73,629.8633935,16.85811491,11.24035973
1172,73,330.3942817,33.66092704,94.27618293
1396,74,227.0412404,50.57971091,107.7918588
1874,74,369.6031152,51.48664698,141.5125783
102,74,561.0544808,90.01973536,1257.911957
778,75,285.6313402,86.23188895,1014.429559
535,75,347.7028268,53.2129631,82.54048359
730,75,692.1685752,63.84468738,337.1859338
394,76,207.9239017,40.03119806,130.215155
255,76,228.0972339,63.36703481,609.6908079
509,76,637.1693347,70.9267101,689.2202684
689,76,266.72183,58.05205113,674.2788531
282,77,2187.141314,127.5984803,2101.284631
395,77,86.55318403,191.1764858,1790.254168
910,77,1642.699056,271.8754364,7139.794064
1032,78,224.0604964,34.55022556,123.6537809
927,78,296.0129091,9.100043393,34.56109009
474,78,237.8331989,15.23593658,66.05726636
1067,79,275.6198388,35.83623812,945.0797197
205,79,202.1136228,81.59263046,995.4440191
1268,79,220.9728617,90.82322116,1974.886712
740,79,1018.022413,41.6224814,154.076348
324,80,247.3664703,88.91218046,3456.025268
136,80,370.3952835,108.5508744,2355.364412
123,81,531.3212946,136.6495171,590.1707765
96,82,361.0762485,79.82267911,528.0873499
312,82,544.1833197,173.0101717,1769.274323
208,82,55.16065751,96.41906662,828.5801627
656,83,265.5468273,45.95113204,137.0366624
494,83,283.9259829,35.95570333,133.2615592
1487,84,262.4651613,78.12645933,382.6869602
803,84,349.5513005,52.74779757,423.0436063
1407,85,187.4754102,83.96167415,475.4577702
1021,85,260.2348094,48.80968629,207.7661296
1201,85,223.5427685,41.73650653,207.9378563
170,86,329.2493272,121.7533028,575.994815
212,86,351.9052814,59.76601653,192.3334588
329,86,331.5724099,58.52450695,756.9032885
316,86,300.1522734,186.1417382,1887.574746
356,87,243.267147,38.49745304,160.9431466
973,87,79.84547441,32.39161429,119.977017
213,87,193.3663786,63.4297101,211.6076888
1762,88,287.2852446,30.20356047,70.56663328
1190,88,133.0660216,28.47729401,55.02996109
570,88,264.9908061,22.47401148,14.13857716
1453,89,248.8807678,116.9793533,805.7745159
404,89,163.4086438,59.27985252,144.804047
1845,89,139.590631,22.63916852,14.04722292
1003,89,75.31901328,27.38411724,41.63332142
500,90,417.5015831,44.36628089,11.68244389
527,90,83.70083354,43.1048544,146.7050408
321,91,47.0931073,83.84316996,1159.86299
308,91,161.6755741,88.04099437,1324.149027
878,92,568.8964783,61.17006588,190.6027603
283,92,631.7028019,42.54485344,668.668228
1180,92,286.9049216,48.26739741,497.2219514
510,92,281.2981577,47.66214264,421.43902
664,93,210.5720139,23.73285073,64.78172259
271,93,730.4668847,42.67078301,204.9699783
574,93,946.4150827,167.4376436,2075.322874
1211,93,135.8142701,202.5022659,3412.521791
220,94,454.8005442,143.6317156,1567.243851
259,94,658.1514157,117.3904197,499.3030782
337,94,676.7044028,50.50049211,241.5131316
311,94,578.851407,68.41951388,93.83566155
123,95,262.379839,105.6574534,229.6218766
207,95,403.8751156,265.8655829,10244.94951
165,95,301.4362171,88.50980295,170.7186343
137,95,240.2178584,239.6060309,6152.350641
1020,96,272.7143568,50.20174229,102.9844289
273,96,336.8158621,100.4725748,492.4532668
152,96,233.5138767,93.92979448,896.3069727
181,97,384.2466743,42.68172983,210.2233629
741,97,248.4815623,56.63982922,74.42536916
1608,98,242.0373337,55.17345774,183.7939115
1013,98,424.8894321,52.53887649,123.5060087
1478,98,185.6601824,42.3072336,129.7203437
1378,98,140.9704935,54.95216307,324.1776092
276,99,302.557852,42.59775951,91.61988147
1237,99,326.1153469,44.43069352,484.9827125
923,99,588.2107767,68.35486085,341.9568781
427,100,261.7396422,52.82663424,429.5719528
211,100,238.4113748,72.94501597,436.224584
170,100,554.261027,90.48496368,1273.190611
1043,101,240.3744119,48.17470881,161.4124025
413,101,267.9780642,45.19502541,214.686393
402,101,192.2538579,24.93090628,63.58036442
1536,102,334.3350153,146.6606273,2328.72968
1800,102,331.8010694,15.53342161,26.38674106
998,103,277.0152853,118.133701,491.2617739
762,103,616.2614777,79.40962344,835.1968755
553,103,369.4815806,43.68516742,173.9675489
333,104,301.3254122,194.2676105,949.7181067
599,104,252.4558637,90.70295262,3359.295806
321,105,272.3314862,83.84023725,1025.277398
406,105,402.5694056,182.8902219,2188.597122
334,105,409.1217955,194.6397272,5498.143252
822,106,697.4012569,29.67097758,198.1170778
715,106,875.0489531,243.8002621,7727.471417
546,106,781.5581147,113.4026579,1292.635283
1193,107,186.763222,30.1088536,5.193603138
1096,107,553.4677936,17.74667898,9.440505278
233,108,395.6206195,11.96127664,19.1770042
1217,108,105.0625162,58.65215942,585.2288551
220,108,537.6552034,72.58557509,458.2068385
179,109,185.3524974,77.05728663,427.2660953
193,109,708.1282195,233.9175367,764.2585362
194,110,221.585854,105.979224,2182.3132
208,110,1555.395818,89.71977401,1428.832188
221,110,2034.517496,56.82036205,784.5204905
709,111,568.5783798,31.10681379,695.5518152
125,111,259.1144788,41.88455577,244.129133
339,111,337.929925,45.01538988,106.4194267
1299,111,412.7881835,72.80833154,380.0104648
1870,112,287.772369,37.14545928,18.17063488
1097,112,423.5021802,36.37150064,176.8000276
1280,113,109.266746,27.0350627,42.60629486
727,113,475.2483778,54.77373199,533.7142531
1335,113,423.6879244,24.21248722,36.75435724
412,114,286.9049216,65.08052159,215.2805671
225,114,860.6192695,60.52950775,191.1233966
776,115,691.7608617,78.28406786,407.7497614
720,115,1028.549396,73.86771793,386.685805
641,115,316.9223562,55.62259729,289.5417796
695,115,253.4618362,57.4680121,157.7580647
1203,117,546.0513157,25.19927842,102.3355327
1612,117,142.2918038,21.12230646,10.04731341
1017,118,285.5168819,123.3410218,208.0020204
1107,118,160.0988055,32.42384604,213.380007
473,118,338.5388773,41.62728807,151.9023471
294,118,472.1895863,156.6886768,967.8982061
189,119,451.859148,37.35519759,65.88139329
372,119,316.6144048,43.54726298,63.40402452
175,119,271.5977925,166.8028549,1901.791064
564,120,171.4634801,55.01732552,285.3950594
906,120,196.9410506,62.6680936,334.8996999
588,120,120.2890328,45.54500175,348.6459357
740,121,162.8575248,97.60054178,2184.52563
1075,121,42.76792456,96.14487164,669.39994
178,122,53.08455433,56.44036227,273.7190358
220,122,297.2874712,127.8952791,679.6264049
259,122,176.3278725,112.7491349,399.4642111
151,123,549.7765404,115.2797059,276.4725802
166,124,479.7356302,127.1178673,751.3495672
194,124,173.5197291,112.1648724,1460.336036
338,124,207.0063574,323.6416566,4056.110829
638,125,160.2111162,38.63583156,155.6075828
1242,125,173.3034235,37.50568736,98.63321121
887,125,61.67462177,33.32211284,109.8057934
585,126,176.8737082,63.00178419,266.7865628
1230,126,238.4485683,80.69441856,386.8796902
1386,126,275.8889193,42.69059888,156.3465585
377,126,902.1082005,41.95320841,138.4200909
400,127,138.6576128,70.99301725,457.3514438
853,127,452.4942728,78.07760473,405.036043
1363,127,219.5580875,70.07286391,395.8124926
759,127,134.350233,110.6955155,995.0763002
1300,128,561.0544808,171.9216309,972.212954
316,128,282.6980403,143.8929953,609.8763703
1029,129,126.358792,31.00984764,18.78756136
253,129,354.8405378,29.9902861,30.76554388
587,129,404.8263078,25.05373092,75.784331
745,130,397.8967524,94.33115898,1698.206549
1261,130,512.876548,35.18360214,570.4559401
444,130,509.0410597,19.90115784,37.61559429
1630,131,247.4479628,44.68168823,196.0537157
1813,131,311.8389865,56.42738255,265.7542217
1282,131,223.661327,62.92269333,1096.104173
563,132,228.5793319,47.03821812,130.6723589
590,132,394.8262584,132.6311044,4281.273472
536,132,673.4365235,86.67220312,641.890103
334,133,50.76339322,64.78594076,418.9059228
704,133,988.3510182,68.3834997,198.3415296
659,133,213.4734975,42.96300883,46.03954276
1156,134,370.7351602,53.90262175,278.2853898
519,134,261.567007,74.37600579,466.9071359
1088,134,402.4217299,49.74540044,78.86270412
772,135,271.5977925,133.5788059,2031.23572
574,135,507.6330713,71.24936431,1127.206793
619,135,295.8768103,41.72085034,473.0361148
970,135,366.9143986,62.61783395,522.985888
246,136,292.3245898,260.5493761,8107.306433
590,136,395.8316253,193.4210435,3236.583293
260,137,42.76792456,277.1846057,21347.66331
286,137,368.1805411,260.4587968,2479.831414
193,137,155.5899644,233.0539429,13774.22431
193,138,290.7659296,560.7995817,9081.873723
325,138,67.67788705,314.8521936,3689.725919
235,139,306.0825483,80.06150576,1075.598615
467,139,140.9704935,188.2293585,5814.712255
248,139,169.5263733,38.69965491,93.05565974
1613,140,378.6825966,64.66112582,181.0200988
735,141,183.9754773,25.44783614,131.949432
1070,141,466.8448321,43.85499582,167.0189736
277,142,306.3666994,72.08581388,139.3189906
303,142,163.8130962,78.40568093,664.5292032
290,142,190.3644855,96.62105668,542.9075757
973,143,347.6498187,43.60262721,232.6653916
605,143,775.2590556,69.4168561,204.9028668
791,143,369.6031152,54.46385353,239.8511114
1256,144,331.8010694,50.2923734,796.7809455
1106,144,426.6370977,36.35560331,136.6394572
1750,144,615.4954361,43.65824304,612.620252
1785,145,181.5482961,83.37463034,563.1663973
1312,145,509.5934374,22.19406606,22.34912925
1684,145,460.277135,51.84301678,432.4374711
350,146,274.4955191,27.88084292,50.34488887
320,146,450.6081625,21.50683994,17.63645208
662,146,360.4435431,24.18255043,35.25340112
1252,147,283.2796836,61.55863889,169.2754061
347,147,393.0982995,104.5670924,864.0475935
296,148,696.8194115,32.88519532,111.3435189
885,149,231.1258284,34.42084809,174.4702591
1033,149,340.8211338,176.1611501,4948.972903
928,149,270.5399741,45.03095288,377.6133705
655,149,810.6006895,30.41528118,137.3288812
192,150,432.8385295,212.9929777,1194.892333
671,150,206.3071156,608.3727675,26129.30044
644,150,247.334841,252.3879355,551.8882135
440,151,592.6053692,175.6270973,607.7160509
512,151,213.3037616,130.0340947,2911.975914
1679,152,374.590421,79.00796884,929.791293
430,153,205.9431244,67.07488185,560.5400225
261,153,349.0905354,35.74428091,81.79533505
195,153,167.8305591,43.19796623,73.38277841
887,154,325.8740239,30.45595347,62.7061472
873,154,332.3058084,42.68705927,87.87043045
866,154,359.1506418,74.34813931,371.222809
1819,155,422.1491944,50.66221524,190.8193664
1014,155,488.0924974,59.51553306,257.1031771
251,156,491.0915698,137.7348622,435.9092926
973,157,509.5452933,17.05995719,7.452696365
847,157,187.3304693,38.97215936,92.92186546
1050,157,217.6304248,34.92787695,24.9900226
1744,158,188.7577564,85.61582256,1035.474822
1301,158,233.8016437,45.80141748,97.53949017
1742,158,230.317022,82.51669008,1075.365759
1710,158,360.4333489,28.37946176,69.60118105
1552,159,274.9991019,43.63797635,72.21573202
1753,159,279.4454997,54.35851711,582.7597294
1197,159,219.6636563,36.43097714,108.2612129
1233,159,64.76008361,40.18888298,158.5871988
216,160,303.0645202,19.87223619,15.35861115
581,160,982.4759564,39.22138782,74.01743602
203,161,202.7696612,209.0683802,2848.283892
282,161,366.3130712,67.07992995,1436.985282
1126,162,292.1550982,41.74621228,51.73062354
1156,162,320.8454199,48.75841508,107.0092056
1088,162,371.1478525,55.73228131,279.7009204
636,162,302.4485886,53.00152015,36.68132408
780,163,196.7739341,21.52581951,35.41548541
1175,163,133.4161403,66.53386142,207.2943611
1273,163,332.603298,38.96595557,43.9738263
285,164,491.1197448,27.23173706,58.64492398
429,164,121.6308203,32.13501976,108.0368363
246,164,412.5509887,60.1678393,3096.096452
179,165,226.0457242,127.1966459,541.6823918
247,166,187.2315886,329.9208073,4016.500396
765,167,315.3813339,112.2623029,1211.992853
575,167,265.3431224,102.6841741,478.9785349
355,167,400.6480744,303.2171941,11343.91434
314,168,696.8194115,44.60610309,112.097833
236,168,405.4469996,40.27375542,82.61606369
1164,168,113.8159393,68.34677397,543.1898005
667,169,478.0267061,51.50233671,318.9055905
666,169,288.2770462,47.00908268,106.3531068
1028,169,295.7703961,35.54033475,148.1802493
379,170,491.0915698,112.7105609,341.6107444
226,171,250.2074962,29.27140567,208.6574201
1172,171,1128.16522,83.19428093,1673.716574
470,171,1297.333344,31.79507034,224.019209
1889,172,382.6730463,118.8376968,1113.243043
1461,172,91.61178266,81.57454398,954.7589955
1455,172,331.8277685,58.29220538,470.4131683
1739,173,313.8177829,35.32757319,174.7296962
1857,173,277.7654698,11.09037879,5.915746433
371,174,160.2042889,68.57125264,244.0497708
563,174,383.5351888,64.48539627,158.005263
554,174,347.1650289,57.20403272,432.4370027
395,175,418.7348423,34.2140135,69.33896271
230,175,358.9538853,80.84137741,613.9859582
533,175,224.1284404,171.6143522,3586.804189
335,176,226.0905621,72.78907299,352.7200466
474,176,553.213835,51.87642739,134.3708012
1150,176,138.8978377,24.29806613,16.63788542
976,176,338.0642436,45.11511526,97.06153172
1241,177,226.9515391,30.21757472,30.18861473
1145,177,796.2212338,24.15797462,57.45863337
1293,177,963.8684522,83.27453524,425.1801707
375,178,216.4492789,205.2606665,8333.467391
233,178,444.3495387,106.5129255,989.3001868
351,180,560.1996504,127.941639,2974.50236
247,180,309.6744128,67.97248382,1250.745348
260,180,424.7857158,227.7155624,2507.992657
757,181,347.4242163,140.3216835,1431.279451
1535,182,1064.48712,30.04906459,103.4568096
1269,182,376.1813593,100.9625204,942.7180943
262,182,845.7654619,59.77365568,2354.239358
1415,183,414.3223762,36.72634551,126.6914143
1070,183,628.8184826,111.8075195,2030.13754
902,183,875.0489531,59.308328,255.2894642
423,184,1283.383759,62.76023923,88.07678424
277,184,89.80652483,65.21525589,86.35365858
303,184,126.4427488,76.3285068,763.0483367
367,184,316.1996936,54.69865335,46.80731515
1043,185,655.7430854,76.29042715,630.1184065
760,185,228.6426132,69.84389808,1380.380308
720,185,306.871314,62.31943012,258.9200198
1404,186,309.1482962,67.78841953,207.5045304
1901,186,181.5482961,64.10195194,308.8816095
1491,186,214.0720687,67.18231222,715.7164554
1516,187,367.8769472,46.78338238,372.2166944
1711,187,188.8031216,50.46418735,354.869203
1552,187,209.4900167,84.45118429,667.5715751
1753,187,564.5887476,46.44520162,342.6967036
491,188,375.3729859,98.52351012,1310.500102
202,188,702.1567414,169.6763306,8923.731875
653,188,308.2651033,21.14124966,7.898767826
359,188,147.6764057,47.04955748,154.7217066
417,189,470.2261944,8.549361649,1.174252216
395,189,247.4479628,188.838157,2858.580039
1074,190,274.3328539,134.3291111,1949.187852
1004,190,395.6206195,94.10565166,1513.807619
200,190,403.1586695,37.06013627,104.5183437
1040,191,192.2118626,44.61248012,170.1273006
362,191,210.391956,27.92498571,61.14460315
865,191,235.9404691,76.25113575,548.5310987
1328,191,183.4428966,28.87663924,21.87663288
375,192,212.2909486,142.8249043,1884.861057
324,192,63.55659027,194.6574449,1620.819575
765,195,150.7319641,94.28596366,636.2842879
575,195,215.9538968,89.99648038,574.1700487
584,195,179.0095371,69.26070342,234.8479644
1682,196,99.16646842,30.75145894,165.3453285
1580,196,230.558335,18.04712172,32.68994138
951,197,129.9732715,24.56612276,48.07636749
1423,197,593.3162441,19.25127066,18.7638728
1415,197,591.9293834,72.8998031,316.816905
464,198,796.2967673,70.53318689,113.6927534
238,198,259.7371898,36.91243221,53.78568583
752,199,142.6018232,194.438697,1810.730678
868,199,302.0751983,134.3694133,1053.689321
720,199,565.3584255,63.23240889,414.6258849
776,199,218.695071,64.28968424,445.5214481
552,200,134.646908,65.6860625,273.9966052
454,201,1008.555635,75.84946836,211.7296749
1853,201,550.2045592,86.89945723,812.9431013
1713,201,1182.658842,130.3929179,1729.894741
1073,201,539.4160236,99.3608319,593.7114145
644,202,149.8594526,295.7921773,6550.338094
256,203,100.6051159,98.37752615,2744.491521
295,203,1062.645007,16.83308419,8.570713568
1204,204,1050.099938,37.39786012,270.3254072
857,204,609.8074011,78.29743405,569.321585
747,205,681.8958421,27.90338751,86.45671352
1268,205,187.0332182,52.09969651,752.3297455
529,206,626.8812743,218.6710073,49594.28236
375,206,535.196487,182.0702988,20035.4324
512,207,418.892414,227.2428414,2926.755943
1703,207,369.8359877,151.2415238,1436.640198
476,209,654.3082649,85.13883924,1261.832272
701,209,381.3283241,51.39566451,1038.79976
420,209,249.2360129,138.7885054,3458.027628
1414,210,276.8923422,12.3875721,8.452377184
1207,210,397.789706,40.96016125,38.25847246
1481,210,355.3244599,93.93204344,1229.204138
1056,211,396.3515444,89.07399412,928.334253
238,212,550.0465466,52.11272984,100.2154145
596,213,685.6646955,50.34302071,1744.044858
1001,213,561.7326431,21.70754931,22.05642313
344,214,331.0817861,116.5708156,1675.918194
1443,214,164.488574,24.62801614,74.86293956
1668,214,157.4163516,33.41715232,64.34485565
1839,215,65.64691401,34.61539879,231.6127122
1031,215,236.0345599,35.89335385,72.81971186
1875,215,266.7629033,83.54610817,279.6054206
518,216,233.8016437,31.60282496,38.20405796
243,217,277.7837356,159.8027949,11955.4955
269,217,330.4178154,99.97127911,1616.357682
347,217,1106.600826,22.73691404,11.31853582
373,218,692.1381772,60.90959078,535.6168659
822,218,306.8026256,63.32516214,363.3026495
1180,218,683.9834798,115.2922205,3332.558167
564,219,522.4413971,65.71897155,466.1599713
457,219,406.1391091,62.02016071,256.1374553
998,219,405.4469996,118.4038963,2601.74398
1823,219,362.5421336,150.4083184,1631.324203
363,220,292.6555522,53.14856298,364.7536818
325,221,297.9644774,106.4517167,1306.117413
725,222,362.6073537,51.86032941,168.8707684
274,222,196.7739341,56.21148184,288.1952287
398,222,416.0111819,62.96999934,383.6515017
485,222,290.8233659,48.00010183,190.1205605
567,223,455.0400788,45.04314145,143.7493096
1339,223,1292.936406,43.77070564,43.95682971
1014,224,276.9563468,31.28907462,72.72958579
874,224,504.7456495,35.73099346,64.86864884
329,225,225.8890994,49.735347,250.4647781
264,225,421.7383005,112.4298299,1214.202186
402,226,156.3548186,37.2384691,282.8797304
903,226,284.508718,43.29134569,461.6867565
1623,226,1234.234482,47.61685319,657.4600168
1044,227,67.1048322,11.05558784,8.202541181
1322,227,375.3284333,54.3738379,652.9490314
1609,228,1055.552618,63.48741298,155.1025003
807,228,494.4236049,40.45317731,43.12967746
1277,228,260.4852653,41.62413437,131.9161525
1185,228,366.6556595,53.8746252,151.0288505
509,229,221.7950418,14.56060026,28.06880374
868,230,259.5193221,129.3218197,1658.019801
752,230,202.1136228,153.5887603,3826.895202
871,231,588.2107767,38.59053689,164.3773091
934,231,306.0025953,39.11659293,248.0746992
418,231,193.8310893,50.23653666,856.5868048
969,231,365.0273145,76.17184756,1022.39082
1283,232,155.8463457,83.26893824,818.7986919
1145,232,422.1405494,71.6770267,190.0644224
1005,232,206.5600204,76.99368195,876.7651936
299,234,429.010321,60.13593244,364.0811888
521,235,491.4043861,72.43253234,615.4015933
684,236,445.697783,127.6796879,1602.347798
1508,236,624.9805001,54.13128555,128.3046498
1116,236,63.05385226,66.65515388,385.3861419
1320,237,53.08455433,34.986948,127.4826436
1105,237,465.079489,112.9424333,568.6004788
1290,237,176.3278725,44.41010062,201.7563412
423,238,384.3641556,56.39755074,61.3894234
712,239,273.2144727,42.00019042,46.05667449
1092,239,436.4114861,67.46978756,305.1727643
966,239,105.3428476,34.69172681,80.41534321
737,240,233.941464,69.57733774,480.2581276
1596,240,449.1910293,96.7180535,649.859456
1852,240,216.2887441,55.60597065,79.05592771
785,240,494.9364364,122.540725,1228.495211
1417,241,235.9404691,39.35298018,222.6197246
1143,241,597.9198269,49.08330633,274.2141683
1867,241,877.3222695,105.1725152,828.8854627
294,242,113.957383,67.89049051,477.2714342
482,242,267.9780642,54.30441162,216.526397
626,242,257.0011816,118.5759175,1169.008674
1039,243,391.2296547,381.1405667,20136.11588
282,243,346.78701,214.4830455,1975.596552
864,244,770.4082018,74.49122323,397.1948887
348,244,309.2503307,45.90758175,158.8933369
794,244,502.1111475,48.31944394,354.2078213
739,244,300.6841826,34.58076975,86.8925081
511,245,226.0905621,145.844001,4450.558885
1199,245,388.6469014,115.6123686,4260.147036
1133,245,351.1385161,193.6858604,5519.030103
268,246,172.2389552,103.8365485,1773.383179
576,247,345.7876087,85.21494201,538.982497
810,247,405.9579217,24.88022459,41.21509304
313,248,68.50174549,31.32850239,60.98287246
376,248,1259.065087,24.3681247,24.76906988
1076,249,179.7084974,33.77639542,398.3065696
880,249,385.5342511,25.72427312,87.37967536
860,250,268.654657,51.4459347,97.07895812
411,250,238.6672197,98.54661842,791.1118214
1310,250,186.3356176,104.2402305,943.8078733
307,251,195.8858017,266.4826855,2666.948829
317,252,198.6725851,40.36981457,144.4050757
470,252,232.116189,63.14270842,366.7164148
1015,252,264.0017055,41.78314659,65.70857774
497,252,330.0351497,27.27315,102.0055592
876,253,243.0296828,53.30912866,81.22631706
1392,253,366.6556595,35.60041207,132.7599021
858,254,666.8420956,28.97729311,68.49679613
481,254,117.7829497,23.95029145,106.8568929
1717,254,567.1874378,48.93569376,182.5355706
268,255,451.9024524,32.30140498,128.4194844
680,255,204.2516645,32.82406088,62.58133429
545,255,98.18900417,73.19433854,261.912215
822,256,408.0733968,455.2660657,57533.01305
836,257,198.5438166,59.51284747,1203.94373
962,257,173.2781747,47.55536653,177.1755382
1053,257,196.181938,22.23275425,35.63910569
1103,258,294.6685619,82.06310108,527.9350037
646,258,291.0831249,54.31427811,273.1725664
1247,258,560.0473473,101.6830917,1043.981127
324,259,465.5672047,48.88683534,108.755879
338,260,343.5423865,408.8446044,5944.441891
503,261,88.70577189,43.30729448,58.02099031
817,262,112.4717457,61.19722052,941.3509604
1426,262,275.0018723,32.4367567,337.1762587
1643,262,352.7862801,52.47072984,756.5986632
874,263,52.53905504,70.21324306,184.4661607
685,263,552.08201,29.6762707,136.3070807
401,264,209.1566914,105.3539696,849.9122501
433,264,224.9339936,144.7598197,2024.879234
1064,265,222.4971754,34.16965127,102.4667438
391,265,233.4363503,45.36960157,268.453081
551,265,194.8399982,133.0976187,8304.46534
1443,266,175.9906607,41.49591676,268.4253636
507,266,207.4714213,81.13985812,536.8332864
1093,266,189.4880062,98.20830291,301.1354861
1372,266,247.8195303,123.7882859,912.2938056
954,267,350.2059925,23.99191383,29.98994161
1837,267,168.8362632,49.86890645,746.0238996
652,267,908.4289056,37.58626733,134.2198272
394,268,487.6965485,38.23357908,131.649507
715,269,858.5732829,140.384636,1081.219018
707,270,964.9894002,49.76911025,275.715164
1156,270,119.3578063,76.6752882,1226.980661
1126,270,401.3222458,32.77642454,182.0501401
618,270,366.3525489,160.9927883,2327.214425
879,271,485.4980327,91.31237272,871.6157489
565,271,431.8556487,39.27321036,92.595492
1258,271,194.5120161,86.25204832,998.0842886
320,272,384.3382001,29.41224619,59.87198595
1472,273,309.7643485,42.40437843,67.38417235
364,274,146.9511223,37.54275516,276.5060944
717,274,228.0972339,46.88280103,143.2447539
709,274,100.7554867,32.01965518,73.50864245
1526,275,376.4096772,25.85050582,58.15749552
594,275,325.2346725,51.23501853,728.7811199
936,275,1027.354652,134.9874582,1619.281728
1201,276,470.6226902,58.92894114,76.84237729
541,276,140.0576135,31.13662662,134.9383105
1350,276,224.6265588,63.67226184,564.0800239
1029,278,421.9323369,35.94776744,49.86490578
768,278,302.557852,33.33975403,43.11919093
847,278,832.0641513,48.53041077,148.7068787
1050,278,590.29758,32.51004124,41.53942089
1842,279,789.598833,119.2192843,2847.760735
1569,279,207.4071355,33.98812171,189.4147074
1573,279,191.0871895,99.20998261,689.5233815
1266,279,171.0153683,41.54760833,353.6488404
1582,280,236.8384633,26.31101781,155.2021147
1080,280,569.6720827,30.488078,173.8971404
346,281,176.3519447,94.10255276,835.1035438
608,281,423.5021802,34.52142935,99.8625118
417,282,355.0584151,123.7088469,6644.965977
618,283,323.9710536,41.4051149,74.0060035
1025,283,623.444819,114.7081061,972.8581959
1115,284,540.0478393,27.90228661,92.88056336
601,284,467.2752251,29.47338811,28.95611737
448,284,319.5457936,44.56214186,163.3933452
673,285,931.4646503,30.97416914,108.4120581
338,286,549.7765404,318.5534202,3160.804548
593,287,641.9236199,38.98451921,55.5534613
420,287,737.9344877,102.6899158,528.7524977
1207,288,525.6174909,28.50299255,35.71800428
789,288,369.1700553,54.22961274,98.93081659
1402,288,200.0700202,30.56948815,25.2237151
1177,289,333.0035313,33.08918194,90.41110035
442,289,39.97393983,70.68439144,249.653308
1414,289,328.9953959,41.17797304,117.9450419
818,289,156.5678457,40.9725665,123.2927303
303,290,179.6202945,72.96585066,205.5655202
959,291,309.5487818,27.49802803,104.6218333
773,291,293.2852593,48.29053022,366.4721533
352,291,359.1506418,73.84129687,592.0785421
1740,292,458.1481365,63.739109,335.4774734
1548,292,436.5838356,67.064295,1337.449708
959,292,473.6901755,40.75698523,189.8484452
1648,293,509.629512,94.2391186,303.163048
1627,293,2285.848059,87.28622633,637.1200208
1257,293,332.0120067,26.86355357,34.58865112
1332,293,370.5602899,59.68143341,287.8724365
1161,294,235.4939053,163.3229956,1667.042285
544,294,313.4265779,237.9603809,5014.16294
801,296,333.0035313,41.31008738,128.8385495
942,297,225.4638964,63.4611031,446.7557001
991,297,270.1366188,30.60074092,149.2671287
1263,297,248.1534678,45.92080978,198.2762419
363,298,183.0073139,101.669102,501.3560992
337,298,243.9825856,61.68326535,81.5822156
1550,299,149.972783,115.7550043,713.8348176
674,300,211.9033815,51.22240015,275.4098984
749,300,623.1866319,64.35888834,277.2253563
1607,301,319.5457936,38.69688489,83.69829112
1334,301,458.1481365,60.38650334,373.3136697
1463,301,165.6644771,46.82575523,228.8696851
442,302,304.5300069,69.71568631,207.3089127
1411,302,80.09770767,72.63802542,464.73773
1195,302,301.6235329,11.43627532,4.152929484
390,303,363.934158,56.61218195,124.0663597
452,304,259.7371898,82.49821687,814.4529975
1036,304,39.81267684,111.3990622,4043.090542
784,304,512.2641865,58.51676933,537.377155
677,305,198.9224164,88.14289925,308.6418067
1820,305,163.3458078,24.29102564,47.41316435
1504,306,364.8012134,37.37778126,88.26393356
1757,306,315.8952014,63.26507781,205.1407896
1675,306,332.9671468,36.17808419,58.57866087
1841,306,262.0354496,61.74647493,257.4067681
644,307,506.4234417,205.2473962,742.4865554
334,308,246.0498051,37.84543868,82.36837452
868,308,112.4717457,80.11473946,546.8185302
815,309,240.9484857,64.274517,624.8448658
672,309,502.0930578,47.72832781,215.6771547
809,310,193.8731916,28.20273383,47.90552848
601,310,277.2412394,18.64174014,17.13024081
921,310,379.4436216,44.48564263,86.81721224
324,311,640.3378561,89.1468982,111.0048675
376,313,296.9386811,23.7786914,19.07466596
557,313,521.7516803,31.66855959,29.1475409
1254,314,285.1681367,91.11948478,570.9819062
1434,314,444.1879317,46.79408142,278.4133667
923,315,132.7687755,47.77827873,282.1224041
916,315,192.3210884,387.6129111,39105.7005
1091,315,365.2373645,57.87740864,248.3738666
379,316,178.4685047,159.3664607,417.1837367
1042,316,200.0120628,82.74641748,368.010351
720,317,914.1837157,53.9002868,305.2645897
760,317,693.0624025,74.29501992,315.4546372
641,317,468.7319331,57.45631412,125.5586638
1527,318,383.3429916,4.203645076,0.629325
1788,318,247.6208231,37.26619662,66.64952128
1408,318,284.2427263,28.28030937,29.28854997
1855,319,367.5642411,33.59861049,58.08663917
1437,319,484.4924959,30.30636588,91.18219657
1747,319,494.9364364,23.60792012,38.3989833
1781,320,234.1682854,18.6811005,15.35985664
347,321,188.032783,126.3528723,705.5256508
360,321,242.7171832,150.3824302,3892.409992
892,322,219.6289768,33.54929613,27.99507372
1144,322,119.9866129,37.6366149,93.24052773
1235,323,441.5596409,54.67602796,121.1907584
1278,323,464.6200432,28.27433353,19.96893609
398,326,85.36926859,77.8220131,236.0990043
339,326,40.1955532,104.0131437,451.9773283
1502,327,342.7623639,52.8887716,281.6829973
1508,327,388.4226488,49.7200631,342.0755338
1604,328,321.5269798,168.0305744,2634.288969
1007,328,470.6226902,19.66593074,33.32084126
342,329,153.1367922,36.02623419,76.24346197
1022,330,323.1423428,55.55371026,184.3644185
515,330,216.5947757,52.28524489,158.0387987
1036,330,312.9263622,43.07615437,91.18381587
1079,331,231.2503812,39.84083119,295.7385351
1436,331,266.3361724,79.05825433,1418.292083
443,331,289.8960949,60.57070428,521.6023171
1722,331,364.468426,66.00763416,657.8738529
1692,332,132.1916283,64.37630539,360.697141
1397,332,490.5255466,40.7965939,146.3726114
918,332,561.2759955,27.4539445,48.01566625
572,333,512.1917406,52.12796645,133.6115468
931,334,169.2053212,54.29056602,318.8585311
1198,335,702.9666312,51.31074716,503.019294
699,335,35.17514746,32.56499992,87.31121862
691,336,229.5704148,98.73712587,1174.079504
795,336,254.0327086,30.14336043,115.3330092
485,339,303.0450021,40.14389234,80.17069108
1055,340,461.9462637,91.3367671,836.2411424
803,340,362.0874831,55.23532951,329.3941275
1358,340,169.2053212,113.8926327,346.6497452
1679,340,367.5149852,49.21728191,635.5937948
972,341,288.5198866,31.02985435,118.3224117
1153,341,343.855049,88.84897321,1195.944411
412,342,271.4517207,64.04677907,177.9627776
605,343,561.5491197,24.79056288,37.63981392
798,343,266.4956245,45.4405709,114.5701415
875,343,211.3874654,42.48026203,274.4768004
645,344,175.8291427,76.94098954,822.368605
696,344,225.8981921,76.58690833,945.3997912
1465,345,69.5747415,53.73023203,134.4936914
1751,345,272.1732689,8.134385887,2.625172069
1441,345,291.4508707,31.43427942,26.29694785
635,346,224.5111459,182.3855654,1482.713185
384,347,360.5712309,47.81469885,156.6100971
1138,348,337.9165302,70.30729574,536.9370189
1162,348,678.214597,90.34011198,333.9956482
1102,348,395.8115907,54.20674164,596.2320098
795,349,517.6338569,18.78551657,55.36316905
949,349,547.1455093,75.59418591,449.3279048
1047,349,311.6035031,42.9025778,109.6924708
872,350,296.8561054,88.71460092,798.3914063
838,351,210.5720139,57.48573743,596.1827908
717,352,351.3492495,26.67625062,56.1453245
1158,353,364.6226101,58.81157766,354.8297709
1637,353,378.2537959,44.95907415,118.7819726
1493,353,160.0988055,29.10029678,88.29090455
1183,354,321.8918562,30.69546619,5.629357866
422,354,229.3955227,43.67116461,645.8310301
623,355,490.8955597,164.8113417,3286.037309
733,355,142.7582269,135.5902883,1269.83891
994,356,142.7871993,41.48374566,130.4267044
847,356,27.24439479,36.26135581,218.8371306
1832,357,378.0199534,49.59873583,142.8427109
1738,357,580.9071547,42.86937653,103.0257568
1239,358,216.4567285,104.1487641,456.0898669
1723,358,384.3641556,44.19917829,309.6007862
1657,358,248.8159216,13.92574925,6.971210867
608,359,414.9188463,71.49135262,1035.721744
406,360,255.3728071,92.95730364,899.4764357
997,361,161.5537713,47.5371877,151.0558446
582,361,238.4485683,95.49257286,1586.674141
1333,362,303.7401244,29.30629015,35.81271924
1343,362,623.0297404,72.83217551,364.6509428
1217,363,224.5953135,73.30667529,463.9170018
764,363,490.5255466,68.15050829,259.3393031
551,364,142.6925323,28.85770527,242.9621852
725,364,375.8547106,56.42316229,297.6264034
1438,365,175.0510587,43.27671748,157.8912221
726,365,192.5309698,58.99644687,159.9053794
1673,365,401.5531654,68.42568232,292.4273744
1613,365,478.3520148,32.93184162,56.71075763
719,366,136.409658,76.17406767,406.039927
1411,366,91.92910085,75.19687391,473.1730916
400,366,191.8857738,89.60343225,665.3618824
390,367,297.6242794,86.85561615,271.6616656
412,367,468.117835,77.37963728,417.6143104
987,368,192.806527,40.15689108,48.67949599
1742,369,139.0199589,34.08174792,81.35243412
1578,369,433.0777914,62.03636421,206.0401633
1710,369,279.4454997,89.93151587,809.1657034
1698,369,255.25075,41.89163704,150.2896164
1385,370,217.7648686,58.05305063,266.5394519
1660,370,883.1558153,38.08791062,69.8579785
1657,370,665.3374352,45.15126226,142.5948628
680,371,1278.074796,60.53998119,246.6317779
384,372,512.3204759,148.2619531,1916.772777
417,372,230.2660143,41.6413361,70.4444245
707,373,140.398656,104.921893,1694.143342
878,373,218.8597011,29.5495878,43.49228998
942,374,284.1048662,47.56975493,248.2669578
1263,374,290.2479704,64.47909572,99.55843382
1313,374,194.5120161,36.33922248,131.0020933
584,376,106.2880955,191.221379,4079.07164
431,377,416.2501855,43.525751,100.7871614
1454,377,180.4126342,40.92757728,143.5242954
853,378,365.2373645,84.37058774,419.2166653
1330,378,175.9195987,59.7281382,284.4364412
759,378,198.5985543,65.50602997,285.1514192
1350,378,199.1673978,68.93296275,204.3340746
488,380,479.7356302,44.84400297,113.7027439
515,380,129.9732715,40.85343038,85.20481167
1118,381,239.8968548,20.1034836,16.66978981
1647,381,353.7171055,37.54327614,93.424576
1790,381,583.4441876,66.15648279,199.4562453
926,382,359.5430798,62.28606663,800.6024664
1838,382,131.6088084,103.0165966,2004.411365
1510,382,169.087035,52.79096743,195.3181996
554,383,183.4471189,20.69571257,42.36850512
545,383,190.1381143,85.64181843,803.2662186
536,383,166.7717293,87.37566635,1501.14556
691,386,213.3143218,66.29977284,332.4138994
397,386,59.8680053,83.4955067,1671.02361
593,387,326.3905838,123.6592497,1500.802581
692,387,197.6261759,36.71093936,87.15566778
1418,388,387.465959,105.4473853,450.3337683
943,388,491.7983331,34.121869,50.9310623
1703,388,471.329341,38.54306956,46.39925133
1305,389,192.7918389,94.00308263,99.46362948
422,389,435.8298837,23.98900701,22.19721602
1320,389,359.7984005,29.23028641,11.38669407
614,391,170.884252,46.55387558,610.1050914
430,391,306.871314,142.1980269,2858.974089
1446,392,565.3584255,40.08543345,116.1680617
1798,392,569.6720827,23.0256116,16.0204557
730,393,311.2149282,39.04896782,76.90383397
1678,393,259.9764319,43.73315597,141.4115509
662,394,328.3305018,60.0333185,1119.342608
446,394,169.8605248,72.51233483,1623.088503
997,396,209.1443872,99.14477148,930.5333231
582,396,223.1740739,76.24416363,654.1711229
628,397,333.3012712,51.78952347,564.0036306
725,398,173.5197291,88.40812562,530.5923147
476,398,516.4972621,144.0164418,415.615791
1580,399,327.6628171,73.52208807,489.6528803
1619,399,509.5452933,76.20778314,333.1346631
1140,399,250.0881637,26.7858867,97.37190653
797,400,460.5331752,35.80418769,117.246245
1077,400,142.6018232,35.57132772,180.4332994
433,401,374.8065205,135.9926901,360.5572407
760,402,241.7852368,70.3655345,295.4030872
1051,403,373.1021372,19.16877182,66.18301443
1130,403,331.346377,135.7023771,2965.727889
1891,403,165.0925261,29.81295112,100.4786644
1005,404,524.3790054,65.1780167,155.7308361
1293,404,193.3238535,123.8447793,1246.387746
1717,404,267.19042,29.82500358,60.37839757
482,405,117.2556025,92.42382629,863.1727471
500,405,730.2875808,39.59585845,83.3694786
626,405,593.3136126,68.78509814,74.24660246
527,405,186.1432985,38.47162753,77.37801781
755,406,367.7027492,45.92990342,146.0035366
990,407,290.2760773,53.4255192,129.817121
591,407,421.7226665,51.30335709,171.0580405
501,407,267.6115036,49.46315414,108.2551231
1120,407,300.7351383,57.00465902,362.5072404
816,408,364.8012134,42.27574851,129.3832003
538,408,658.4608274,59.14576151,260.0005819
1163,408,619.2347922,69.55568145,217.4028638
620,409,311.8275242,29.06260553,11.27869782
1083,410,488.0512947,57.57746395,178.9360613
766,410,126.5451723,32.79113322,56.41969141
1165,411,242.316158,41.30578757,129.2658374
993,411,226.8988817,54.40866319,479.2150731
659,413,228.986509,68.20038428,727.6607819
704,413,219.7756159,45.60231228,91.09282688
903,413,345.1055575,124.8956124,1243.03927
1560,414,150.8525007,33.41990803,100.8452856
1524,414,153.1713089,84.58322829,644.5252606
932,414,211.4165834,34.35599195,119.7080397
863,415,219.6636563,47.63621938,49.85165465
571,415,271.007246,54.60099814,157.9276871
535,415,565.5537975,85.71007985,334.5295232
509,416,253.7318697,27.17246849,25.30501898
1835,416,356.8069472,30.56672321,21.25168337
617,416,292.6555522,18.37024827,17.16537
1210,418,506.8925873,74.20136135,388.2278731
779,418,1033.325213,38.98894571,184.2208838
1139,419,1125.188288,18.50707338,40.78844827
802,419,441.1701308,43.02705723,122.8132206
772,419,1710.720489,45.954869,155.945769
692,420,662.8742857,29.16890208,26.75479407
531,421,247.3664703,31.33358285,158.9501002
1517,421,1128.16522,41.02865597,88.52555211
1499,421,414.1344437,43.54112877,238.2483562
1034,421,316.353673,72.12045904,659.4964265
1431,422,448.4981114,4.719521186,1.002215374
523,422,432.8706539,44.6275906,315.9029906
910,424,109.0673339,96.59150666,4466.473904
1071,424,458.7979694,156.7001857,5698.240476
623,424,351.9118393,462.1599289,53979.36933
1766,425,363.8910957,46.79086276,378.1003288
588,425,553.4677936,54.01223414,199.8541791
1563,425,265.6652349,100.8716149,1453.378584
1166,425,436.4114861,93.62044796,868.5562001
1823,426,277.2412394,120.4441785,733.0866022
1792,426,464.2773981,55.90434043,123.8149823
1875,427,925.2190875,52.94225155,476.1303686
1056,427,397.9340822,112.6458116,1304.303516
537,428,157.8530021,43.70196958,253.435566
1108,428,675.6650836,45.61384548,422.8841299
864,428,363.640878,50.09690577,298.2538432
948,428,521.3567152,44.16904244,103.718938
716,429,99.25144125,120.2368971,1178.551308
872,429,273.2753307,43.11539649,177.39803
765,430,245.1370777,71.55622211,427.7383939
1386,431,154.6465621,49.79865924,235.5915525
831,431,228.0938735,40.89032017,80.0296461
459,431,225.70321,44.2730623,128.1696823
832,432,267.0575518,34.96253305,169.0529972
1117,432,267.2583303,30.581878,21.9895882
1071,434,550.4416999,293.3264138,14901.87996
812,434,33.5412434,117.5533911,1920.332676
650,434,216.4492789,68.44878716,607.5004699
805,434,509.5934374,91.63457482,2050.864248
1736,435,78.80695507,37.64395735,176.994496
1677,435,613.4618001,47.25566173,49.17682086
1828,435,169.2628635,21.25624951,12.50681636
1307,436,394.2664607,18.10029899,23.76385233
1809,436,343.7570411,59.91163727,76.11626694
1773,436,255.3599632,55.40354572,326.5780291
545,437,322.6038876,37.43169347,114.053336
671,437,243.8332702,23.64863918,60.35258376
1240,438,295.6367042,55.14009284,1783.75588
465,438,218.825391,20.90401544,163.4367583
1011,438,188.9808136,32.5996637,369.8735771
830,439,653.154712,103.2300256,565.1070174
837,439,1297.333344,34.299913,206.7102466
1011,439,416.7287928,39.35387131,183.6923325
458,440,291.4508707,171.3934524,1814.66442
1484,441,518.7394218,67.69330541,212.3614836
964,441,252.4825789,43.58723523,292.3985413
1514,441,705.3001686,48.2995124,101.8377148
1523,441,428.2885069,58.23654748,390.1009273
1084,442,291.246986,10.6078712,2.786548422
1050,443,482.5098221,22.6272475,13.46869419
605,443,178.4684952,31.56003871,44.66331923
1572,444,207.212196,43.22227224,189.3898492
1800,444,308.2528451,91.80714911,939.7130719
1065,444,243.8332702,28.25594609,36.10842795
1705,445,281.3872696,36.09056676,31.42706147
1504,445,360.8360859,39.30799242,26.7677226
1272,445,525.5226886,34.55432612,52.11865503
1675,445,240.68207,34.44984121,27.41635018
1663,446,161.5078242,36.85197055,278.4817479
1450,446,164.7646902,10.50478879,17.11902081
1114,447,318.9586978,37.62469718,245.4924969
1168,447,464.9588651,80.99221095,2005.570926
699,447,255.5746297,32.59014612,191.4719248
836,447,162.1233455,61.3705575,333.9500998
555,447,171.0089466,100.5966778,2289.732979
1026,448,378.0199534,31.32997186,67.65961307
1288,448,132.9276698,30.64431467,38.25828368
1223,448,245.5339831,27.64797148,32.6748609
629,449,531.8086827,254.4003608,4199.159425
512,449,668.6211778,30.45932591,110.5987177
1445,450,419.1587525,40.18249359,93.39943499
758,450,270.0120595,52.46405716,426.688983
1218,450,157.0425144,65.61988745,312.9771364
1407,451,206.7078728,42.22833146,292.0753154
1265,451,133.0660216,28.96235733,61.18030579
1021,451,225.8981921,69.81206538,217.2165615
854,452,331.8277685,82.33614548,1667.046304
542,452,263.5666066,55.2212908,578.853283
705,453,240.2172069,23.18639321,61.42440561
1726,453,273.5881396,91.33420717,576.123603
995,453,515.1667446,26.6366267,47.11631936
1389,454,259.4707753,51.18459799,232.2313024
1373,454,575.2355721,97.39630609,813.6224048
1534,454,290.8620661,118.0796073,1308.555257
536,455,506.8925873,27.37613329,49.14769157
941,456,129.3977951,194.2548795,4124.311572
555,456,353.8926153,146.3432141,2535.427594
1732,456,132.6995449,75.67401374,377.8766201
799,456,310.5509927,166.996519,2962.277593
1229,457,365.0273145,62.8928594,440.405298
1061,457,431.8556487,35.51688638,156.6858532
781,458,133.4223073,220.7927831,750.2610157
665,458,203.862154,137.230887,1618.730023
1454,459,213.9600738,42.82487612,110.0358359
1541,459,282.5114686,37.92316901,142.3169375
1153,460,236.2037848,50.44201166,730.4936976
1335,460,363.0218572,259.647038,11051.92316
468,460,183.9708818,134.8319534,1161.311238
1641,461,211.6694912,167.9261124,3404.793691
669,461,273.3032235,58.3822276,258.306193
1118,462,325.6817751,60.05389913,479.4218958
1336,462,366.0146793,97.83745734,798.4190771
1388,462,175.0677146,79.772684,792.9163547
1296,462,2499.055757,28.66422067,111.7172993
778,463,444.3495387,94.83498654,1011.296419
1805,463,615.6853378,58.12889358,189.590957
730,463,373.9964236,60.81292857,226.6918837
877,463,185.2001801,39.06768176,155.7258497
698,464,235.0038754,84.04884831,202.0547497
608,464,294.5838901,38.31399345,22.25787932
830,465,263.7923888,38.13062063,92.57760945
1241,466,558.2127839,52.14002445,102.7140772
700,466,641.9236199,18.48194297,10.4224318
476,467,363.9178076,32.15899879,58.16723931
1685,468,373.465262,45.73534631,199.0560687
1700,468,293.9807589,41.65408806,66.15686772
1391,469,178.9006734,54.44610579,173.1242507
703,469,352.0180966,101.1620212,563.094324
923,469,214.9886571,105.0982888,1194.752548
760,470,219.6289768,56.016048,603.4607797
987,470,151.6435643,35.81087945,112.321486
1891,471,287.0060595,77.95646627,430.8205118
1782,471,579.0514479,20.6700329,31.12877859
1669,472,236.6580219,93.96158757,1504.363736
1369,472,687.8360725,66.83834166,484.5051644
1561,472,556.9343313,69.63210548,1457.952787
617,473,628.6257362,28.28838324,11.36396874
518,473,222.4742108,26.66378016,32.22185362
1198,474,375.1184116,47.52302271,94.87553077
1096,475,362.332511,77.42518638,219.7661009
724,475,265.3601771,72.30423454,1304.448758
1205,475,199.5338827,39.98597892,281.4000586
1515,477,408.0733968,59.31493645,258.4407002
1746,477,203.7975913,23.22450977,78.46577933
1408,477,145.3780304,83.76687234,283.2072482
922,477,360.4333489,47.01203748,176.8026611
513,477,213.0852745,80.44485623,797.470074
979,478,412.4430027,28.93249463,130.2095946
1387,478,254.9241698,40.37184773,144.0181562
685,478,158.4023268,33.27108016,52.97499555
945,479,132.9276698,67.6184694,1393.364037
966,479,236.2037848,57.19751261,193.6311184
819,479,461.3054735,8.637515732,2.682611241
1047,481,493.8019149,45.29575378,184.5857066
1570,481,377.9841447,96.60435382,1041.674095
653,482,240.9484857,115.035755,1223.819791
969,483,480.9057184,74.87762315,824.2024025
928,484,946.4150827,20.76637272,25.67327561
963,484,832.0641513,105.8598522,566.9752408
709,485,297.4371296,57.07235014,696.8781013
1274,486,775.0086228,36.98347971,116.8872231
593,486,422.4853881,110.4463147,1287.460264
1159,487,623.1272975,37.82080313,226.129904
1591,487,194.6769792,181.624745,2067.64963
1243,487,170.1116038,24.56874309,88.48273628
916,487,291.0021815,88.01510499,207.9694107
596,488,609.2264249,68.08062216,530.0844704
1022,488,444.3221833,38.21633198,58.1555796
1706,489,320.1338172,42.86961403,122.5160043
1009,489,564.5744045,90.09764454,347.8617266
1602,489,340.1581551,57.18935739,380.4026257
1016,489,388.872583,34.02051573,141.6269664
1716,490,201.4251449,33.82391135,120.8129209
982,490,296.1030508,52.21570479,493.9516385
1257,490,293.1300936,6.401871371,2.134839491
671,491,417.5756659,44.62693864,508.0214325
581,491,106.2880955,27.42340022,103.3506815
502,493,436.6823745,36.97034935,72.40493126
1089,493,313.2438909,86.75993491,424.3834026
748,493,889.3523211,84.80136773,491.119998
530,494,570.5966595,129.9619503,1378.377481
665,494,847.3250267,120.1480397,3441.568251
1299,495,1073.645512,136.4017918,4163.230949
1279,495,313.437054,88.52538726,1047.078013
1274,495,330.3006646,48.38890928,473.4770107
1366,495,265.523103,97.96768864,1577.106052
1402,496,471.8861878,73.5053502,438.055277
818,496,348.0515964,50.30201075,369.9544564
622,496,213.0852745,41.83620294,281.4494338
667,496,378.0341955,39.80002407,286.907859
641,497,245.5339831,47.06850067,171.7912424
1092,497,216.5569085,41.96782624,76.38785746
712,497,192.8683508,27.93025828,163.6213898
1786,498,308.8625764,50.1265966,850.5618782
897,498,261.7396422,9.673526163,15.93935075
861,498,213.477024,223.7191196,5584.605392
1825,499,296.8924869,64.11263905,457.2333863
835,499,166.3330078,21.93195943,42.80245869
722,499,446.302781,24.56493133,59.51091991
1737,499,338.5388773,64.54456383,551.2811029
627,501,675.6650836,40.12420569,137.6040207
885,501,407.1407467,110.4368761,1031.730869
547,502,505.3501363,166.1633571,4102.926728
1068,502,668.3247262,78.67407053,1653.504768
1139,502,114.5981634,44.2440519,69.02701733
602,503,209.4380693,22.4249821,58.62734866
1248,504,494.4690868,57.43332155,96.63183289
1194,504,97.04557151,50.70113728,141.2002808
1182,504,616.3124407,76.16654953,520.1980528
759,505,844.7026092,25.36500159,27.79676185
694,505,246.2823304,53.91145089,178.8387472
826,506,808.8014416,44.07146558,108.02808
623,506,126.4330825,136.0947533,2462.439082
552,507,641.3544503,42.72468287,160.7735403
1214,507,573.0752289,5.753736841,1.503059369
1549,508,1259.065087,31.72572773,111.6045034
1094,508,119.7730366,83.83250419,503.9554768
1787,508,134.6960658,64.37115679,332.8976529
731,510,461.9066001,41.73721563,104.6452741
843,510,228.3722807,166.1114588,10197.22986
893,511,293.0218828,26.15974304,202.6267551
565,511,244.3404887,194.2368688,10177.02598
691,511,160.2111162,74.55105294,507.3393432
647,512,132.6995449,167.7493314,5893.458739
1236,513,388.872583,56.35317437,334.7982669
1520,513,297.4541047,23.27336754,80.44536057
1457,513,723.4211976,27.75732842,97.41076935
1249,514,131.1495224,43.22178266,111.2852729
1270,514,369.4097262,34.50794556,95.37263041
604,514,475.0766387,21.99276787,14.02911985
1098,514,348.1679614,51.23275089,47.04819454
1099,515,415.7874044,50.43825749,94.50278848
1860,516,315.0380857,71.91016243,675.9513026
1791,517,360.5712309,84.80297292,996.5881045
1003,517,454.6575978,74.11378041,1081.397877
562,517,746.6731035,45.29620998,691.3470558
1312,517,291.640521,70.44277721,471.5416001
689,518,310.7910098,36.56697907,54.90236985
671,518,42.90143123,46.52972809,81.80036014
1132,519,321.8918562,66.87159361,570.1167105
591,519,476.1285209,67.46198532,656.3978783
990,519,445.700541,49.33901447,350.4587281
851,520,261.4719247,274.6596692,13265.27238
547,520,455.0742964,107.375039,798.7417832
756,520,271.007246,200.7102318,3181.81745
942,520,181.324511,136.0417443,5735.997678
602,521,290.3158797,122.1141855,765.4274746
750,522,241.6442947,34.05294948,48.31096527
1355,522,266.3361724,44.30440234,142.1064021
1146,522,260.1592847,67.65081187,372.3433229
1320,523,304.8073555,45.27851894,323.6369512
1146,523,416.7287928,52.2889635,159.8074484
1153,523,310.2824611,54.95009351,468.9395016
938,524,209.1566914,70.04231006,491.2701742
632,524,162.243029,71.4451821,845.6059053
1641,524,156.4262643,64.8261935,947.7692942
1766,525,63.55659027,47.18176364,306.5598586
1884,525,218.3823809,103.9743646,531.04492
562,526,756.1053196,19.84489669,36.20282906
1459,526,318.7366277,58.53429945,344.867308
1373,526,157.4163516,26.65014569,131.1994303
1126,528,93.0879467,44.7651564,33.45916977
636,528,349.0634894,32.2092774,54.89011591
899,528,476.1285209,59.90902171,364.8665456
851,529,235.2999851,112.6836433,1382.834559
1151,529,402.4812684,73.40468517,1781.063057
674,530,434.4642783,158.9051376,5218.533787
647,530,240.3174388,92.79754326,982.191317
1370,531,232.05714,54.08588026,309.5124998
1176,531,85.36926859,44.18302536,386.3318973
577,532,157.553437,16.72482825,9.692469481
825,532,325.171265,23.09693537,14.20071327
1249,532,271.3491026,31.06467206,39.15286114
752,533,249.9088715,91.46374754,1067.354058
840,533,270.0120595,90.84934081,262.8041338
1276,534,150.9818112,32.48576154,64.56114254
1816,534,275.7908357,36.85609282,210.9982162
1772,534,39.81267684,32.18770072,226.7392714
1357,535,520.6072071,47.84236828,29.24063254
899,537,371.0090891,37.39879335,157.8090515
636,537,78.80695507,87.23888787,593.6272297
1138,537,308.857987,49.50964523,494.6027907
556,538,431.0930951,40.2474565,73.77286073
991,538,343.7570411,81.03741727,389.5484712
1298,538,389.6741548,51.71193967,97.02112947
611,539,228.4788358,33.98688124,88.64817723
656,539,308.7220713,33.48539374,21.88997036
1625,540,242.316158,37.21363803,124.7958401
880,540,250.1123158,117.1599139,1003.199685
1577,540,212.8187239,16.96734935,7.796395145
685,541,302.0751983,23.91694906,57.97997809
613,541,194.4876167,52.42091384,654.1194158
952,542,272.0009025,65.1082844,201.2030159
784,542,196.9410506,88.01183039,964.8639049
1860,543,126.15615,47.94487382,129.4638601
1420,543,209.1443872,45.28258597,186.0096577
1866,543,237.1350352,31.28816454,416.4128804
1889,543,153.6166738,91.94282276,874.4591941
1357,544,255.5746297,137.953308,2040.092792
989,544,432.7638555,57.20631096,371.3218449
1875,544,178.1734333,169.3637916,1389.539785
689,545,268.0395683,75.28764657,665.0054598
731,546,521.7516803,103.9213035,628.4481895
1168,546,746.6731035,4.628379108,0.892088464
1114,546,269.7031656,103.4713243,1482.55158
1075,547,597.9198269,93.36150932,1266.838379
575,548,311.7984745,35.51177218,50.84349344
683,548,260.5056325,31.80413356,35.73569558
1635,549,87.8722986,45.20389911,157.5330591
1804,549,163.8579231,41.8036043,262.6220857
1505,549,226.9515391,92.36624703,758.0839813
1382,549,226.8988817,103.6848342,1117.213747
1399,550,231.0326626,45.03922097,184.8151489
1141,550,278.4021645,34.01973539,28.54319843
560,551,353.2450586,67.26667321,988.5556057
1008,551,431.2349607,33.59977745,222.5153988
1351,552,134.6960658,27.31565469,339.1194846
1443,552,673.5888892,40.85431728,335.4047365
1823,553,89.98096423,113.0413062,948.3494302
1615,553,173.320963,241.5000136,1696.732728
680,554,127.8212461,83.60855318,186.4025465
1263,556,190.465174,20.9525739,42.40973716
1318,556,205.3293807,34.92050623,73.80394263
816,556,338.2452817,49.7193889,129.6594684
741,557,329.2418329,29.52612103,32.70252002
1116,558,373.2936321,48.5601206,213.0438317
1508,558,131.6088084,66.92414047,281.8527685
1589,558,203.7975913,28.33022147,68.74746259
1655,558,352.9601232,65.34912785,455.8690192
1231,559,371.4615824,43.49449488,188.5120485
909,559,363.640878,51.71611431,419.1436542
568,559,308.6322849,68.30511723,262.4257435
1001,560,179.7670643,42.98573956,147.2871125
668,560,173.320963,22.01601729,35.87519148
1683,561,212.5972994,58.33782763,332.7619217
1824,561,220.9492292,33.98513701,193.2394402
1677,561,452.5730792,34.79459121,52.71305598
1389,562,489.8710869,68.43259103,881.5056061
1291,564,301.4289481,30.04377637,133.4894659
708,565,364.7385995,98.69358557,2136.580549
1274,566,191.1436769,70.95947122,519.0301818
978,566,351.0632951,53.67055457,766.3829862
749,567,579.0514479,93.54008148,905.7007002
1463,567,158.9866846,73.46557593,234.6325503
1667,567,575.4347967,60.29977692,195.2909511
1183,568,182.4279611,60.58306068,464.5229228
767,568,1182.658842,67.35726278,165.0212116
650,569,858.5732829,47.02156761,124.9058374
945,569,273.5881396,58.78569917,214.7906968
805,569,217.7158719,96.37211552,1171.084497
606,570,525.5226886,37.10510667,190.3313453
1714,570,306.0372569,27.80744848,49.28942995
1868,570,332.2770811,42.44113996,222.2089525
1221,571,309.2799252,34.33971675,30.34049014
1357,571,472.1895863,114.6677009,503.4931865
1011,573,303.7401244,103.7515515,894.2273167
1348,573,322.2312508,103.2812449,800.808401
1060,573,181.2781944,28.70457489,100.4332124
1019,574,211.4165834,18.82811902,26.50721998
943,576,380.3083831,159.9410465,4364.159952
1213,577,78.45539329,31.46659413,22.19572086
1049,577,310.9380791,40.98190473,107.1048182
668,578,297.2870218,31.36382167,52.97476214
728,578,64.18869342,45.36034217,83.14132748
1620,579,257.4093228,21.58522511,21.21576692
1380,579,346.8276777,74.36326544,113.5755559
1602,579,580.2083918,32.53444215,71.31121673
926,580,352.0180966,87.15378267,659.0898655
1847,580,182.7565812,62.0339493,524.6069189
1397,580,311.2149282,67.85837389,932.6009376
1507,580,430.0905982,59.71401127,348.9496816
653,581,393.1233908,136.9483363,1500.231384
609,582,136.0172764,39.87210986,165.3972703
1228,582,181.324511,60.00649099,342.9091788
1187,583,547.5176035,46.39273599,80.90588607
1235,583,399.819279,36.53167288,87.14900594
1278,583,706.9015351,58.37443669,142.9912704
683,584,1664.859868,100.1696001,1031.794102
1062,585,315.986651,58.18563233,311.5898294
957,585,193.0036362,45.82698531,275.7379174
1128,585,271.236828,85.30615599,531.996192
1383,586,158.4659146,21.72675277,10.86730401
937,586,199.7437476,85.12043796,460.2432932
1367,586,142.3240728,120.2850774,2076.736821
1392,587,180.7566584,46.70599308,63.05644171
768,587,226.6451581,11.98229339,8.28143584
624,588,307.0681031,38.2428652,86.9520828
1291,588,233.4373266,72.9772514,700.7416323
1795,589,178.2929619,142.5472238,746.1743001
670,589,326.6158913,26.41273175,30.93583029
954,589,223.661327,32.24252099,21.36403135
1239,589,171.0052479,123.4678579,368.1049479
627,591,148.8402194,54.10593548,447.2094595
935,592,235.2999851,44.70195895,88.47716828
716,592,478.1998569,122.7817879,820.4633213
630,594,419.2282833,48.2038698,221.0574567
1349,594,436.1160175,104.9832893,1269.393075
1679,594,381.3283241,220.7494003,2841.102817
694,595,229.4301945,58.67696166,363.4207784
1350,595,209.0161457,73.36671258,1224.58905
965,595,320.9529957,37.57413846,279.9201623
945,596,244.8029721,255.4800665,20070.80686
994,596,338.1936844,66.91122831,144.1899933
1790,597,190.3644855,22.38260739,23.45693882
1474,598,290.2479704,109.2793827,850.5679789
1877,598,182.7565812,43.24477194,49.74772257
1669,598,325.6090627,60.85947275,147.3050734
1173,598,561.2759955,72.04514824,280.4267481
723,600,407.1407467,80.3228077,914.1558666
1288,601,401.5502994,40.688823,42.67945516
1676,603,360.9261362,51.03152103,198.3077994
1122,603,273.2753307,32.70614135,70.85238066
1325,604,245.983783,34.87657903,11.98179623
1295,604,359.9666165,30.00076375,19.42411412
867,604,228.5793319,46.23892844,124.6463896
1050,605,360.0314543,20.84022736,19.1440256
1190,606,461.692006,23.74354803,24.52062011
988,606,37.16157929,76.24529993,275.3710813
1023,606,215.6588456,44.95755837,116.1983189
1149,607,417.5756659,115.3555576,1702.172727
1017,607,338.3261344,36.67741307,42.38638596
1131,607,436.3894861,28.04486817,78.26893873
1827,607,274.4955191,83.47252869,1500.311445
787,609,116.4536333,105.1346965,1052.833691
1004,609,226.733857,23.95745446,61.4649521
1323,610,392.6668864,40.56395384,178.1505804
1353,610,229.5751436,35.56947676,760.8511184
1157,610,120.9532605,52.17581995,1854.799665
620,611,169.087035,44.38433718,108.5226638
1170,612,145.3780304,42.31315925,132.9198755
1128,612,468.9801651,32.13598387,160.8720118
950,612,465.7265379,54.67009652,204.2711213
1387,613,446.6209014,73.3693745,169.8582469
1237,613,840.7492009,49.8061975,154.5218518
896,614,193.46244,20.89200856,63.68840422
784,614,377.3276336,92.8949679,1214.616189
1388,615,250.4579211,60.5022251,385.7928754
1412,615,146.3248441,56.40271361,126.5419418
1857,616,147.5826488,96.35023133,958.6682537
1337,616,1250.137312,40.34619896,95.58191773
1342,616,206.3071156,46.63561357,184.1691037
968,616,157.8530021,63.10983863,292.8106906
689,617,464.9588651,47.58086513,93.43175173
1107,617,405.4376708,33.92067404,43.75722718
878,618,736.0948352,19.70528581,49.05382394
1121,619,220.944462,115.8447957,1223.37978
837,619,144.1296845,88.77465671,597.5472204
724,619,237.1350352,85.64302954,1042.967849
701,620,182.0563059,57.57131895,121.9978421
1637,621,215.3147626,44.96811054,42.66523457
824,621,226.564955,86.91175821,483.0318766
804,622,172.0416514,61.66591153,600.3011343
930,622,217.4732705,70.6082915,1407.631281
1766,624,381.8613171,47.38559311,115.3719826
1773,625,311.5380371,52.42670498,334.2287514
1681,625,157.553437,76.73259193,233.4883335
1821,625,133.277791,76.32264689,612.625285
1067,627,255.1288461,40.38153437,318.3386872
1033,627,209.3926731,30.15638272,45.92931485
1308,628,666.8420956,31.15969833,78.2594442
1133,628,218.4487002,17.24351525,17.4569243
665,629,333.3665883,39.47970909,104.5994372
647,629,230.3455076,31.54886223,106.9132898
675,630,224.0087819,164.6725497,755.6337272
1460,630,355.1349344,18.51045055,28.16394213
1070,631,195.6758962,36.29183661,73.9167977
902,631,99.50670832,95.86356458,763.2613139
1135,631,65.5562048,31.9229009,71.39405572
677,632,319.3018043,81.59367527,464.2173746
904,633,326.9525347,50.10218344,138.971597
862,633,350.1370834,36.10734933,105.3722431
1533,633,192.1393817,34.56620421,105.0404211
651,633,79.61011847,40.7677118,289.8392972
821,634,43.10862155,45.66119497,56.18491775
1725,634,534.2055542,45.94158913,218.8322942
786,634,470.3230375,82.66204897,544.7968229
808,636,355.8332463,47.37110047,35.24204525
756,637,232.2351497,68.13859423,572.3088922
1343,637,437.604509,75.83577842,366.0529893
1217,637,516.4972621,271.547111,3877.554342
717,638,140.0193622,47.30873578,256.1380002
1478,638,247.2161626,50.25348335,166.1374154
709,638,233.370582,49.14652493,139.0923399
1013,639,127.6770045,41.15139689,113.8563216
929,639,349.507551,65.73515198,232.6184172
1378,639,478.1998569,35.67710935,109.9286392
1406,639,272.4641234,40.83803678,116.3922174
825,640,443.2576751,37.99811941,275.7863745
1249,640,174.798879,24.63896165,10.56307963
1270,640,406.1750909,36.73303583,211.818059
855,642,964.9894002,42.60486868,47.36257748
1341,642,190.9435949,45.61752065,168.8564444
1446,642,297.880416,30.64583048,102.3981591
1890,642,573.0878425,117.6961235,1552.087542
849,643,177.4167256,63.79352044,495.6486453
1654,643,224.9339936,30.63002692,92.07575858
1053,645,260.5781451,72.79505605,556.3113759
1234,645,54.45037656,111.0509772,2015.142507
1205,646,389.0097565,42.34663959,326.9616103
1103,646,337.9165302,74.26082136,237.4441531
1418,647,185.8481412,241.3122418,4515.000883
929,648,173.7443974,47.15241738,85.92551713
1309,648,322.5496574,35.94963002,149.4677155
1406,648,401.2949579,62.97544258,388.9433994
710,648,419.2282833,45.35059347,30.55831265
1255,649,230.4845608,93.32976325,562.1880871
1363,649,401.7579184,40.46576187,44.27309463
937,649,210.06636,36.42993139,62.32561394
695,650,543.9867244,89.52484295,1420.717879
945,650,139.768161,96.17367589,2014.599645
841,651,365.3021892,12.67461949,17.03081299
1560,651,655.5253337,40.40053849,87.95574098
1579,652,359.0602097,27.85055251,97.39540467
1642,652,436.2835308,35.06953011,57.14378815
1444,652,179.6871226,60.84669827,162.8063076
948,654,229.3277673,54.54192738,209.0525068
983,654,272.1220643,38.19337214,51.72380769
1222,654,153.6166738,24.57344957,34.34049508
1181,655,87.70236731,75.4017758,533.8410958
1532,657,213.477024,69.59852118,329.3977197
766,657,273.1481969,46.73552941,74.49122204
1189,658,373.9026531,51.01671408,124.7141013
881,658,168.1160787,104.2701489,1230.370383
931,659,222.4971754,42.92291118,185.4401659
1043,659,246.8908187,51.79249197,155.7959223
1712,660,202.8528379,38.789493,124.7872788
1752,660,133.4917396,43.22129644,213.0662077
1405,661,327.9089221,45.50907682,263.9134977
1627,661,309.8606787,19.94442563,21.53624054
1639,662,183.9754773,52.91865869,277.1577147
1150,663,188.1125543,18.24971469,9.495672845
920,663,206.0965752,40.10717319,158.065563
1095,663,285.6313402,80.14598096,141.4408332
682,664,592.1280878,34.95970437,61.71606225
1054,664,136.6603375,57.04476348,189.9163949
817,666,125.4311527,50.60188311,65.98852934
930,667,90.72935611,53.05980801,487.9430428
833,668,288.4706731,47.95735654,65.566111
791,668,617.9361295,57.24522484,257.4759713
1124,669,593.3136126,95.49234597,481.1826089
1125,670,526.9643699,67.46048956,220.5403348
1369,670,142.7229606,41.89962237,253.5698089
1621,670,344.4107303,122.9318742,905.5511464
1186,672,144.3851658,55.55713621,266.9859179
771,672,437.0810983,46.81229857,165.1115724
723,672,109.266746,47.45146818,115.6961831
823,673,335.3831085,8.821863919,4.144275646
692,674,124.232046,53.47081025,223.6086126
1366,675,271.1658856,134.6280866,402.9038384
1670,675,425.7217866,105.1244319,773.6662398
1511,675,281.387117,115.4147134,1182.978584
1063,676,403.6988235,77.49372402,458.2594938
1681,676,215.2489947,107.1685241,1565.303442
1159,676,407.188637,43.04480823,134.6107278
1275,676,349.5513005,68.76743752,313.4058319
1629,677,77.06165691,38.99895815,86.94136097
1720,678,224.102953,23.73685591,79.95901237
1893,678,238.0516,47.00108788,204.6567053
1686,678,331.680824,60.43999788,533.1867073
1747,679,304.1354992,76.90589905,441.8865355
1817,679,289.8960949,181.2251081,3324.796924
864,681,219.5580875,37.90569928,157.2085472
948,681,231.3100941,39.81950417,84.68020826
739,681,222.6732767,82.56935419,189.4521077
983,681,100.7554867,61.32208845,708.9163512
1303,682,227.0197702,58.51172464,260.7574998
879,682,520.8336374,41.42162426,131.6385409
1253,682,102.5726045,56.22778853,445.5945292
757,683,177.4167256,95.97956723,232.7868185
1502,684,340.4914895,73.18629583,318.5651604
910,686,380.3083831,64.98869409,510.7852649
736,686,401.5502994,82.22614538,896.1640769
1065,687,125.9860167,91.92477514,1978.20671
1774,687,300.5571136,39.37477984,379.2710227
1440,687,468.117835,58.54799516,1719.859124
1870,687,310.9380791,85.53430638,477.3571263
754,688,327.9089221,31.64523309,155.0232776
1795,688,624.0356267,26.9011376,52.12385491
1125,688,619.1076603,59.15133737,300.2995787
747,690,157.0425144,71.12296292,594.2327237
707,690,366.1637996,82.88933955,1041.128312
1132,690,188.0975574,67.36269181,336.6830736
1128,693,379.0605032,78.76617421,842.7784357
1454,693,397.8612813,38.12355711,192.4250417
1538,693,228.9557312,53.94388783,142.5728919
832,694,56.73875603,17.61247058,42.91380258
812,695,527.2409087,91.85019111,1031.821563
712,695,418.6414886,84.38162346,914.4875581
1659,696,135.8142701,48.09486526,237.3952197
1671,696,394.6998468,100.1833478,823.7185344
1639,697,450.5168961,20.24560716,9.152999901
1456,697,613.4618001,19.82567896,17.18536406
800,697,147.115181,24.00612384,22.63899913
1875,698,83.70083354,120.6410006,230.4090241
976,699,160.2042889,82.9321623,705.0314318
1293,700,293.0218828,26.43470236,28.87649706
858,700,79.84547441,3.081051412,0.203139703
1463,702,105.0625162,38.35860808,89.70226664
1334,702,218.825391,44.80621548,572.5276762
1544,702,252.2814082,37.30339284,236.9243123
1285,703,377.3852395,55.08669063,327.6679224
1403,703,199.471172,88.42636143,606.2172111
1189,703,73.45162392,21.85200151,33.23852709
941,704,113.9476218,255.1378389,5822.893353
1732,704,561.5491197,110.5321429,416.8523121
1887,705,174.8263326,38.81250204,179.0581415
1599,705,303.5026595,45.29196587,323.6264181
1621,706,349.1433554,96.10647888,1429.3076
1495,706,736.0948352,201.1245987,2394.954853
1723,706,229.8198915,41.44712839,156.0627892
1258,708,239.032545,32.85544679,156.7036243
1574,710,698.3434451,32.18990843,109.3154678
1319,710,267.6487565,34.89421734,70.72162141
1295,711,170.3639099,51.60520957,80.64782628
867,711,207.7167499,100.5258816,385.1055041
1305,711,213.1285298,169.0942915,1599.380468
945,712,150.5712968,33.68362547,309.3721094
1360,713,337.929925,46.81082015,130.6289259
1850,713,309.8162877,73.87403893,267.2838428
1576,714,205.1709611,36.02235215,85.95833069
1185,714,182.0563059,38.01348447,44.09437584
1039,715,194.3947913,11.41383718,13.16892407
823,716,160.0071722,19.43647619,13.63789415
1235,716,351.4324351,43.27946957,108.5690971
773,717,138.8510248,45.49581805,340.4602363
1314,718,394.8262584,66.01695427,207.139535
1269,718,213.1285298,46.12573592,222.0054466
1731,719,160.2835448,61.05205196,294.2622954
1483,719,426.6785023,64.24630316,226.5805259
797,719,255.5581052,93.74067356,663.7812176
1412,721,174.8335651,24.22071139,60.30751105
1836,721,43.10862155,45.72987543,112.627526
1545,721,314.4173764,48.64369199,196.776936
1477,722,371.9397429,94.72389226,642.5060218
1267,722,187.3304693,96.00274394,507.3734025
1709,722,342.4038846,57.48144445,126.0763862
763,723,430.0905982,47.38915783,373.5003403
1348,724,128.5858497,96.14592923,638.2169296
970,724,489.649266,79.87166209,1037.037849
1310,727,185.0591174,5.039469942,0.43810641
791,728,186.9244155,29.2305172,37.59738506
980,728,192.1580615,65.2713522,210.3139381
1008,728,367.8769472,29.53772104,166.8213701
1812,729,537.0465409,24.96709788,17.25182626
1208,729,207.7638298,46.04817468,135.8084524
1811,730,583.736897,58.61644539,221.6080998
1180,731,266.0299366,47.22294414,135.819367
998,732,371.39422,69.95642782,266.1115949
1247,732,178.2376267,38.30262963,240.1765984
781,733,444.7725155,203.9026372,1251.684402
1476,734,207.2705401,72.26988301,546.0113526
1340,735,244.5961223,37.67606274,82.5246224
1439,735,64.76008361,133.3872916,1313.32656
840,736,248.6309867,91.91029922,325.6934547
1071,736,288.2871533,86.24751215,745.5180442
1728,737,231.9120538,25.81923545,100.7670355
946,737,375.198357,92.59149098,2070.723511
1471,738,147.115181,21.77577315,30.281744
1783,738,357.5976308,11.86915088,11.81907141
1843,738,588.2029864,49.86017519,212.8131692
1033,740,254.0940805,35.69900482,67.46812017
1517,742,87.8722986,103.4963861,166.2516296
1248,742,317.5138636,84.72423135,231.3632704
1499,742,834.4591962,29.6175919,32.68818653
1496,742,681.8958421,46.83395345,87.01450882
895,743,265.3543884,107.1198568,2352.4015
751,743,181.7405365,337.1221019,18548.77982
805,744,208.7901995,180.7009208,2614.636622
1106,745,293.289081,84.88855167,939.962598
1874,745,590.6079178,52.66306467,321.6265101
1624,746,737.9344877,52.41760231,150.0758996
1251,746,702.9666312,33.66779176,65.88474711
940,746,551.025639,65.53496514,206.4181929
1067,747,515.2104813,53.74700963,212.6021599
1253,748,385.1798218,48.83324751,119.6242984
978,749,364.6226101,62.76324498,384.6233713
1475,750,557.793825,23.72785358,14.08207784
767,750,308.5269538,125.9776466,1684.400165
1129,751,429.1016293,97.33507913,3193.075516
1563,753,273.80019,82.03849097,1002.987101
1792,753,223.5203052,59.69077592,430.9964046
1756,753,429.1385636,4.168169872,0.551534669
1287,754,169.1415537,76.58475628,436.9431677
1480,754,363.0218572,57.3523177,381.7130509
1252,755,184.2386681,79.64656465,577.0500232
941,755,308.8657347,153.6517919,4753.775343
1151,756,366.2891095,117.4108422,423.5602211
1333,756,508.5857965,29.03740773,64.11202795
1329,758,174.8263326,26.18065067,61.10789041
1720,761,217.9040005,27.35342371,56.27947031
1656,761,371.39422,67.63441195,544.7193194
1157,764,158.5035476,81.97182625,1742.896365
952,765,197.435632,94.22593905,671.9299536
1230,766,348.9631013,38.5537438,115.9339411
1431,767,346.0063643,29.96762928,48.02799511
1521,769,121.5519876,37.27397683,303.1758524
929,769,537.6552034,47.9746253,288.0138227
1309,769,583.736897,45.60202266,189.5409514
1594,770,169.9984921,17.69846369,12.05203546
1191,770,529.519934,53.47776328,224.3396731
1060,771,173.3499564,75.92128246,569.1177274
788,772,123.3912942,27.70548598,68.94267282
1608,773,99.82069604,62.23622251,539.139347
1478,773,535.6265217,52.64896163,264.8222228
845,774,590.29758,73.98841377,603.7795122
1475,774,420.159762,47.36164816,232.140882
908,774,359.9021833,85.43631124,476.2808508
1010,775,128.5858497,37.12849164,227.9137714
1177,775,135.6962011,58.23966381,272.5634055
1084,775,309.5487818,30.18753075,129.0419432
840,776,99.50670832,291.1901438,10951.56399
812,776,176.5290593,55.82560127,230.1091812
1653,777,322.5496574,29.15891642,62.71384804
1727,778,23.19129935,36.48796336,124.0976546
983,779,457.5318851,29.27113086,110.5957564
871,779,258.5427268,33.47020308,48.61984543
1241,780,244.2100091,35.16153154,39.76552467
1382,782,669.8970705,57.26797591,449.9675303
1580,782,507.5159509,14.55140558,26.18749926
811,783,382.935062,20.79719141,26.18328971
1141,783,600.3521143,33.92529009,32.02455249
1614,785,448.4981114,13.94929548,44.2620028
1644,786,323.5660561,30.83971689,64.711364
1200,786,277.6931987,16.22995706,11.85845814
1177,786,389.4559332,32.36757399,77.57889886
829,787,245.6525398,66.62844715,683.4810498
1074,787,257.0011816,72.72366872,702.7129115
802,788,216.7469263,43.73266872,794.7897271
1026,788,218.5492369,19.76540418,19.00013991
1121,788,173.3034235,31.72618602,49.4018574
1481,789,105.3428476,18.9779058,24.17266694
1553,789,165.5471003,25.58189246,38.03410421
1035,790,206.3634369,50.67153829,135.8896671
1091,790,169.1446138,9.960530913,4.105733633
1419,790,588.5777404,36.0553453,89.59260873
875,791,238.6278746,63.8581269,271.2731512
1065,792,139.9419338,82.1998133,1111.226734
1404,792,191.6409795,109.9907802,1678.298506
1774,792,461.9296024,80.03224998,881.8593071
1131,793,729.6873066,128.6724663,1792.758837
1851,793,812.2037884,40.45187126,57.08591148
1102,794,303.9795021,46.59932752,185.6578785
858,795,877.3222695,41.45367179,130.4500711
1457,796,446.6209014,41.46055507,88.81048535
1048,796,598.7199941,37.89802353,78.69792817
1265,797,235.7206866,46.48204298,144.5350085
853,797,145.3556476,72.76444653,546.2811355
1722,798,221.0540974,49.64509856,94.83764685
1220,798,204.8096738,37.6771035,33.20808636
1234,799,84.12079746,90.51089264,933.3125296
967,799,528.1202201,119.1354182,4278.361221
1501,800,335.6030833,48.06360689,152.8231984
892,801,208.6295318,58.81296159,177.2342818
1115,802,345.0401214,37.99126328,95.44952604
1075,802,199.2089648,122.8687788,1393.28977
1375,804,224.0190593,8.330238371,5.57569617
1057,805,239.2014238,62.71745923,412.7287631
1100,806,226.0457242,48.30330677,80.75725517
1488,806,543.9867244,79.27734583,167.4263419
1282,807,235.7206866,34.68080426,45.36757504
1088,808,118.711583,51.70517618,95.67443282
1162,808,287.763438,61.23526991,43.60420853
1138,808,265.3543884,88.86094453,938.277384
1181,809,687.9839436,44.22955566,207.5388239
1115,809,261.5753554,37.46853405,26.06979896
1204,809,794.1630163,30.8835183,20.43104191
936,810,357.5976308,38.84854023,181.5699835
1264,810,65.79172506,9.592941453,2.396890281
1399,811,535.5904369,57.27890951,109.898856
1315,811,515.1667446,30.92202357,138.657522
1856,813,256.671606,31.11867698,62.41775671
1883,813,370.5602899,25.30277014,24.90842037
1615,814,379.4436216,57.5743166,2310.705473
1292,814,273.1481969,56.18672162,293.3484643
1759,814,284.9899833,133.4958318,5772.193713
934,815,240.2178584,130.1946773,2259.983502
1011,815,229.8198915,64.9567163,364.95333
969,815,343.6968208,28.5592178,354.07751
900,816,174.2833943,39.3068596,61.27725856
852,817,190.094371,49.43914536,186.2740632
1195,818,388.4872031,103.4471074,1452.862585
1207,818,592.1419628,27.41129935,56.74704671
938,819,286.2638424,10.235661,6.779394951
1250,820,239.032545,15.41956923,7.189975498
1512,820,721.0450059,29.39116299,70.02931833
1808,820,192.5446616,73.9264939,196.8033508
1779,821,356.833513,36.41709698,72.83347851
1699,821,184.4806029,38.61124536,40.40254853
1039,822,183.9708818,168.2302322,1329.795364
1157,823,158.8588976,50.50348283,316.875046
1344,824,372.3959911,90.24573472,597.4641305
1248,824,329.2418329,57.5769564,186.2194471
1091,825,308.0896668,205.0024925,6571.991196
854,826,355.1349344,48.86875424,79.74761579
924,826,204.0247754,42.07056741,171.1674136
1782,827,172.6089563,10.72150113,1.596607852
855,827,262.2700241,23.13070763,91.29742397
1540,828,405.0706705,30.29004783,61.52745414
961,828,243.9645892,50.10421714,245.3322374
1771,828,392.6668864,92.46937902,1295.859704
1861,828,557.793825,32.24114128,211.8780597
955,829,420.159762,84.0852163,1012.362968
1053,829,274.9991019,64.92778351,792.0953428
921,830,266.9297442,16.59407954,10.42224021
1223,830,282.6980403,54.587611,92.84546704
1363,832,596.6118113,69.39153668,714.9382697
1001,833,615.3432036,28.42498265,128.6640996
1500,834,351.1385161,21.30135777,75.83824079
933,835,729.6873066,83.14827343,162.6160659
1287,835,145.9190187,41.57010175,37.29210592
1795,835,188.4418958,69.7884885,119.8296271
976,836,315.8952795,65.35625936,1056.87461
1348,837,506.4348279,75.16056743,396.4901707
1703,838,267.6487565,72.59333959,693.0152175
1035,839,732.8718697,40.54562316,44.95702007
1419,839,471.2193394,56.36704245,273.7647197
1379,839,193.3663786,60.11042749,116.3828674
1894,841,363.934158,91.01879399,685.0195015
1503,841,308.0896668,41.27112897,225.455827
1819,842,429.3251195,55.77880318,330.7631833
1531,842,474.2868375,30.25168849,425.8307532
1063,842,267.6115036,33.35106515,230.8575612
979,842,475.0777077,108.4231991,2489.310078
1025,843,301.9912155,43.47375562,171.6373171
1168,843,220.9728617,34.37957004,180.6604523
1278,844,435.8298837,70.19875764,360.3802043
872,844,250.1123158,10.75229294,2.902254324
1199,844,280.3013313,71.70407256,334.8509373
1622,845,269.2993226,73.25179023,342.5927507
1475,845,289.4732103,72.10590808,112.9494177
916,846,47.0931073,72.2569499,450.9120634
1056,846,227.0197702,128.574301,755.1449282
1085,847,119.8550727,38.99666005,106.9673202
1154,848,214.0170429,74.18966059,394.1963939
1650,848,416.4919821,72.33285495,1249.597444
1610,848,280.3013313,66.20964569,121.7591134
1729,849,474.1074256,89.7550268,1622.800115
1131,849,229.5173671,37.04380815,276.7149793
1877,849,285.1267412,38.12145552,58.02386154
1268,851,374.2233224,73.12909907,198.7913266
1224,852,206.7817728,46.62409067,221.45145
1553,852,555.8898734,54.24540765,202.6273913
1171,853,252.2194652,70.19973767,426.2178625
952,854,342.5584141,48.87850349,79.8958236
1238,855,403.1586695,38.73356064,120.9226158
1100,855,265.3601771,105.8380264,235.8186065
1859,856,297.3743471,19.53835271,16.56430053
1413,856,180.5880068,15.02686105,12.63638326
1731,856,142.6925323,38.0572384,116.4144853
1240,857,521.3567152,60.35012477,738.6753245
934,857,430.6985869,61.51917292,529.1925335
1898,859,291.1754312,95.16959543,370.4186802
985,859,150.7319641,24.99081012,47.51874004
1661,859,198.0014115,29.29401102,58.62644
1359,860,182.1806897,42.25645027,182.7363826
1165,860,267.2583303,63.48785883,204.0393545
902,860,173.424408,81.55408472,343.6328788
1015,861,311.4766587,62.0924651,324.6440471
1078,861,136.0031233,76.19877626,426.0581871
1828,862,198.0121079,55.50687346,133.3730752
1824,862,165.5151902,89.25858717,741.7394767
1894,862,223.1740739,72.20206272,438.2541047
1851,863,215.3147626,49.26405581,125.0258364
1066,863,184.9187684,38.50662271,206.8224665
1221,863,68.03218618,53.2446167,201.8768843
1138,864,201.4251449,38.5963555,97.04616746
1343,865,303.5026595,27.26458476,16.76019419
886,865,359.0957098,25.0406769,14.09384405
1628,866,213.3037616,46.41497815,130.2360946
1299,866,212.1300154,50.81729459,134.4392915
1259,866,451.6068618,34.61367753,125.1035058
1098,867,129.7246327,30.69729182,42.72619271
1340,867,172.8914334,38.21605628,225.2620928
1043,868,325.171265,59.57363166,521.9296688
1683,869,107.4526092,35.65376298,297.7205782
1677,869,425.9140946,47.58991265,286.8654731
1736,869,85.96193792,35.02385462,63.10692585
1707,870,328.9953959,85.97732227,547.5734379
1672,870,451.376803,55.32178325,217.3899583
1555,870,385.6960962,54.09578704,337.1008482
1715,870,211.5440323,57.11815732,206.1338893
1046,871,130.344717,25.04072031,44.88971525
1246,871,235.7656418,28.21098953,31.9043206
971,873,466.8448321,33.79143259,85.78467368
1688,873,432.7638555,54.47635402,260.9861745
1628,873,218.4487002,71.64163104,301.9905497
979,874,157.6792198,37.49097928,60.21396049
1220,875,36.33843609,46.51523675,209.7487363
980,875,181.6454605,38.37339747,159.7591599
1124,876,218.3823809,19.32644392,40.19612988
1536,876,203.3274229,51.23756242,46.6387022
1811,877,422.153996,44.79058368,149.437946
1687,877,366.1637996,25.05323762,104.3487165
1313,879,837.4148353,45.97911953,233.770799
900,879,401.3222458,52.6549865,439.9886094
1158,880,182.4279611,32.66422289,93.86317064
1345,881,54.92324282,50.08762578,140.0837361
938,882,168.1898184,118.9346736,4167.073164
1085,882,109.0673339,116.1747979,928.7665828
1734,883,228.9557312,73.46605086,436.2773912
1449,883,422.4742469,60.38992906,109.3588053
1456,884,220.8072402,41.57163091,113.7351461
1501,884,369.1700553,21.82902778,35.44861953
1835,884,877.8040475,44.0418906,213.5867565
1102,885,206.3634369,44.54005081,531.9805838
1204,885,315.8952795,99.9918954,1008.434069
1328,886,263.045384,42.50773159,50.38640674
1323,886,983.1410724,31.40166558,64.01443601
971,887,437.7910577,47.1844635,144.8288744
1111,888,480.5709836,51.5262498,112.7843834
1435,888,120.5868686,25.60675969,20.37711029
1057,889,416.0111819,30.64087222,74.98063786
1784,890,297.4371296,13.64102611,35.45784907
1692,890,229.5751436,50.74936949,308.1760898
918,890,536.8307915,83.06687115,273.4078226
1813,891,179.7084974,42.95936781,136.7839707
1393,891,262.400298,25.28492359,31.94286373
997,892,411.0247426,31.13875004,68.48341032
1353,893,112.2062894,97.81250545,2513.738336
1169,893,367.5149852,70.4568585,899.6377409
1628,894,546.0513157,26.41807514,69.21057702
1568,894,117.7829497,37.48184776,117.164028
1259,894,151.2145152,63.57495296,368.789998
986,895,417.3778846,80.4948341,979.96948
1300,895,384.3382001,86.45092572,492.578872
993,895,230.4845608,155.2338916,1232.232107
1036,896,552.3083759,31.7491439,98.99434588
1064,896,77.06165691,60.79110089,351.6872463
1888,897,134.565403,64.19665946,281.0510056
1827,898,360.0314543,31.93520074,53.06924385
1851,898,386.2123804,108.5234196,945.0543629
1025,899,96.23678547,88.7375328,503.5363764
1108,899,222.3496414,34.35833779,163.3725875
1318,900,203.862154,50.42019209,64.17435299
1661,901,266.5969192,33.08474024,40.51945055
1438,901,291.0021815,27.79760987,32.30746835
1319,901,116.4536333,55.03128511,86.96735641
1732,903,187.0304169,46.2986228,214.7439196
1539,903,197.3779818,80.42002851,388.4877449
1512,904,333.3665883,43.67916405,76.80930391
1518,904,373.9026531,50.15338728,241.6268585
1185,905,264.4056949,44.60154557,194.1464728
1745,905,136.0388933,28.91346604,89.07337064
1705,905,309.9800513,55.77051701,291.8756232
1504,905,272.3314862,40.88415265,81.43169195
1885,906,336.6565142,54.14498902,811.8208448
949,907,288.1919027,30.85573106,178.086105
984,907,543.1076246,51.10364527,500.3101736
1047,907,85.95583234,35.14921368,129.0400652
1546,907,403.3678156,83.13369217,651.862955
1358,908,59.8680053,146.268682,1254.451248
1395,909,184.2386681,48.20738033,127.3692976
1622,909,169.0112505,121.9355896,929.8086286
1614,911,207.7215093,9.636833543,9.387767932
1780,911,246.2823304,73.04383353,326.7910907
1900,911,470.3230375,21.86357258,27.19266285
1073,912,301.3132414,38.846583,239.5130236
1471,912,248.2977713,14.24169045,27.25749184
1519,912,272.7143568,25.98449226,59.09907645
927,913,315.4688993,32.4303243,810.8182136
1210,913,189.8031349,74.22117262,1578.835642
1192,913,341.6175937,39.85482203,339.8507641
1223,914,142.2918038,15.11055316,8.840632564
1643,915,567.1874378,53.94202522,286.1210916
1875,916,411.048334,161.8868105,3660.502399
1057,917,136.0031233,65.77686969,401.3481892
1022,917,203.3274229,28.98694702,26.77893266
1569,918,546.88406,50.17779811,253.0053287
1573,918,93.60051923,55.5167169,387.1120988
1781,919,119.8550727,30.88177908,26.7348014
1639,919,316.3795714,29.3772344,69.06898757
927,920,179.8530481,40.15967185,300.5297835
1288,921,168.1160787,18.6153855,20.34721999
1240,921,463.3485895,53.3475677,257.4416256
1804,922,67.54240776,77.43702043,887.7040872
1505,922,89.68328444,27.6489743,39.98882093
952,924,364.4378115,64.60373463,334.3554096
975,926,932.9795716,24.58752641,92.2790119
1045,926,317.0501664,63.46763605,273.7667075
1075,928,315.8952014,35.2914054,94.01277122
1551,929,749.0030862,43.13013191,168.5161515
1383,930,231.0326626,69.14085535,313.8574397
1371,930,84.12079746,120.3515168,873.5247013
1701,932,195.2502728,67.56362782,281.5941223
1876,932,347.7028268,90.80733511,1057.649436
1009,932,333.3397906,53.85221724,194.6551396
1833,933,133.277791,72.50718409,415.4030609
1825,933,87.70236731,25.08721237,37.859879
1246,934,494.4566028,68.84074779,590.6499147
1353,935,266.0299366,87.31454081,860.204112
1169,935,98.15316266,39.60791801,78.66227794
956,935,227.3709787,66.71610825,221.6202539
1550,936,317.9769691,130.9161962,4397.562302
1117,937,479.26032,88.80700177,554.1336652
1420,939,270.3154592,17.09961009,48.58042614
1575,939,40.1955532,57.39186261,703.9768409
1149,940,732.8718697,57.25666332,254.8421788
1729,940,303.9309738,39.27879556,77.39028308
1131,940,783.4679732,87.81346916,1328.917904
1068,942,291.640521,19.8865023,21.78127612
1152,943,449.8409031,105.3367321,2218.085783
1219,944,206.5600204,43.22160786,43.71883754
1295,944,74.64159246,18.02408082,8.614568834
1545,946,386.3014545,69.44575139,97.65482454
1864,946,539.4160236,58.5601943,585.5800601
1614,946,252.2194652,38.73214547,151.8989332
1347,947,498.4205476,30.771375,126.3398286
1552,947,174.9291595,41.84651502,122.7267984
1197,947,119.5049221,32.09835555,48.81006857
1216,948,285.1681367,34.21024575,88.96612845
1308,949,451.376803,44.07787022,87.09740121
1041,950,521.858277,61.04819717,420.6908287
1398,950,384.0532947,35.12243795,50.53459433
1390,950,381.3131091,58.39227791,144.2751647
1091,951,84.50477683,20.26258243,28.90187456
1419,951,308.8657347,26.84922097,49.65876968
1846,953,433.0946594,36.45797297,60.76894139
1737,954,379.0823482,174.9456555,1984.166113
1579,954,571.5129566,41.68334645,138.4218492
1187,956,188.531461,41.19262982,56.8622695
1235,956,280.3753136,54.09797988,248.1532122
1362,957,252.1376521,50.87277424,182.1266329
1547,957,330.4178154,50.43976878,189.7484995
1183,958,192.0974179,12.05460727,4.806766135
1305,958,156.3548186,68.57126672,288.3930561
980,959,565.5537975,22.50391095,72.23295665
1008,959,262.0605862,28.61416349,40.9379824
1101,961,655.7430854,100.1791286,1145.573127
1317,961,228.986509,52.90392965,404.2316425
1429,961,808.8014416,106.6294905,1445.234442
1095,962,195.2502728,31.34050462,40.18035131
1127,963,158.5035476,38.25495177,107.5430227
1115,963,169.1446138,40.89823057,84.64271154
1422,964,364.9690961,55.55321308,174.2430238
1676,964,206.5923685,68.21446643,263.2960364
1117,965,311.2551407,120.5966836,977.379658
1367,965,250.2074962,83.15091965,766.1594052
1078,966,461.692006,47.72025163,81.96660289
988,967,386.2123804,86.98770346,810.236918
1468,968,292.3479732,19.80732084,11.40413436
1407,968,273.4911032,55.68456639,154.235725
1192,969,402.4812684,34.66653913,360.6768444
1109,970,242.1193503,96.0030243,1059.472757
1103,970,288.1881173,70.75935833,436.9016684
1242,971,347.2602902,30.59016651,69.03856092
1406,971,239.9090691,70.62418016,315.9047454
1290,972,194.4176342,70.00950314,303.0474224
1436,974,177.3788564,68.98434262,149.3348446
1740,974,129.3414543,91.36303911,674.2555018
1494,974,332.9671468,41.02703945,74.68440734
1365,975,262.400298,35.45962659,303.537217
1095,976,442.6111722,59.81494611,303.4523047
1781,977,516.729278,26.73595663,10.32052063
1451,978,150.7177595,73.8851448,549.4541117
1463,978,240.8326967,48.58455388,148.124435
1285,979,296.1030508,90.51332915,839.1042043
1136,981,192.1947587,74.17838871,921.856416
1798,981,120.2346813,51.69580859,238.828521
1826,981,759.6472394,35.35116735,109.4093957
1585,982,484.3072559,29.79411926,89.20336569
1648,982,707.8222892,28.47534317,157.9797056
1046,983,164.5701772,38.53401412,132.8055916
1133,984,165.6612501,21.94428238,110.8861941
1327,984,296.400922,35.03691857,93.82584231
1226,985,295.9341185,102.4506611,1305.03091
1097,985,310.7910098,56.52021807,276.1757217
1165,986,212.6288749,165.7937021,1172.238278
1015,987,203.6268237,102.8105886,723.3542817
1250,988,286.001407,42.20880794,76.1493028
1024,989,178.4685047,42.19796422,203.441114
1088,990,173.1105499,67.49926994,176.279632
1162,990,367.6673525,47.58188064,229.573496
1040,991,421.1430197,33.00731168,27.04697924
1328,991,297.3743471,31.70353441,27.73806247
1697,992,345.1284077,91.75093468,378.9736607
1170,992,201.99432,39.09296372,87.43055733
1568,992,490.8955597,69.66071699,226.6536959
1129,993,380.0374362,84.57940654,3127.587271
1085,994,121.5546234,18.31578176,8.03384776
1593,995,212.5972994,120.0460347,1237.632947
1331,995,178.1734333,27.41962404,111.429491
1636,996,188.1125543,48.11683477,289.9661498
1861,996,406.13416,31.99798352,114.7302872
1672,996,436.1160175,69.39725614,140.4671986
1707,996,242.1193503,33.03919049,70.49941139
1205,998,453.2407947,85.11465584,971.4375867
1304,999,348.821482,53.67295236,217.1355401
1315,1000,151.2145152,93.78212756,904.3249199
1359,1000,119.5049221,78.10979523,248.9970211
1165,1000,187.5564271,49.18533209,310.7986916
1099,1001,197.1452485,65.79536343,618.6961855
1160,1002,188.0975574,43.70901656,161.7894456
1888,1002,397.9002526,103.2872068,867.6726203
1820,1002,393.3975505,67.35085281,291.5489644
1845,1003,258.3630147,25.52701621,67.61812911
1018,1004,336.6565142,39.52591058,127.4964936
1329,1006,491.0600093,79.16907693,1030.117002
1028,1007,289.9981091,34.19259199,158.6459615
1371,1007,326.9525347,25.74519571,166.4916104
1336,1009,394.6998468,86.19303474,783.6785514
1542,1009,309.8837454,59.43326053,204.5963879
1462,1010,265.5468273,31.20631667,194.6945048
1537,1010,205.1709611,57.08778364,230.7586393
1260,1010,205.6161214,21.87980682,20.53240779
1338,1012,61.01116025,79.44928477,654.365996
1245,1012,202.5600685,60.08664338,147.3133591
1058,1013,600.736249,45.78555168,165.3039729
1092,1015,315.6747602,75.15421873,294.3387722
1830,1016,255.3728071,101.1228267,443.9218917
1647,1016,359.7984005,33.27435762,83.75748613
1174,1018,474.1074256,15.67271093,12.51743789
1109,1019,265.1027488,77.97976144,221.0888077
1529,1020,360.1234879,75.21492084,277.7019775
1472,1020,147.6014535,104.541581,388.7475658
1171,1021,255.1288461,38.77637527,72.41759836
1808,1023,235.6236818,44.25032712,210.0076893
1816,1023,174.2971345,32.76502791,86.61061264
1276,1023,217.7667406,33.90038869,75.30712049
1849,1024,529.519934,107.6233407,2475.465919
1279,1027,173.424408,32.75670621,179.1094184
1390,1027,162.243029,76.7799881,463.743361
1426,1028,227.3709787,45.79110052,180.3499688
1085,1029,449.8220414,60.02762451,435.7042842
1368,1030,180.2972627,25.08445404,125.9355446
1482,1030,242.6223644,54.00352403,88.44741891
1428,1030,115.4691097,57.99089742,468.327306
1591,1031,183.9086609,63.3075791,403.5429092
1168,1032,120.2346813,47.03186418,82.87931853
1222,1032,187.5564271,84.91765076,1263.295201
1198,1032,138.3653967,19.05437317,22.91798403
1090,1034,218.695071,47.2468664,282.3898387
1484,1034,521.858277,102.1473896,473.3674923
1399,1035,170.3639099,77.92056721,300.8265234
1099,1036,345.0401214,52.29904047,76.69394281
1814,1037,187.0304169,77.88317307,563.7482868
1087,1037,685.5480784,121.7529016,676.6137598
1617,1037,461.29248,82.1893953,1214.898948
1470,1037,187.0332182,51.30374951,508.7190124
1696,1038,373.465262,213.6847562,3232.46143
1719,1038,687.9839436,87.04943761,1087.368217
1203,1038,335.9269365,58.37832756,543.5001348
1170,1041,295.8768103,28.57337962,101.589756
1565,1041,289.5651337,29.04728945,134.4683184
1300,1042,481.4511858,22.8909572,22.56628235
1656,1044,626.972133,48.18560833,69.34975894
1758,1044,501.413837,62.78689744,312.5212641
1477,1045,452.5352497,76.18535212,367.6018546
1847,1045,373.0802071,41.64017034,81.02974338
1490,1048,317.4143893,12.22867165,10.27301572
1562,1048,789.598833,33.14007127,172.4353336
1325,1049,837.4148353,19.01425442,9.403409136
1738,1051,558.3018389,66.75324739,338.0592248
1567,1052,518.7394218,10.89357221,5.683466955
1489,1052,231.8067288,18.94139371,11.85762295
1074,1053,249.2431119,33.9553988,82.91519856
1253,1054,362.931564,35.09578286,187.5758626
1349,1055,245.983783,137.3169201,2590.518358
1487,1055,276.9632741,24.2200789,63.3644264
1548,1058,543.3340304,38.15934104,184.4647017
1608,1058,433.4806221,39.79969534,193.5002711
1881,1059,240.68207,66.65504457,270.5657217
1757,1059,236.8129198,51.98062926,356.8494305
1863,1059,295.7785775,39.97632952,168.2920501
1096,1061,119.4115022,31.62282162,73.74246872
1205,1061,194.3462435,55.51028849,356.8735689
1697,1062,181.8802626,57.66234303,1693.38398
1362,1062,173.4019806,44.94049357,299.541493
1170,1062,267.044376,73.45636079,697.6286181
1179,1063,389.0715425,53.04708679,468.9754964
1099,1064,308.5269538,56.52677035,347.4445412
1603,1066,292.3479732,33.49923595,168.5340625
1132,1067,176.2882066,97.91973581,2169.409259
1303,1068,126.8696917,67.56738372,405.3341812
1140,1069,195.336973,92.67440201,1245.086053
1520,1069,331.9189396,85.36739139,1122.395117
1490,1069,249.2360129,19.1973783,40.92394222
1497,1072,331.6213277,39.23665317,119.0326113
1209,1073,648.108398,91.58977213,1290.794606
1474,1073,390.3773495,23.84454265,80.65148324
1610,1076,1763.386917,28.2532136,65.54503377
1595,1076,382.935062,127.8355804,1046.842404
1411,1077,246.8908187,98.41558399,1124.881973
1255,1077,212.1300154,31.10841527,92.77847578
1363,1077,357.1935553,60.98408248,148.4773932
1092,1078,317.9548827,48.42589321,62.54806636
1392,1079,533.6401359,38.84020123,67.75014175
1094,1080,980.7063535,7.928799707,4.817737648
1174,1081,480.5709836,13.58981466,7.241003942
1211,1082,508.9401881,125.1132972,1735.734253
1175,1082,191.0314798,26.53559074,38.87623464
1273,1082,65.64691401,96.03497692,720.1971272
1283,1082,129.3414543,33.87757841,77.90325817
1370,1083,230.5115871,38.3251288,129.2726229
1532,1083,229.2882337,50.65225641,41.45533143
1260,1084,289.5651337,37.74734549,183.9873678
1479,1086,231.8067288,51.55993926,276.877781
1558,1087,324.7243547,58.5848634,91.32220821
1139,1089,389.6741548,35.41238228,83.09637418
1499,1090,404.604918,60.75895833,168.6967723
1430,1090,423.565812,40.42862719,95.22875389
1422,1090,796.2967673,38.56576681,107.243093
1668,1093,313.437054,56.85326832,366.5402549
1824,1093,379.710862,51.24375885,141.6652215
1768,1093,273.80019,59.68935425,335.4286626
1469,1097,261.2699314,39.07263621,128.9963384
1583,1097,190.6074406,67.28153531,847.1235761
1427,1098,187.4831483,31.87381538,36.48457481
1311,1100,291.246986,88.23475045,581.1806326
1136,1100,226.6451581,29.66272064,92.55649802
1433,1101,229.4301945,53.71467406,172.1990816
1805,1101,471.1184585,104.8388841,926.2326664
1120,1102,301.4289481,85.62691462,509.4866067
1439,1105,306.0372569,28.93916836,19.29982683
1578,1106,497.2524457,45.73653507,308.8885544
1698,1106,231.7631415,66.85965851,787.8564649
1835,1107,239.6687178,18.17049197,9.159125119
1216,1108,658.4608274,43.50388732,63.27756699
1122,1110,202.3150389,81.79461395,619.8537888
1502,1110,324.7043452,39.66210779,133.6117729
1284,1110,147.5826488,97.88276563,784.0269227
1159,1111,337.7397836,46.15990821,483.4170887
1557,1112,230.6699168,46.94118363,452.0528671
1346,1112,317.5138636,57.71153046,394.8010792
1507,1113,600.736249,14.63791804,68.21065258
1267,1113,184.8482131,73.61353313,505.1972839
1297,1113,172.2389552,41.77570082,305.0244044
1164,1116,150.5712968,34.59241491,66.46101831
1542,1118,96.23678547,40.48385052,109.9820679
1773,1119,308.6322849,28.16776045,70.6963468
1821,1119,351.4356002,53.7782065,212.2164873
1749,1119,177.9770438,38.31728194,136.9983559
1162,1120,637.1693347,49.34519617,206.2442992
1634,1122,56.73875603,42.77849793,98.56614732
1315,1123,115.9472542,187.0371079,1432.425685
1300,1123,534.4137894,126.8216197,982.8379905
1326,1124,238.4113748,73.2863464,240.3559598
1489,1125,463.3485895,33.66953039,25.34943815
1181,1127,236.8129198,34.69705241,17.39354173
1398,1128,252.5996352,38.55535583,78.48759276
1310,1129,374.590421,35.77987204,279.0000869
1335,1129,445.700541,46.38247323,164.3615929
1899,1130,177.0384233,91.79730009,415.3202161
1782,1130,207.4714213,55.61581739,517.1260276
1631,1134,200.0120628,115.2777293,1958.978052
1280,1135,188.9019845,42.2761053,78.39538773
1890,1136,364.5744015,42.51755312,76.60647525
1769,1137,330.3006646,26.17120311,78.83604701
1757,1137,526.9643699,33.51784124,116.9526158
1504,1137,600.3521143,80.19719359,760.0333296
1571,1140,363.6314208,101.6394144,858.4757925
1178,1142,263.045384,31.15738477,42.95931249
1880,1142,193.1793316,45.54054642,466.1341888
1573,1143,357.5418123,28.36782235,75.58945853
1381,1143,294.5838901,19.07467246,69.33016457
1273,1145,236.6580219,30.28245434,41.26815009
1685,1146,247.681827,69.33232034,399.7423774
1225,1147,361.4377406,75.61756177,371.5794021
1285,1147,1375.671187,34.68878932,57.09300189
1391,1147,290.389597,84.56044405,240.338345
1665,1148,450.7025223,35.51245297,473.9848306
1802,1148,213.9600738,34.0903649,50.79481113
1281,1148,231.7631415,116.5281617,1189.460758
1624,1149,77.68142189,85.38234451,1297.032161
1409,1149,188.8080619,169.8908368,3118.209051
1667,1152,201.2208564,24.56175733,34.53170405
1511,1152,203.2810056,87.65339676,754.2062154
1425,1155,187.7401673,35.70108195,109.421701
1678,1155,240.2681057,25.7215356,51.25604872
1721,1155,317.9769691,31.6088226,40.03659937
1382,1158,193.1793316,35.86297863,168.0510808
1682,1158,367.8985108,12.06548717,16.46698822
1629,1160,248.5542772,50.09450844,140.7491168
1827,1161,247.681827,108.7589564,1203.249172
1851,1161,291.2689636,39.46562653,120.434029
1298,1163,156.4262643,51.00501685,119.6242777
1592,1164,202.8528379,64.93014471,132.5079114
1726,1166,309.9800513,53.34759428,307.5533228
1756,1166,193.3788619,84.03054837,633.7919373
1630,1167,262.9349518,32.11513799,194.94682
1763,1167,59.61637085,68.54098689,288.9706608
1187,1169,445.9133441,47.73747365,67.39712871
1330,1171,209.9648436,68.29743256,136.7962832
1623,1172,445.962037,38.77571571,200.0830407
1789,1173,261.4719247,105.5916267,637.8336798
1755,1173,461.4879763,79.43767939,241.7880751
1258,1175,193.4954925,53.24006773,123.7562808
1532,1176,198.6725851,24.72385141,36.73469002
1304,1176,169.0112505,95.07863607,843.9690413
1236,1177,203.2810056,113.9622186,1836.91485
1897,1178,182.8543638,21.32324239,41.28018999
1396,1178,205.6161214,128.5407063,5513.487846
1536,1178,83.68299612,89.57137953,410.2004246
1531,1179,482.9838012,41.91751485,145.159452
1821,1179,458.7979694,97.7332158,1051.731264
1694,1182,348.9631013,27.63837245,43.82741854
1559,1182,270.2586661,55.11066648,293.3909353
1367,1183,165.1214109,203.8823969,882.6922079
1593,1184,166.7717293,22.39293116,79.1683645
1734,1184,251.1476902,73.47952707,208.9522075
1814,1184,361.4377406,65.2021997,321.8341315
1711,1185,187.6538421,42.94334964,79.33990817
1770,1188,229.3277673,115.4718919,919.4594452
1610,1188,546.88406,110.7961418,786.8840283
1595,1188,355.6431265,32.65479856,150.4742135
1445,1188,141.573317,178.5419428,1319.538751
1345,1189,184.9290569,98.92726306,241.9487211
1846,1190,434.4642783,29.56646553,78.53458389
1747,1191,272.4641234,52.82732871,175.4457574
1229,1193,223.5203052,26.340982,64.34406299
1458,1196,266.72183,54.52596347,132.7893512
1776,1196,351.9118393,57.21004993,95.30833956
1380,1196,346.0063643,54.5864521,53.8338832
1467,1196,242.8317595,56.07509733,159.3936381
1779,1197,147.7734406,37.27022093,137.0414316
1699,1197,166.9479883,45.24631173,365.2678531
1409,1199,443.2576751,152.1222465,3916.133985
1456,1199,379.0605032,142.1573503,1319.397924
1587,1200,276.8923422,60.10126534,517.3889981
1330,1201,508.9401881,77.97270977,639.2473622
1271,1202,493.8097046,36.73712626,197.2031049
1728,1202,328.3410563,54.2887252,226.0086277
1596,1202,220.9956852,114.222649,1829.078574
1480,1203,253.5573664,22.15493989,116.155599
1240,1204,223.9545091,43.58120921,220.4317251
1670,1206,184.5621388,102.3460252,620.3124963
1523,1206,168.0767401,67.28654656,335.2651445
1349,1206,685.5480784,96.09059333,678.1602518
1896,1208,287.2043926,37.03963735,76.54045858
1281,1208,290.8636252,116.2835231,2133.621458
1853,1209,208.9353201,44.8882187,504.3796432
1729,1209,139.768161,51.75060312,1110.447993
1877,1209,173.1105499,88.07317685,3007.243001
1222,1210,188.9019845,59.64684066,496.372126
1338,1211,417.6863188,129.1676993,668.6884121
1513,1211,225.8890994,186.0653169,5057.676816
1589,1212,123.8118697,37.48154445,108.0999885
1219,1213,426.6043255,52.13092352,61.81300773
1818,1214,204.3966949,23.82899068,55.25549342
1581,1214,288.1919027,43.94766754,90.91273506
1525,1215,420.8822456,77.13719658,505.3316566
1222,1216,145.5910052,54.9835783,45.85794048
1547,1218,309.7643485,73.53390978,451.7154765
1740,1220,588.2029864,42.28635568,102.4530153
1851,1221,729.2562404,32.24793717,68.02506216
1562,1224,355.772862,50.71663935,327.6719453
1387,1225,355.0584151,12.12422964,4.388823634
1870,1226,678.214597,50.03173355,365.8023642
1898,1226,351.4356002,35.36200385,101.0976819
1638,1227,317.2509976,90.43489972,736.63932
1615,1227,208.3333427,69.46536968,729.2381601
1292,1227,318.1792328,79.33918779,1768.967657
1878,1228,228.3359391,112.7468097,1721.330547
1348,1229,623.0297404,46.02827611,160.7543865
1547,1230,145.3556476,61.54065998,217.8076637
1304,1230,1289.528685,61.67005604,270.0699405
1395,1231,714.442903,98.22446527,789.2738733
1887,1232,330.3261364,31.11678925,81.16143716
1626,1232,238.6278746,76.82500554,708.7742554
1272,1233,422.4742469,81.95428095,378.4905385
1699,1233,270.2586661,39.24752281,118.3447967
1645,1233,400.5904883,39.17876757,106.7423356
1902,1234,385.5342511,63.1180022,81.74565782
1810,1238,77.68142189,23.80447134,37.37605152
1341,1238,123.3912942,44.4492426,236.9306628
1621,1239,120.5868686,10.73933891,2.458354174
1385,1239,190.3866487,24.20926456,40.69065855
1478,1242,179.2475238,37.74134242,95.61590099
1378,1242,252.4825789,39.02560282,134.1618091
1428,1244,293.289081,84.47645987,574.674862
1261,1244,268.7115101,115.3462932,1349.058937
1247,1245,586.5620605,20.70006193,14.72350395
1513,1245,59.61637085,103.9590393,2054.602391
1803,1245,87.91891936,4.220785378,0.522895146
1594,1247,221.5894798,53.96360088,207.4293324
1493,1248,417.5015831,118.4380777,1567.339539
1325,1249,275.036403,37.16304144,113.142551
1316,1250,122.5245309,55.91906354,89.28557077
1459,1251,265.3293422,54.4281962,304.3131295
1373,1251,359.9769757,53.93534595,322.0810663
1729,1251,328.9752251,89.28729592,573.6823965
1514,1254,360.9340037,48.6800598,293.1831825
1375,1255,479.7478001,38.756285,284.7665352
1830,1256,248.1534678,26.96020428,49.0804292
1647,1256,223.9545091,62.0128066,822.1972318
1322,1257,527.2409087,56.55885305,689.2037293
1658,1259,139.9419338,31.09666387,47.38083299
1731,1260,404.604918,92.42095947,870.0949139
1411,1260,440.7880496,49.29720379,121.3417518
1572,1261,190.4208117,27.38007365,44.70130169
1873,1262,323.5660561,35.90683023,84.60966581
1787,1262,357.1935553,35.34669366,117.5061978
1483,1265,175.9195987,128.9415224,1325.512118
1847,1267,118.711583,53.9631143,134.5694472
1767,1267,367.6673525,70.18972997,589.3634575
1427,1270,173.4019806,42.54933321,33.30949316
1356,1271,461.0406423,21.87112292,52.03452763
1889,1271,240.4600735,90.4435689,834.8516432
1753,1272,324.4893922,41.30857143,114.2685381
1743,1272,181.868571,34.3643678,97.76469618
1435,1275,185.3371688,42.24255573,40.23631511
1403,1275,168.3546689,26.84662051,27.59017631
1714,1276,208.4203538,28.76059798,73.39643068
1797,1277,457.5318851,68.49477237,191.3996807
1606,1277,261.2699314,11.74127198,6.431305797
1658,1279,115.9255709,58.35388413,204.649556
1565,1279,675.6140046,62.42731373,463.845301
1416,1281,291.0831249,52.78081757,187.7964096
1899,1281,267.9153336,50.35944622,186.6849083
1393,1282,403.6988235,38.91225366,248.6386266
1576,1282,187.2315886,46.49726722,136.1013835
1453,1283,216.7469263,82.85793891,816.8582866
1901,1286,405.0706705,77.37276161,380.1536987
1780,1286,254.2968848,45.82305935,59.90527131
1770,1286,673.5888892,69.64354825,845.3209555
1833,1287,28.74746286,121.8015964,1884.95158
1472,1289,235.6236818,94.5079498,417.8038506
1563,1291,122.4514347,29.48985014,50.58868628
1814,1292,264.9869195,105.6941388,793.1587938
1690,1292,54.92324282,133.3225277,2939.524686
1390,1294,203.6268237,49.11283311,149.1285459
1398,1294,343.912667,40.16660039,137.0132499
1631,1294,359.6266167,41.11336719,93.5293627
1412,1296,186.6504078,43.05675417,293.267312
1767,1297,198.5985543,55.4471585,394.864361
1377,1297,187.7401673,56.66972814,353.7831963
1630,1297,178.2376267,159.2074111,2564.485057
1328,1298,364.9690961,61.83135891,469.1836669
1530,1301,449.8220414,63.49297767,219.9437521
1850,1301,357.5418123,68.11153476,466.1839524
1588,1302,445.697783,28.50049307,66.65963851
1713,1302,609.2264249,92.37655129,509.874973
1719,1302,420.8822456,77.45493621,1091.27054
1439,1305,497.1539143,24.90639964,35.18889117
1572,1306,25.73839799,65.76415449,467.8250282
1364,1306,421.7383005,128.1856468,2334.010182
1404,1306,411.0247426,80.23492595,995.4566863
1429,1307,357.4694262,44.17540902,180.7070798
1775,1307,336.8158621,45.53390692,126.5012974
1574,1309,188.8031216,43.53688084,172.5988714
1388,1311,265.3293422,13.07055503,11.23343966
1488,1311,220.3793376,108.7526502,1015.319274
1389,1312,283.9259829,55.57054675,558.9996517
1318,1313,654.9590477,35.86048919,101.0016576
1490,1314,385.5321041,43.62076111,172.1023832
1379,1315,209.4380693,84.14409853,2475.880327
1858,1316,194.1451883,152.1340821,1785.732297
1671,1316,206.0965752,114.4330259,1098.528211
1736,1316,172.3249935,43.75640079,70.15119798
1805,1317,187.5659269,72.33405056,189.9854246
1687,1317,214.3053235,52.18796073,435.4189308
1809,1317,266.9297442,35.28094289,198.0370168
1673,1319,202.2388926,31.29399885,65.71635593
1410,1319,284.508718,64.37555357,239.1897586
1439,1320,127.8212461,64.2225427,442.0669658
1394,1321,547.5176035,91.71490846,1165.085584
1347,1322,169.0187841,22.29638312,31.73122309
1361,1322,505.3501363,42.919064,263.0526206
1386,1324,65.79172506,37.55823585,279.2945936
1484,1324,289.088139,33.39985956,191.9630121
1880,1326,127.0599661,40.86871979,52.56908596
1409,1327,198.0014115,40.92344685,82.01617652
1546,1327,311.2551407,77.24896787,773.7451714
1370,1329,209.1068497,28.03662993,57.8596426
1599,1331,202.500837,42.75771266,88.56710157
1704,1331,250.714191,40.87022521,209.1358146
1516,1332,255.25075,75.91324786,199.9751339
1347,1332,253.7318697,43.98979013,164.6024072
1552,1332,445.9133441,32.51497007,62.9644703
1876,1336,570.1147208,50.50270328,305.4449654
1831,1337,231.7111229,44.13148204,176.1548557
1702,1337,366.9143986,46.63162438,304.4162592
1667,1339,348.1679614,49.13380811,131.3668268
1415,1340,268.9371816,39.1197832,155.6019687
1822,1341,209.4900167,35.77339025,234.3641938
1702,1342,194.3947913,50.02055837,368.885065
1819,1342,184.9187684,87.82191467,1127.371134
1407,1342,168.3546689,108.2634402,1857.579871
1571,1344,451.9024524,77.34532582,734.7934532
1403,1345,374.8065205,50.70399353,63.07458559
1435,1345,298.5352416,37.65362281,45.17755195
1888,1346,597.8811793,84.74735527,344.5855577
1854,1346,347.2602902,106.8452358,1701.017665
1360,1346,287.2043926,30.70677808,27.76072174
1592,1349,233.2586384,43.06283682,311.3891431
1878,1351,260.5781451,27.69881306,59.20043461
1789,1352,224.2027644,71.11983415,257.7438896
1755,1352,504.55078,59.51907443,255.5270495
1600,1352,312.5007547,44.64806852,291.830795
1640,1354,250.1775177,86.48383774,182.9059632
1577,1354,315.3813339,58.607559,112.1680894
1370,1354,307.0681031,101.9070776,317.4903098
1431,1355,369.1366858,51.46349278,92.02261692
1826,1356,449.9545,110.9555235,1094.980477
1685,1358,199.471172,45.1809587,362.3779221
1700,1358,245.1370777,45.32210164,437.4383413
1862,1360,243.9645892,58.61058317,340.2228406
1801,1361,276.9632741,30.96195331,70.44338088
1466,1362,233.4363503,30.27002826,120.3420628
1428,1364,444.7725155,84.54715699,1941.688692
1764,1364,180.2972627,102.8602854,4467.886707
1864,1364,224.2027644,121.2261966,1715.513343
1759,1365,364.0320042,39.74279169,267.1977079
1787,1365,707.1449913,97.26439941,895.4257884
1631,1366,83.68299612,149.4717867,390.8082527
1607,1366,176.9975815,52.15769851,373.2078478
1400,1368,193.7785227,24.48637381,96.89780802
1489,1369,189.4880062,60.34010505,187.8471153
1768,1372,150.5714891,69.84365824,217.4766574
1853,1373,517.1541842,36.82475624,318.9605789
1643,1374,241.7852368,45.98250895,195.5984276
1395,1374,338.3261344,144.8465887,739.3886237
1622,1374,146.9547283,44.31357097,53.96261598
1383,1375,231.5828176,75.9263001,698.1134532
1710,1376,198.0154805,62.88310728,263.5673667
1698,1376,81.1072442,149.3312438,3035.177771
1897,1376,54.9352341,68.04979054,488.0994304
1417,1377,309.6744128,45.31944314,383.6768911
1662,1380,426.6785023,38.23043403,56.8997192
1708,1380,60.91020231,36.80485709,61.35818378
1585,1381,335.3831085,49.66258057,329.7160545
1424,1384,57.21044854,47.16905954,96.8159007
1718,1384,374.2233224,88.23221711,522.9267776
1635,1384,190.2139105,84.30085597,595.2995183
1804,1384,461.8731119,39.14470211,94.03782091
1579,1385,551.025639,78.97726993,1255.327368
1444,1385,408.8815963,31.97071172,118.104901
1684,1389,214.0077479,54.85033797,132.8968577
1565,1390,254.5667925,60.57881227,290.3611937
1465,1393,335.6030833,27.90271205,64.21226155
1441,1393,74.64159246,54.25388498,199.9712944
1649,1394,386.3043426,46.89907563,104.3170426
1583,1394,175.0510587,98.87094408,763.1890352
1510,1397,494.4690868,14.85487469,11.6341091
1616,1398,134.565403,45.50210016,91.31370819
1790,1400,188.0676956,14.61260211,5.009277909
1750,1400,92.7202324,107.7725139,867.2435513
1763,1401,624.9805001,30.91762443,74.59234706
1405,1401,444.3221833,39.0509546,84.36132334
1797,1401,471.2193394,42.24593511,68.7759501
1553,1402,501.413837,40.35708673,207.0655579
1695,1404,417.2953069,74.96947057,621.8014045
1648,1405,129.216138,55.66856346,358.5864788
1688,1406,89.98096423,47.0341839,150.3619051
1587,1408,398.7211986,28.24912641,65.42825242
1688,1410,140.0193622,36.72753154,90.05104933
1482,1412,515.2104813,66.64149559,386.8705956
1857,1413,408.8815963,49.97030769,137.8347447
1483,1413,211.5300381,56.66798455,158.7158228
1427,1415,262.598445,22.37973652,26.47816927
1503,1416,442.6111722,87.9247347,340.3499364
1899,1416,99.82069604,66.23371887,347.1803256
1763,1417,121.5361988,142.4293336,2349.006924
1840,1420,220.944462,29.51006268,39.55390267
1809,1421,721.0450059,33.2046264,112.1962211
1687,1421,202.537869,23.71435039,28.10646324
1879,1421,591.5561868,18.87561793,4.905481948
1773,1421,118.7153404,43.76684826,91.31024782
1461,1424,271.8671735,73.8439206,619.5317749
1455,1424,87.91891936,55.67041167,542.5552272
1650,1424,204.0247754,96.17864568,357.5091384
1687,1425,206.7817728,26.98992931,48.7367212
1879,1425,355.1775893,24.46110388,13.91776249
1482,1428,326.3905838,72.31407499,327.5779249
1861,1429,190.465174,62.87974875,619.58902
1672,1429,214.4162569,49.42171011,198.2228346
1598,1430,128.4185079,74.34773579,400.6620491
1634,1430,278.4213024,92.40098231,166.1116951
1780,1432,292.1981577,62.17709574,200.0730778
1600,1433,47.47870099,22.42349697,73.48908086
1556,1434,128.8478408,84.24438989,667.2252316
1592,1434,842.1301113,40.35579876,192.9260765
1536,1436,75.3913012,46.91413131,82.46435047
1800,1436,492.1675524,127.6521887,1490.065683
1815,1437,840.7492009,50.42608961,83.42019618
1691,1438,192.8683508,25.55891814,50.05472718
1494,1440,343.912667,74.1949417,1141.539113
1794,1440,150.5714891,42.10967341,366.6710484
1576,1441,204.5835141,47.28397073,121.6444094
1498,1441,134.646908,38.61570785,98.86546371
1618,1444,144.3851658,25.31038297,27.07087757
1660,1444,489.649266,56.50111403,217.993928
1583,1445,35.17514746,61.06668275,1005.294591
1601,1445,244.2100091,74.08594785,1303.798026
1554,1446,306.151458,67.50483715,511.7404952
1842,1446,283.5724244,34.55461509,99.75489774
1525,1447,499.7699857,20.95643683,9.746931604
1655,1448,240.3174388,56.02643053,109.2211295
1501,1450,429.1385636,6.718125057,1.466757553
1607,1451,399.3886062,85.4578217,681.1800078
1791,1453,450.6081625,33.67061366,153.0205442
1720,1455,482.5098221,60.86022847,572.713573
1718,1455,497.1539143,46.34935242,393.1211474
1481,1457,266.5969192,26.49964955,69.41309039
1772,1458,264.6919504,55.73507774,323.1587514
1892,1458,258.6585258,9.611523013,6.423129131
1871,1459,333.6727219,29.69855337,50.13676337
1526,1460,130.344717,34.01893146,46.90550341
1596,1461,749.0030862,59.5021848,363.3710771
1852,1461,364.0320042,97.00927779,1223.791051
1725,1462,371.2646003,27.39669263,42.05223771
1543,1462,216.6409876,97.32890171,1411.839924
1716,1464,361.8827805,46.21572326,157.9261067
1618,1465,178.4684952,15.99555435,7.602744858
1613,1466,233.4373266,38.13198746,199.6802442
1601,1466,119.9866129,73.82926596,811.4308922
1547,1466,157.6792198,77.71257885,1184.573419
1708,1467,217.0565691,54.74113404,261.9003271
1680,1467,515.8008297,60.22071584,352.8076666
1857,1468,331.9183729,44.81119903,91.963223
1483,1468,295.3729134,58.29881927,490.7406668
1760,1469,331.6213277,50.16361551,179.7032529
1649,1469,128.9108704,48.11979888,140.9290297
1838,1470,384.0532947,27.79353648,108.8528847
1700,1472,264.6919504,60.82946417,324.0457646
1802,1473,210.7439153,43.28224518,197.700681
1783,1474,254.1594452,73.82568083,505.6802793
1748,1476,208.3369127,89.85795208,355.7210719
1870,1476,165.6612501,39.52463162,94.66202691
1597,1477,177.8232773,19.24235992,23.52867521
1825,1477,692.1685752,46.41448387,190.8569812
1818,1479,268.654657,41.35820289,82.67577395
1567,1480,619.2347922,53.1944942,147.3423284
1836,1482,377.3276336,22.7955172,18.73974722
1586,1484,306.151458,61.78327303,113.9403667
1866,1485,191.610028,43.60242656,200.4506488
1653,1485,188.3873173,26.28742485,31.42835239
1720,1485,207.2705401,97.02830245,946.448856
1741,1486,590.6079178,102.0514725,920.8275637
1696,1486,55.09816775,12.51839046,13.83385717
1588,1486,801.2480006,52.62680758,122.2344217
1655,1487,707.1449913,88.28997101,990.3022553
1509,1488,156.5678457,25.62027339,15.08224028
1774,1491,231.3100941,51.33438381,809.1680989
1577,1493,219.9617365,70.26480557,393.8595651
1517,1493,282.5648445,33.79086924,199.5726086
1548,1494,343.1122796,33.11169326,277.5530349
1551,1494,687.8360725,32.32121752,28.25066594
1561,1495,156.9191198,31.77984727,60.94026429
1666,1495,496.9226817,20.9968187,17.12951884
1499,1496,373.131886,28.31788325,117.5692919
1694,1496,338.2898817,26.03289763,39.61467537
1656,1497,265.3431224,32.26551919,69.35491638
1881,1498,391.2296547,37.59844867,255.5149648
1769,1498,151.6435643,36.3331863,100.5736648
1782,1500,172.6089563,93.71274685,425.1076086
1802,1503,217.0565691,113.4734101,1286.493774
1524,1503,533.8246763,26.37579943,28.12740625
1619,1505,477.2200282,39.01852948,280.8921601
1520,1505,471.5659986,94.09607801,2316.094029
1816,1506,475.0777077,57.03740482,267.7074991
1518,1506,132.1639888,84.6903731,466.3501278
1754,1506,424.9001471,42.17981853,96.15441567
1776,1506,292.3245898,108.4788814,850.7605905
1545,1509,393.4139868,63.44607914,137.8995763
1728,1509,140.9939866,99.61206278,813.2249818
1692,1510,224.102953,59.70626091,235.6038139
1544,1511,228.4313563,30.15546295,53.22182094
1736,1512,436.6823745,45.44929868,517.036041
1816,1512,171.230722,59.31648411,1784.267367
1791,1513,573.3650639,96.86771133,1527.153791
1785,1513,165.7847642,122.1735109,1885.083691
1676,1514,692.1381772,55.73446282,223.1206914
1556,1514,85.52590926,106.7711978,820.7408077
1718,1515,225.8665103,46.39615444,305.169265
1686,1515,216.2480569,41.85533991,213.1151908
1804,1515,546.5316574,46.00100511,74.05909365
1627,1516,142.7582269,70.30900282,500.1937723
1606,1516,451.6068618,39.52551497,75.90249323
1632,1518,193.3788619,33.57326084,49.83869778
1713,1519,263.7923888,62.71653657,165.188776
1719,1519,239.9090691,44.15074819,166.8275525
1898,1521,291.2689636,34.92374352,100.5707648
1661,1521,228.971762,92.58740607,444.4085673
1793,1522,239.6687178,14.22101679,22.29395309
1735,1522,258.6585258,18.31403937,19.42738696
1556,1523,246.3397872,63.06172902,196.1047517
1876,1524,486.2760089,27.53849252,92.41006849
1848,1527,524.3790054,51.02063186,154.2301924
1746,1527,115.9472542,81.57360679,654.6605767
1803,1528,294.5395611,32.11955388,36.17869545
1855,1528,313.6144504,111.6033953,534.6630469
1700,1529,523.6733744,70.11779115,95.53098445
1679,1529,167.8305591,47.01151227,126.6587138
1883,1530,224.7686089,45.4459013,169.8741174
1892,1530,125.9860167,71.93357831,428.4549285
1742,1530,289.088139,45.09385551,212.2211387
1749,1531,334.0390916,32.09136889,187.364645
1632,1533,262.0605862,34.83312303,118.6489897
1590,1533,570.1147208,31.84114231,132.9007299
1741,1534,177.8232773,28.56353474,71.76640542
1733,1534,580.9478058,43.71057688,104.5838609
1559,1535,136.6603375,54.80214556,360.4933223
1543,1537,190.2139105,43.78311895,143.0294885
1859,1537,515.8008297,41.46957662,54.63213838
1731,1537,360.4129294,23.97940858,36.58726175
1616,1538,493.8097046,18.70597468,19.28045417
1786,1539,121.5361988,44.93698733,318.9687427
1666,1540,180.7566584,39.626628,144.0372325
1743,1543,397.9002526,23.31396335,20.59622255
1667,1544,187.2163337,83.12225778,251.2830761
1764,1545,351.0184233,9.963741639,5.025906796
1869,1549,359.9769757,40.89716107,147.7585101
1794,1551,72.80137814,121.8352806,991.3945104
1562,1553,489.2829804,44.77477421,324.2977962
1822,1554,195.6758962,50.97359989,451.4629007
1796,1554,355.1775893,31.47290327,170.4618176
1775,1555,209.6838488,49.4058176,183.2180356
1749,1555,263.3073136,97.53390307,864.2163267
1762,1557,452.5352497,35.93889918,80.72526476
1590,1560,242.8317595,67.72341251,417.1117364
1789,1561,461.4879763,83.31850369,305.4671618
1621,1561,240.4600735,146.2564221,1060.664546
1823,1563,230.4534382,122.6074879,1999.732468
1568,1565,104.1724733,65.83909432,575.8043987
1902,1566,135.5061889,47.74749235,103.8648695
1858,1566,184.9290569,57.55217557,289.3772048
1612,1567,260.6296374,25.14068448,30.26549069
1658,1568,196.181938,73.10681038,128.6233731
1784,1569,202.2388926,73.56584601,541.1721225
1796,1569,342.4608015,40.50603503,185.1898132
1624,1570,187.4754102,45.05248546,158.4292301
1871,1570,217.7648686,55.0780259,172.3365001
1646,1571,258.5427268,71.68039691,415.3804279
1765,1573,176.9975815,42.4586824,40.48135186
1661,1574,141.5105432,25.8896283,39.61871077
1611,1575,668.0776837,22.62857478,58.41549925
1769,1576,328.3410563,28.90955124,74.53792358
1680,1578,489.2733294,36.48291855,88.23742311
1830,1578,432.8706539,79.39635485,280.1292185
1882,1581,324.4893922,80.14279568,684.8094302
1626,1581,373.131886,75.60797973,556.5008892
1807,1582,254.1127514,24.23857011,40.18456539
1869,1582,267.747214,51.32799313,156.1654089
1891,1584,680.4449547,8.532039612,4.834858239
1810,1584,306.8026256,33.92293392,123.0002927
1611,1585,149.972783,40.03843526,241.296134
1867,1585,264.9215759,115.3920777,1840.752981
1670,1586,401.7579184,147.7748811,738.7621486
1752,1587,453.2407947,9.184735231,4.551737381
1733,1588,423.7185614,106.7904082,1193.734042
1701,1590,323.9710536,42.77276011,182.6960478
1681,1591,454.6575978,71.63796263,495.0916074
1735,1591,412.4430027,18.5632181,20.12579205
1756,1593,221.6576455,101.0055071,571.0196995
1638,1593,377.7116309,50.16738235,620.7710326
1652,1595,202.3707534,45.96368762,270.2350521
1787,1597,669.8970705,41.66144989,175.5251544
1694,1598,214.0077479,17.19548401,17.05824672
1634,1598,217.3714357,82.78345333,399.6111583
1806,1599,178.8512672,52.90130529,171.3379882
1666,1600,70.09905097,28.26753661,95.13578117
1708,1602,506.2930459,58.02860325,280.621375
1727,1603,297.2870218,45.03829221,275.0372414
1654,1603,309.8606787,65.44359133,248.5538514
1711,1606,207.4835165,35.59107229,58.84175836
1900,1610,705.3001686,57.78851531,1193.587675
1716,1611,269.2993226,87.17379014,631.9977902
1697,1613,99.71412546,96.53449376,1028.01282
1807,1615,221.0540974,209.4087568,2771.633117
1631,1616,72.80137814,36.0956893,46.59714396
1891,1617,334.255527,50.27324893,260.4998512
1662,1620,213.9587435,46.98862824,168.2451103
1706,1620,209.6838488,62.17282403,310.7659907
1786,1623,204.0945777,18.89255746,142.5562474
1652,1625,263.744653,30.8107899,102.2466485
1665,1626,359.9666165,106.728509,1421.52241
1812,1626,257.6165547,41.35603465,158.5375548
1837,1630,378.0341955,60.92036777,383.3679241
1754,1632,221.6576455,77.48250408,567.6484169
1765,1633,178.8512672,63.27722357,332.871063
1676,1634,233.5138767,70.00622167,444.7162699
1650,1635,184.8482131,47.74749719,187.7569324
1771,1636,328.9752251,58.99279911,407.0776487
1831,1636,345.9457422,37.73422021,86.6533168
1682,1637,668.3247262,28.55894492,16.73595592
1792,1638,317.2509976,93.12299445,435.6722932
1664,1640,286.001407,33.65875883,24.44958777
1897,1641,204.5835141,134.5785225,2840.558396
1813,1642,187.8496967,34.54162363,45.50119928
1752,1644,397.8612813,35.12691661,81.03436152
1865,1644,187.2163337,50.69724925,82.41242049
1743,1645,457.9463294,86.13347383,659.0225799
1725,1645,422.153996,35.46124096,65.68006842
1852,1650,169.0187841,126.9768292,2152.494235
1664,1652,223.9757753,49.67914296,79.71288931
1840,1653,504.55078,61.66538316,174.3444061
1712,1656,377.7116309,38.52534962,202.0556171
1881,1657,346.428343,55.28208804,331.0950307
1693,1657,190.094371,138.262742,2407.416372
1902,1659,235.7656418,57.5608596,134.5047597
1751,1660,346.864784,54.96668744,85.12781466
1776,1662,377.2787873,49.50340349,431.9835341
1754,1662,408.4159668,99.29337573,855.7336791
1723,1666,198.9224164,73.3432648,369.340808
1683,1668,215.2489947,41.23505712,576.1204656
1843,1669,185.8481412,105.6337531,1167.300443
1789,1669,342.5584141,89.55295378,867.2923826
1683,1671,268.9371816,46.50676493,136.3233905
1775,1672,206.4148079,53.24119347,138.5529196
1697,1673,192.5309698,33.99360303,83.89266064
1894,1674,346.864784,31.19805376,68.84897879
1743,1675,270.7760379,33.78651942,50.53500533
1811,1678,303.3538764,49.82642403,129.5362128
1892,1680,802.9901462,37.16583528,155.6202141
1742,1680,419.0126428,75.7965984,454.1466058
1721,1681,1256.785563,80.48925941,706.2059482
1741,1684,1094.768275,49.93454797,346.1650258
1893,1686,1347.101366,37.57549073,187.2551238
1746,1686,361.2263483,39.25833628,97.32560405
1704,1689,185.2001801,42.12997912,177.7835103
1832,1689,135.6962011,43.70051624,195.8506282
1863,1693,494.2698699,29.79528415,63.98503018
1730,1695,460.0505267,77.03613976,191.2803404
1833,1696,433.4131552,26.77076385,42.59150279
1725,1699,623.444819,40.4016467,125.7780599
1754,1701,506.4234417,67.15452892,242.4380571
1706,1701,170.1116038,35.92734656,132.8866797
1707,1702,529.9806573,34.65606272,112.6579756
1715,1702,178.2929619,73.48975829,607.0738123
1734,1704,209.0161457,13.82696669,10.02129732
1711,1705,183.4428966,42.03526304,84.81850704
1753,1705,263.5666066,43.22640991,244.5193961
1831,1707,384.2466743,53.93195968,242.4693041
1830,1708,160.0071722,50.51970983,314.7626578
1737,1709,315.6747602,12.82040412,5.85734133
1767,1709,122.4514347,61.52400811,440.9735725
1844,1710,385.6960962,93.20271915,464.8345141
1778,1712,376.9232366,17.65654172,18.69301212
1733,1713,486.9886092,64.2850857,377.8403639
1845,1717,175.0290221,25.18230264,56.70541633
1843,1719,277.6931987,53.0077059,430.1735883
1849,1721,346.428343,44.2584758,42.75406882
1839,1721,643.5875973,65.22853955,155.1138086
1740,1722,235.8986614,50.58687021,317.4380436
1771,1723,219.9617365,55.39157973,200.8890725
1886,1726,373.1522537,26.13820603,33.45690809
1755,1727,301.2333071,58.55343419,412.2090378
1864,1730,529.9806573,70.45970668,253.8200781
1901,1730,418.0323562,40.97378642,228.5283048
1795,1737,123.8118697,23.80994995,43.29989472
1896,1738,486.9886092,43.56042826,125.5334993
1757,1739,209.102316,33.10993079,243.5974814
1863,1739,132.7687755,39.07175876,107.9106478
1841,1739,333.6727219,49.8105729,228.0052774
1850,1744,468.1656135,39.96525059,136.9348307
1844,1744,671.3528571,37.33527808,92.44984606
1769,1745,254.9241698,31.57724421,107.1081097
1881,1751,568.33417,23.68173905,53.4069746
1801,1752,473.9405049,61.58809703,367.9167204
1805,1755,416.2501855,89.49149369,1186.924828
1846,1762,171.230722,27.72554153,24.80923566
1867,1763,386.9601822,50.17902275,317.7542155
1836,1764,214.0720687,55.10713443,186.6767025
1837,1767,292.1981577,150.2900909,3062.419895
1872,1768,135.7444148,50.28301142,167.2199747
1868,1772,312.7803781,75.9160526,476.3638432
1776,1772,36.33843609,53.91708406,227.0295743
1807,1777,333.3397906,82.66112836,628.9263587
1817,1777,54.45037656,173.7467249,1004.55808
1848,1778,389.4559332,35.29876764,232.9753796
1801,1779,317.9548827,24.79311463,37.78268416
1838,1784,312.851384,29.73387654,100.1799399
1791,1785,190.6074406,91.75655071,648.4927338
1855,1785,141.5105432,39.50470482,145.4756438
1839,1793,359.5288499,15.86507145,19.07475388
1898,1794,270.8857278,41.19502587,167.3674264
1842,1796,119.4115022,70.66832906,626.3035884
1890,1798,206.4148079,54.48753604,108.7236334
1865,1801,362.2485348,38.41153878,60.95703087
1815,1803,191.7025627,40.19790001,142.6036675
1887,1806,176.3519447,72.27596261,390.1279464
1812,1806,275.036403,56.35750588,286.6750544
1832,1806,210.7439153,54.42756551,246.1519042
1838,1810,246.3397872,146.2931173,2449.939089
1822,1810,113.957383,35.47327476,259.5040704
1896,1812,455.0742964,32.53983864,96.4464458
1837,1813,707.8222892,40.71434417,88.7115172
1884,1818,230.4534382,35.1074844,58.14211191
1850,1820,521.1901335,51.19429384,138.351895
1889,1826,163.3458078,34.2850155,53.24265629
1896,1832,173.3499564,50.41100165,208.9675233
1866,1840,202.537869,31.98333303,88.48583061
1859,1841,424.7857158,12.70196693,2.105777843
1860,1842,259.9764319,33.67324775,106.8144146
1897,1844,393.1233908,43.72500541,265.3776381
1893,1848,234.4148446,23.62802801,36.40574153
1862,1854,411.048334,41.13688318,188.9735096
1868,1854,219.2840124,65.64485353,1159.558556
1862,1856,373.1021372,27.22104853,49.42580311
1883,1868,208.3333427,64.61341418,559.6086948
1873,1869,468.7319331,68.81968044,269.7704735
1894,1872,289.4732103,53.62509249,116.6754716
1885,1878,360.1234879,61.624115,873.562178
1886,1882,256.113864,127.0872787,2190.496445
